destination_port,flow_duration,total_fwd_packets,total_backward_packets,total_length_of_fwd_packets,total_length_of_bwd_packets,fwd_packet_length_max,fwd_packet_length_min,fwd_packet_length_mean,fwd_packet_length_std,bwd_packet_length_max,bwd_packet_length_min,bwd_packet_length_mean,bwd_packet_length_std,flow_bytess,flow_packetss,flow_iat_mean,flow_iat_std,flow_iat_max,flow_iat_min,fwd_iat_total,fwd_iat_mean,fwd_iat_std,fwd_iat_max,fwd_iat_min,bwd_iat_total,bwd_iat_mean,bwd_iat_std,bwd_iat_max,bwd_iat_min,fwd_psh_flags,bwd_psh_flags,fwd_urg_flags,bwd_urg_flags,fwd_header_length,bwd_header_length,fwd_packetss,bwd_packetss,min_packet_length,max_packet_length,packet_length_mean,packet_length_std,packet_length_variance,fin_flag_count,syn_flag_count,rst_flag_count,psh_flag_count,ack_flag_count,urg_flag_count,cwe_flag_count,ece_flag_count,downup_ratio,average_packet_size,avg_fwd_segment_size,avg_bwd_segment_size,fwd_header_length1,fwd_avg_bytesbulk,fwd_avg_packetsbulk,fwd_avg_bulk_rate,bwd_avg_bytesbulk,bwd_avg_packetsbulk,bwd_avg_bulk_rate,subflow_fwd_packets,subflow_fwd_bytes,subflow_bwd_packets,subflow_bwd_bytes,init_win_bytes_forward,init_win_bytes_backward,act_data_pkt_fwd,min_seg_size_forward,active_mean,active_std,active_max,active_min,idle_mean,idle_std,idle_max,idle_min,label,attack_type,y
2047,54,1,1,2,6,2,2,2.0,0.0,6,6,6.0,0.0,148148.1481,37037.03704,54.0,0.0,54,54,0,0.0,0.0,0,0,0,0.0,0.0,0,0,0,0,0,0,24,20,18518.51852,18518.51852,2,6,3.333333333,2.309401077,5.333333333,0,0,0,1,0,0,0,0,1,5.0,2.0,6.0,24,0,0,0,0,0,0,1,2,1,6,1024,0,0,24,0.0,0.0,0,0,0.0,0.0,0,0,portscan,portscan,1
50636,69,1,1,2,6,2,2,2.0,0.0,6,6,6.0,0.0,115942.029,28985.50725,69.0,0.0,69,69,0,0.0,0.0,0,0,0,0.0,0.0,0,0,0,0,0,0,24,20,14492.75362,14492.75362,2,6,3.333333333,2.309401077,5.333333333,0,0,0,1,0,0,0,0,1,5.0,2.0,6.0,24,0,0,0,0,0,0,1,2,1,6,1024,0,0,24,0.0,0.0,0,0,0.0,0.0,0,0,portscan,portscan,1
80,2004921,4,0,24,0,6,6,6.0,0.0,0,0,0.0,0.0,11.97054647,1.995091078,668307.0,1157537.349,2004916,1,2004921,668307.0,1157537.349,2004916,1,0,0.0,0.0,0,0,0,0,0,0,80,0,1.995091078,0.0,6,6,6.0,0.0,0.0,0,0,0,0,1,0,0,0,0,7.5,6.0,0.0,80,0,0,0,0,0,0,4,24,0,0,256,-1,3,20,0.0,0.0,0,0,0.0,0.0,0,0,ddos,ddos,1
10628,43,1,1,2,6,2,2,2.0,0.0,6,6,6.0,0.0,186046.5116,46511.62791,43.0,0.0,43,43,0,0.0,0.0,0,0,0,0.0,0.0,0,0,0,0,0,0,24,20,23255.81395,23255.81395,2,6,3.333333333,2.309401077,5.333333333,0,0,0,1,0,0,0,0,1,5.0,2.0,6.0,24,0,0,0,0,0,0,1,2,1,6,1024,0,0,24,0.0,0.0,0,0,0.0,0.0,0,0,portscan,portscan,1
443,6302050,9,7,954,3472,590,0,106.0,195.6706416405,1505,0,496.0,689.6462861496,702.3111527201,2.5388564039,420136.666666667,1459950.84102727,5688752,85,6302050,787756.25,1991516.85655617,5709375,85,5892750,982125.0,2317010.15135851,5711324,206,0,0,0,0,192,152,1.4281067272,1.1107496767,0,1505,260.3529411765,489.3159691315,239430.117647059,0,0,0,1,0,0,0,0,0,276.625,106.0,496.0,192,0,0,0,0,0,0,9,954,7,3472,8192,114,8,20,254976.0,0.0,254976,254976,5688752.0,0.0,5688752,5688752,benign,benign,0
443,63542,10,5,527,4856,192,0,52.7,77.2097431963,2896,0,971.2,1227.7537212324,84715.6211639546,236.0643354002,4538.7142857143,8480.7854174424,24245,19,63542,7060.2222222222,10281.7616654173,25685,63,27461,6865.25,11705.1492764225,24402,211,0,0,0,0,328,168,157.3762236001,78.6881118001,0,2896,336.4375,775.2868689502,601069.729166667,0,0,0,1,0,0,0,0,0,358.8666666667,52.7,971.2,328,0,0,0,0,0,0,10,527,5,4856,29200,285,4,32,0.0,0.0,0,0,0.0,0.0,0,0,benign,benign,0
80,1255014,3,6,26,11601,20,0,8.666666667,10.26320288,5840,0,1933.5,2189.772933,9264.438484,7.171234743,156876.75,441695.3537,1250012,28,4684,2342.0,2370.221931,4018,666,1254936,250987.2,558475.3001,1250012,46,0,0,0,0,72,132,2.390411581,4.780823162,0,5840,1162.7,1911.59573,3654198.233,0,0,0,1,0,0,0,0,2,1291.888889,8.666666667,1933.5,72,0,0,0,0,0,0,3,26,6,11601,8192,229,2,20,0.0,0.0,0,0,0.0,0.0,0,0,ddos,ddos,1
9100,18,1,1,2,6,2,2,2.0,0.0,6,6,6.0,0.0,444444.4444,111111.1111,18.0,0.0,18,18,0,0.0,0.0,0,0,0,0.0,0.0,0,0,0,0,0,0,24,20,55555.55556,55555.55556,2,6,3.333333333,2.309401077,5.333333333,0,0,0,1,0,0,0,0,1,5.0,2.0,6.0,24,0,0,0,0,0,0,1,2,1,6,1024,0,0,24,0.0,0.0,0,0,0.0,0.0,0,0,portscan,portscan,1
443,6395824,6,7,1154,458,574,0,192.3333333333,274.7672954823,251,2,65.4285714286,98.6945745602,252.0394557449,2.032576256,532985.333333333,1792319.00692388,6223895,2,171926,34385.2,31632.2380997615,66188,116,6343585,1057264.16666667,2537717.17506907,6237084,2,0,0,0,0,132,144,0.9381121182,1.0944641378,0,574,115.1428571429,196.5544970986,38633.6703296703,0,0,0,1,0,0,0,0,1,124.0,192.3333333333,65.4285714286,132,0,0,0,0,0,0,6,1154,7,458,8192,16646,5,20,171926.0,0.0,171926,171926,6223895.0,0.0,6223895,6223895,benign,benign,0
14441,48,1,1,2,6,2,2,2.0,0.0,6,6,6.0,0.0,166666.6667,41666.66667,48.0,0.0,48,48,0,0.0,0.0,0,0,0,0.0,0.0,0,0,0,0,0,0,24,20,20833.33333,20833.33333,2,6,3.333333333,2.309401077,5.333333333,0,0,0,1,0,0,0,0,1,5.0,2.0,6.0,24,0,0,0,0,0,0,1,2,1,6,1024,0,0,24,0.0,0.0,0,0,0.0,0.0,0,0,portscan,portscan,1
443,119798857,53,72,4974,83578,661,0,93.8490566038,198.6131140827,2920,0,1160.8055555556,611.4816141764,739.1723278295,1.0434156313,966119.814516129,2839596.99131479,10013615,1,119798857,2303824.17307692,4158159.73561115,10265745,124,109539708,1542812.78873239,3568194.37218237,10269981,1,0,0,0,0,1072,1452,0.4424082277,0.6010074036,0,2920,702.7936507937,714.7009144246,510797.397079365,0,0,0,1,0,0,0,0,1,708.416,93.8490566038,1160.8055555556,1072,0,0,0,0,0,0,53,4974,72,83578,8192,9102,52,20,891755.636363636,2126816.58258648,7304307,238436,9999049.54545455,16805.0109453322,10013615,9950635,benign,benign,0
80,25370,3,5,26,11607,20,0,8.666666667,10.26320288,7215,0,2321.4,3327.769794,458533.7012,315.3330706,3624.285714,9121.138484,24299,4,922,461.0,564.2712114,860,62,25323,6330.75,11986.76566,24299,4,0,0,0,0,72,112,118.2499015,197.0831691,0,7215,1292.555556,2650.585648,7025604.278,0,0,0,1,0,0,0,0,1,1454.125,8.666666667,2321.4,72,0,0,0,0,0,0,3,26,5,11607,8192,229,2,20,0.0,0.0,0,0,0.0,0.0,0,0,ddos,ddos,1
80,912273,3,5,26,11601,20,0,8.666666667,10.26320288,8760,0,2320.2,3668.897,12745.08837,8.769304802,130324.7143,338902.2674,898809,53,12878,6439.0,8992.984043,12798,80,912220,228055.0,447209.231,898809,191,0,0,0,0,72,112,3.288489301,5.480815502,0,8760,1291.888889,2866.607422,8217438.111,0,0,0,1,0,0,0,0,1,1453.375,8.666666667,2320.2,72,0,0,0,0,0,0,3,26,5,11601,8192,229,2,20,0.0,0.0,0,0,0.0,0.0,0,0,ddos,ddos,1
62505,3,2,0,37,0,31,6,18.5,17.6776695297,0,0,0.0,0.0,12333333.3333333,666666.666666667,3.0,0.0,3,3,3,3.0,0.0,3,3,0,0.0,0.0,0,0,1,0,0,0,40,0,666666.666666667,0.0,6,31,22.6666666667,14.4337567297,208.3333333333,0,1,0,0,1,0,0,0,0,34.0,18.5,0.0,40,0,0,0,0,0,0,2,37,0,0,946,-1,1,20,0.0,0.0,0,0,0.0,0.0,0,0,benign,benign,0
80,190584,3,5,26,11607,20,0,8.666666667,10.26320288,7215,0,2321.4,3327.769794,61038.70209,41.97624145,27226.28571,71520.29677,189418,8,887,443.5,536.6940469,823,64,190524,47631.0,94525.46266,189418,8,0,0,0,0,72,112,15.74109054,26.2351509,0,7215,1292.555556,2650.585648,7025604.278,0,0,0,1,0,0,0,0,1,1454.125,8.666666667,2321.4,72,0,0,0,0,0,0,3,26,5,11607,8192,229,2,20,0.0,0.0,0,0,0.0,0.0,0,0,ddos,ddos,1
80,1152434,4,0,24,0,6,6,6.0,0.0,0,0,0.0,0.0,20.82548762,3.470914603,384144.6667,664782.1855,1151769,205,1152434,384144.6667,664782.1855,1151769,205,0,0.0,0.0,0,0,0,0,0,0,80,0,3.470914603,0.0,6,6,6.0,0.0,0.0,0,0,0,0,1,0,0,0,0,7.5,6.0,0.0,80,0,0,0,0,0,0,4,24,0,0,256,-1,3,20,0.0,0.0,0,0,0.0,0.0,0,0,ddos,ddos,1
6389,43,1,1,2,6,2,2,2.0,0.0,6,6,6.0,0.0,186046.5116,46511.62791,43.0,0.0,43,43,0,0.0,0.0,0,0,0,0.0,0.0,0,0,0,0,0,0,24,20,23255.81395,23255.81395,2,6,3.333333333,2.309401077,5.333333333,0,0,0,1,0,0,0,0,1,5.0,2.0,6.0,24,0,0,0,0,0,0,1,2,1,6,1024,0,0,24,0.0,0.0,0,0,0.0,0.0,0,0,portscan,portscan,1
80,62088,3,4,26,11601,20,0,8.666666667,10.26320288,8760,0,2900.25,4128.319301,187266.4605,112.7432032,10348.0,23457.88817,58151,33,3659,1829.5,2409.112804,3533,126,62055,20685.0,32494.42357,58151,188,0,0,0,0,72,92,48.31851566,64.42468754,0,8760,1453.375,3113.952607,9696700.839,0,0,0,1,0,0,0,0,1,1661.0,8.666666667,2900.25,72,0,0,0,0,0,0,3,26,4,11601,8192,229,2,20,0.0,0.0,0,0,0.0,0.0,0,0,ddos,ddos,1
443,2345770,2,0,12,0,6,6,6.0,0.0,0,0,0.0,0.0,5.1155910426,0.8525985071,2345770.0,0.0,2345770,2345770,2345770,2345770.0,0.0,2345770,2345770,0,0.0,0.0,0,0,0,0,0,0,40,0,0.8525985071,0.0,6,6,6.0,0.0,0.0,0,0,0,0,1,0,0,0,0,9.0,6.0,0.0,40,0,0,0,0,0,0,2,12,0,0,251,-1,1,20,0.0,0.0,0,0,0.0,0.0,0,0,benign,benign,0
80,1620663,3,4,26,11607,20,0,8.666666667,10.26320288,11595,0,2901.75,5795.50069,7177.926565,4.319219974,270110.5,661201.8303,1619783,5,799,399.5,497.0960672,751,48,1620550,540183.3333,934960.8139,1619783,5,0,0,0,0,72,92,1.851094274,2.468125699,0,11595,1454.125,4097.537534,16800000.0,0,0,0,1,0,0,0,0,1,1661.857143,8.666666667,2901.75,72,0,0,0,0,0,0,3,26,4,11607,8192,229,2,20,0.0,0.0,0,0,0.0,0.0,0,0,ddos,ddos,1
53,54950,1,1,53,113,53,53,53.0,0.0,113,113,113.0,0.0,3020.9281164695,36.3967242948,54950.0,0.0,54950,54950,0,0.0,0.0,0,0,0,0.0,0.0,0,0,0,0,0,0,32,32,18.1983621474,18.1983621474,53,113,73.0,34.6410161514,1200.0,0,0,0,0,0,0,0,0,1,109.5,53.0,113.0,32,0,0,0,0,0,0,1,53,1,113,-1,-1,0,32,0.0,0.0,0,0,0.0,0.0,0,0,benign,benign,0
80,793372,3,5,26,11601,20,0,8.666666667,10.26320288,8760,0,2320.2,3668.897,14655.16807,10.08354215,113338.8571,297028.8952,786922,74,5803,2901.5,3826.154793,5607,196,793278,198319.5,392410.2292,786922,189,0,0,0,0,72,112,3.781328305,6.302213842,0,8760,1291.888889,2866.607422,8217438.111,0,0,0,1,0,0,0,0,1,1453.375,8.666666667,2320.2,72,0,0,0,0,0,0,3,26,5,11601,8192,229,2,20,0.0,0.0,0,0,0.0,0.0,0,0,ddos,ddos,1
80,41178689,9,9,467,1975,431,0,51.8888888889,142.190404427,1963,0,219.4444444444,653.8384951789,59.3025193201,0.437119307,2422275.82352941,4340019.52691269,10001687,27,40121581,5015197.625,5348079.43375574,10024667,1825,41154376,5144297.0,5227382.18185098,10026202,660,0,0,0,0,204,252,0.2185596535,0.2185596535,0,1963,128.5263157895,454.9454629612,206975.374269006,0,0,0,1,0,0,0,0,1,135.6666666667,51.8888888889,219.4444444444,204,0,0,0,0,0,0,9,467,9,1975,8192,946,7,20,29783.0,13580.1701756642,50153,22917,10000612.25,922.0265270949,10001687,9999439,benign,benign,0
54328,34,1,1,2,6,2,2,2.0,0.0,6,6,6.0,0.0,235294.1176,58823.52941,34.0,0.0,34,34,0,0.0,0.0,0,0,0,0.0,0.0,0,0,0,0,0,0,24,20,29411.76471,29411.76471,2,6,3.333333333,2.309401077,5.333333333,0,0,0,1,0,0,0,0,1,5.0,2.0,6.0,24,0,0,0,0,0,0,1,2,1,6,1024,0,0,24,0.0,0.0,0,0,0.0,0.0,0,0,portscan,portscan,1
443,67516263,25,32,2404,28221,373,0,96.16,151.381053416,4380,0,881.90625,1162.0593333188,453.5944176887,0.8442410386,1205647.55357143,3114472.00650056,10009472,1,63690021,2653750.875,4450205.38202886,10234429,60,67289915,2170642.41935484,4067538.48991247,10234882,1,0,0,0,0,512,724,0.3702811573,0.4739598813,0,4380,528.0172413793,949.2448058599,901065.701451906,0,0,0,1,0,0,0,0,1,537.2807017544,96.16,881.90625,512,0,0,0,0,0,0,25,2404,32,28221,8192,173,24,20,607480.833333333,935942.980660984,2517966,224900,10007522.6666667,3686.9797757334,10009472,10000110,benign,benign,0
443,90080508,3,3,18,0,6,6,6.0,0.0,0,0,0.0,0.0,0.1998212532,0.0666070844,18016101.6,24637882.9402052,45008708,23059,90057446,45028723.0,4304.8660838637,45031767,45025679,90057449,45028724.5,4625.1854557412,45031995,45025454,0,0,0,0,60,96,0.0333035422,0.0333035422,0,6,3.4285714286,3.2071349029,10.2857142857,0,0,0,0,1,0,0,0,1,4.0,6.0,0.0,60,0,0,0,0,0,0,3,18,3,0,252,1585,2,20,23173.0,161.2203461105,23287,23059,45005550.0,4466.0864299742,45008708,45002392,benign,benign,0
443,120730,13,11,1302,4137,675,0,100.1538461538,184.7565272432,1410,0,376.0909090909,546.7693214776,45050.9401143046,198.7906899694,5249.1304347826,8618.5663451557,22313,1,120730,10060.8333333333,10220.442419114,23404,4,84962,8496.2,13739.1445860197,37450,1,0,0,0,0,272,232,107.6782904001,91.1123995693,0,1410,217.56,403.2248214913,162590.256666667,0,0,0,1,0,0,0,0,0,226.625,100.1538461538,376.0909090909,272,0,0,0,0,0,0,13,1302,11,4137,8192,124,12,20,0.0,0.0,0,0,0.0,0.0,0,0,benign,benign,0
80,1023449,3,5,26,11601,20,0,8.666666667,10.26320288,8760,0,2320.2,3668.897,11360.60517,7.81670606,146207.0,384373.0808,1017872,38,5410,2705.0,3737.766445,5348,62,1023390,255847.5,508022.5341,1017872,48,0,0,0,0,72,112,2.931264772,4.885441287,0,8760,1291.888889,2866.607422,8217438.111,0,0,0,1,0,0,0,0,1,1453.375,8.666666667,2320.2,72,0,0,0,0,0,0,3,26,5,11601,8192,229,2,20,0.0,0.0,0,0,0.0,0.0,0,0,ddos,ddos,1
1034,43,1,1,2,6,2,2,2.0,0.0,6,6,6.0,0.0,186046.5116,46511.62791,43.0,0.0,43,43,0,0.0,0.0,0,0,0,0.0,0.0,0,0,0,0,0,0,24,20,23255.81395,23255.81395,2,6,3.333333333,2.309401077,5.333333333,0,0,0,1,0,0,0,0,1,5.0,2.0,6.0,24,0,0,0,0,0,0,1,2,1,6,1024,0,0,24,0.0,0.0,0,0,0.0,0.0,0,0,portscan,portscan,1
53,66183,1,1,53,119,53,53,53.0,0.0,119,119,119.0,0.0,2598.8546907816,30.2192405905,66183.0,0.0,66183,66183,0,0.0,0.0,0,0,0,0.0,0.0,0,0,0,0,0,0,20,20,15.1096202952,15.1096202952,53,119,75.0,38.1051177665,1452.0,0,0,0,0,0,0,0,0,1,112.5,53.0,119.0,20,0,0,0,0,0,0,1,53,1,119,-1,-1,0,20,0.0,0.0,0,0,0.0,0.0,0,0,benign,benign,0
62396,1,2,0,247,0,216,31,123.5,130.8147545195,0,0,0.0,0.0,247000000.0,2000000.0,1.0,0.0,1,1,1,1.0,0.0,1,1,0,0.0,0.0,0,0,1,0,0,0,40,0,2000000.0,0.0,31,216,154.3333333333,106.8097998001,11408.3333333333,0,1,0,0,1,0,0,0,0,231.5,123.5,0.0,40,0,0,0,0,0,0,2,247,0,0,237,-1,1,20,0.0,0.0,0,0,0.0,0.0,0,0,benign,benign,0
5221,70,1,1,2,6,2,2,2.0,0.0,6,6,6.0,0.0,114285.7143,28571.42857,70.0,0.0,70,70,0,0.0,0.0,0,0,0,0.0,0.0,0,0,0,0,0,0,24,20,14285.71429,14285.71429,2,6,3.333333333,2.309401077,5.333333333,0,0,0,1,0,0,0,0,1,5.0,2.0,6.0,24,0,0,0,0,0,0,1,2,1,6,1024,0,0,24,0.0,0.0,0,0,0.0,0.0,0,0,portscan,portscan,1
443,14727933,9,8,1043,7127,517,0,115.8888888889,193.4466621865,3304,0,890.875,1261.860014593,554.7282161047,1.1542692379,920495.8125,2674788.37409041,9999958,29,10128698,1266087.25,3529041.54904334,9999958,78,14697961,2099708.71428571,3886503.64329894,10030773,194,0,0,0,0,192,184,0.6110837142,0.5431855237,0,3304,453.8888888889,914.1783124359,835721.986928104,0,0,0,1,0,0,0,0,0,480.5882352941,115.8888888889,890.875,192,0,0,0,0,0,0,9,1043,8,7127,8192,114,8,20,128740.0,0.0,128740,128740,9999958.0,0.0,9999958,9999958,benign,benign,0
80,818966,5,0,30,0,6,6,6.0,0.0,0,0,0.0,0.0,36.63155735,6.105259559,204741.5,408155.9432,816975,4,818966,204741.5,408155.9432,816975,4,0,0.0,0.0,0,0,0,0,0,0,100,0,6.105259559,0.0,6,6,6.0,0.0,0.0,0,0,0,0,1,0,0,0,0,7.2,6.0,0.0,100,0,0,0,0,0,0,5,30,0,0,256,-1,4,20,0.0,0.0,0,0,0.0,0.0,0,0,ddos,ddos,1
443,139189,5,5,785,528,497,0,157.0,211.9917451223,354,0,105.6,149.4366086339,9433.2167053431,71.8447578472,15465.4444444444,18191.1287933921,39249,4,105387,26346.75,17750.0299788479,39249,95,106704,26676.0,34282.5100209033,72458,4,0,0,0,0,112,108,35.9223789236,35.9223789236,0,497,119.3636363636,170.6940378146,29136.4545454545,0,0,0,1,0,0,0,0,1,131.3,157.0,105.6,112,0,0,0,0,0,0,5,785,5,528,8192,31088,4,20,0.0,0.0,0,0,0.0,0.0,0,0,benign,benign,0
53,103490743,2,2,106,358,59,47,53.0,8.4852813742,230,128,179.0,72.124891681,4.4834927893,0.0386507999,34496914.3333333,59643580.6387711,103367389,60780,103428169,103428169.0,0.0,103428169,103428169,103429963,103429963.0,0.0,103429963,103429963,0,0,0,0,40,52,0.0193254,0.0193254,47,230,102.2,78.9917717234,6239.7,0,0,0,0,0,0,0,0,1,127.75,53.0,179.0,40,0,0,0,0,0,0,2,106,2,358,-1,-1,1,20,60780.0,0.0,60780,60780,103367389.0,0.0,103367389,103367389,benign,benign,0
53,94737618,2,2,111,206,56,55,55.5,0.7071067812,112,94,103.0,12.7279220614,3.3460837067,0.0422218764,31579206.0,54611962.9444642,94639669,47827,94689791,94689791.0,0.0,94689791,94689791,94687496,94687496.0,0.0,94687496,94687496,0,0,0,0,40,52,0.0211109382,0.0211109382,55,112,74.6,26.6983145535,712.8,0,0,0,0,0,0,0,0,1,93.25,55.5,103.0,40,0,0,0,0,0,0,2,111,2,206,-1,-1,1,20,50122.0,0.0,50122,50122,94639669.0,0.0,94639669,94639669,benign,benign,0
123,67112093,2,2,96,96,48,48,48.0,0.0,48,48,48.0,0.0,2.8608852953,0.059601777,22370697.6666667,38553533.8854254,66888484,111606,67000090,67000090.0,0.0,67000090,67000090,67000487,67000487.0,0.0,67000487,67000487,0,0,0,0,40,40,0.0298008885,0.0298008885,48,48,48.0,0.0,0.0,0,0,0,0,0,0,0,0,1,60.0,48.0,48.0,40,0,0,0,0,0,0,2,96,2,96,-1,-1,1,20,111606.0,0.0,111606,111606,66888484.0,0.0,66888484,66888484,benign,benign,0
49794,311,3,0,43,0,31,6,14.3333333333,14.4337567297,0,0,0.0,0.0,138263.665594855,9646.3022508039,155.5,215.6675682619,308,3,311,155.5,215.6675682619,308,3,0,0.0,0.0,0,0,0,0,0,0,60,0,9646.3022508039,0.0,6,31,12.25,12.5,156.25,0,0,0,0,1,0,0,0,0,16.3333333333,14.3333333333,0.0,60,0,0,0,0,0,0,3,43,0,0,110,-1,2,20,0.0,0.0,0,0,0.0,0.0,0,0,benign,benign,0
51659,647811,2,0,12,0,6,6,6.0,0.0,0,0,0.0,0.0,18.5239213289,3.0873202215,647811.0,0.0,647811,647811,647811,647811.0,0.0,647811,647811,0,0.0,0.0,0,0,0,0,0,0,40,0,3.0873202215,0.0,6,6,6.0,0.0,0.0,0,0,0,0,1,0,0,0,0,9.0,6.0,0.0,40,0,0,0,0,0,0,2,12,0,0,11256,-1,1,20,0.0,0.0,0,0,0.0,0.0,0,0,benign,benign,0
2811,50,1,1,2,6,2,2,2.0,0.0,6,6,6.0,0.0,160000.0,40000.0,50.0,0.0,50,50,0,0.0,0.0,0,0,0,0.0,0.0,0,0,0,0,0,0,24,20,20000.0,20000.0,2,6,3.333333333,2.309401077,5.333333333,0,0,0,1,0,0,0,0,1,5.0,2.0,6.0,24,0,0,0,0,0,0,1,2,1,6,1024,0,0,24,0.0,0.0,0,0,0.0,0.0,0,0,portscan,portscan,1
8042,76,1,1,2,6,2,2,2.0,0.0,6,6,6.0,0.0,105263.1579,26315.78947,76.0,0.0,76,76,0,0.0,0.0,0,0,0,0.0,0.0,0,0,0,0,0,0,24,20,13157.89474,13157.89474,2,6,3.333333333,2.309401077,5.333333333,0,0,0,1,0,0,0,0,1,5.0,2.0,6.0,24,0,0,0,0,0,0,1,2,1,6,1024,0,0,24,0.0,0.0,0,0,0.0,0.0,0,0,portscan,portscan,1
777,58,1,1,2,6,2,2,2.0,0.0,6,6,6.0,0.0,137931.0345,34482.75862,58.0,0.0,58,58,0,0.0,0.0,0,0,0,0.0,0.0,0,0,0,0,0,0,24,20,17241.37931,17241.37931,2,6,3.333333333,2.309401077,5.333333333,0,0,0,1,0,0,0,0,1,5.0,2.0,6.0,24,0,0,0,0,0,0,1,2,1,6,1024,0,0,24,0.0,0.0,0,0,0.0,0.0,0,0,portscan,portscan,1
443,63680244,14,11,2504,7695,730,0,178.8571428571,288.9465899922,1559,0,699.5454545455,770.8568432123,160.1595622027,0.3925864354,2653343.5,9585538.0735864,45001234,48,63680244,4898480.30769231,12820538.5128643,45001234,157,62106665,6210666.5,14523287.9786909,45045615,224,0,0,0,0,292,244,0.2198484038,0.1727380316,0,1559,392.2692307692,595.2371330952,354307.244615385,0,0,0,1,0,0,0,0,0,407.96,178.8571428571,699.5454545455,292,0,0,0,0,0,0,14,2504,11,7695,8192,126,13,20,601874.5,788482.750885839,1159416,44333,30472849.0,20546239.1063778,45001234,15944464,benign,benign,0
9011,23,1,1,2,6,2,2,2.0,0.0,6,6,6.0,0.0,347826.087,86956.52174,23.0,0.0,23,23,0,0.0,0.0,0,0,0,0.0,0.0,0,0,0,0,0,0,24,20,43478.26087,43478.26087,2,6,3.333333333,2.309401077,5.333333333,0,0,0,1,0,0,0,0,1,5.0,2.0,6.0,24,0,0,0,0,0,0,1,2,1,6,1024,0,0,24,0.0,0.0,0,0,0.0,0.0,0,0,portscan,portscan,1
19780,22,1,1,2,6,2,2,2.0,0.0,6,6,6.0,0.0,363636.3636,90909.09091,22.0,0.0,22,22,0,0.0,0.0,0,0,0,0.0,0.0,0,0,0,0,0,0,24,20,45454.54545,45454.54545,2,6,3.333333333,2.309401077,5.333333333,0,0,0,1,0,0,0,0,1,5.0,2.0,6.0,24,0,0,0,0,0,0,1,2,1,6,1024,0,0,24,0.0,0.0,0,0,0.0,0.0,0,0,portscan,portscan,1
80,813957,3,6,26,11601,20,0,8.666666667,10.26320288,7300,0,1933.5,2720.783986,14284.53837,11.05709515,101744.625,277299.5392,787686,58,25386,12693.0,17669.18425,25187,199,813899,162779.8,349503.0709,787686,191,0,0,0,0,72,132,3.685698385,7.371396769,0,7300,1162.7,2258.94725,5102842.678,0,0,0,1,0,0,0,0,2,1291.888889,8.666666667,1933.5,72,0,0,0,0,0,0,3,26,6,11601,8192,229,2,20,0.0,0.0,0,0,0.0,0.0,0,0,ddos,ddos,1
443,60753574,14,14,1063,5304,688,0,75.9285714286,184.9301174813,1460,0,378.8571428571,587.6480968354,104.8004188198,0.4608782357,2250132.37037037,4126875.77064602,10000813,49,60753574,4673351.84615385,5144641.16759279,10225676,515,60527713,4655977.92307692,5165302.0044012,10225912,49,0,0,0,0,292,352,0.2304391179,0.2304391179,0,1460,219.5517241379,448.2572273505,200934.541871921,0,0,0,1,0,0,0,0,1,227.3928571429,75.9285714286,378.8571428571,292,0,0,0,0,0,0,14,1063,14,5304,8192,115,13,20,309782.166666667,207720.754552275,733790,224654,9815789.66666667,451652.755727524,10000813,8893858,benign,benign,0
80,32919740,12,11,1762,7860,430,0,146.8333333333,209.1392895279,1962,0,714.5454545455,827.6376457891,292.2866340986,0.6986689445,1496351.81818182,3230571.95729461,10007427,108,25806601,2346054.63636364,3981933.07963846,10044506,37463,32882405,3288240.5,4245391.78734606,10044742,149,0,0,0,0,252,256,0.3645229276,0.3341460169,0,1962,400.9166666667,637.5360120547,406452.166666667,0,0,0,1,0,0,0,0,0,418.347826087,146.8333333333,714.5454545455,252,0,0,0,0,0,0,12,1762,11,7860,8192,1047,11,20,2901691.0,4051173.14133672,5766303,37079,10001609.5,8227.1873991055,10007427,9995792,benign,benign,0
443,11456115,8,7,390,5262,234,0,48.75,86.0228374993,1460,0,751.7142857143,697.9939623153,493.3609692291,1.3093443982,818293.928571429,3012277.82390601,11283886,48,11456115,1636587.85714286,4254149.54069175,11283886,176,106259,17709.8333333333,26499.0925913826,53110,48,0,0,0,0,172,152,0.6983170124,0.6110273858,0,1460,353.25,574.6266614072,330195.8,0,0,0,1,0,0,0,0,0,376.8,48.75,751.7142857143,172,0,0,0,0,0,0,8,390,7,5262,8192,110,7,20,0.0,0.0,0,0,0.0,0.0,0,0,benign,benign,0
80,896169,3,5,26,11607,20,0,8.666666667,10.26320288,10135,0,2321.4,4413.201989,12980.81054,8.926887674,128024.1429,338340.411,895308,5,613,306.5,272.2361108,499,114,896117,224029.25,447519.238,895308,5,0,0,0,0,72,112,3.347582878,5.579304796,0,10135,1292.555556,3350.634907,11200000.0,0,0,0,1,0,0,0,0,1,1454.125,8.666666667,2321.4,72,0,0,0,0,0,0,3,26,5,11607,8192,229,2,20,0.0,0.0,0,0,0.0,0.0,0,0,ddos,ddos,1
8254,21,1,1,2,6,2,2,2.0,0.0,6,6,6.0,0.0,380952.381,95238.09524,21.0,0.0,21,21,0,0.0,0.0,0,0,0,0.0,0.0,0,0,0,0,0,0,24,20,47619.04762,47619.04762,2,6,3.333333333,2.309401077,5.333333333,0,0,0,1,0,0,0,0,1,5.0,2.0,6.0,24,0,0,0,0,0,0,1,2,1,6,1024,0,0,24,0.0,0.0,0,0,0.0,0.0,0,0,portscan,portscan,1
16080,47,1,1,2,6,2,2,2.0,0.0,6,6,6.0,0.0,170212.766,42553.19149,47.0,0.0,47,47,0,0.0,0.0,0,0,0,0.0,0.0,0,0,0,0,0,0,24,20,21276.59574,21276.59574,2,6,3.333333333,2.309401077,5.333333333,0,0,0,1,0,0,0,0,1,5.0,2.0,6.0,24,0,0,0,0,0,0,1,2,1,6,1024,0,0,24,0.0,0.0,0,0,0.0,0.0,0,0,portscan,portscan,1
80,6675,2,0,12,0,6,6,6.0,0.0,0,0,0.0,0.0,1797.7528089888,299.6254681648,6675.0,0.0,6675,6675,6675,6675.0,0.0,6675,6675,0,0.0,0.0,0,0,0,0,0,0,40,0,299.6254681648,0.0,6,6,6.0,0.0,0.0,0,0,0,0,1,0,0,0,0,9.0,6.0,0.0,40,0,0,0,0,0,0,2,12,0,0,253,-1,1,20,0.0,0.0,0,0,0.0,0.0,0,0,benign,benign,0
80,1809790,3,5,26,11601,20,0,8.666666667,10.26320288,8760,0,2320.2,3668.897,6424.50229,4.420402367,258541.4286,680967.6379,1802823,62,6454,3227.0,4105.461972,6130,324,1809680,452420.0,900273.3816,1802823,189,0,0,0,0,72,112,1.657650888,2.762751479,0,8760,1291.888889,2866.607422,8217438.111,0,0,0,1,0,0,0,0,1,1453.375,8.666666667,2320.2,72,0,0,0,0,0,0,3,26,5,11601,8192,229,2,20,0.0,0.0,0,0,0.0,0.0,0,0,ddos,ddos,1
443,90264345,15,16,1091,4952,406,0,72.7333333333,118.6341715808,1430,0,309.5,523.616780989,66.9478075756,0.3434357165,3008811.5,11414747.6179965,45001644,1,90227156,6444796.85714286,16351398.4687114,45043641,1,90227321,6015154.73333333,15843248.3519085,45038509,1,0,0,0,0,312,356,0.1661785725,0.177257144,0,1430,188.84375,392.6940949616,154208.652217742,0,0,0,1,0,0,0,0,1,194.935483871,72.7333333333,309.5,312,0,0,0,0,0,0,15,1091,16,4952,8192,360,14,20,112592.5,107094.857544609,188320,36865,45000985.5,931.2596308227,45001644,45000327,benign,benign,0
1300,45,1,1,2,6,2,2,2.0,0.0,6,6,6.0,0.0,177777.7778,44444.44444,45.0,0.0,45,45,0,0.0,0.0,0,0,0,0.0,0.0,0,0,0,0,0,0,24,20,22222.22222,22222.22222,2,6,3.333333333,2.309401077,5.333333333,0,0,0,1,0,0,0,0,1,5.0,2.0,6.0,24,0,0,0,0,0,0,1,2,1,6,1024,0,0,24,0.0,0.0,0,0,0.0,0.0,0,0,portscan,portscan,1
1078,43,1,1,2,6,2,2,2.0,0.0,6,6,6.0,0.0,186046.5116,46511.62791,43.0,0.0,43,43,0,0.0,0.0,0,0,0,0.0,0.0,0,0,0,0,0,0,24,20,23255.81395,23255.81395,2,6,3.333333333,2.309401077,5.333333333,0,0,0,1,0,0,0,0,1,5.0,2.0,6.0,24,0,0,0,0,0,0,1,2,1,6,1024,0,0,24,0.0,0.0,0,0,0.0,0.0,0,0,portscan,portscan,1
500,54,1,1,2,6,2,2,2.0,0.0,6,6,6.0,0.0,148148.1481,37037.03704,54.0,0.0,54,54,0,0.0,0.0,0,0,0,0.0,0.0,0,0,0,0,0,0,24,20,18518.51852,18518.51852,2,6,3.333333333,2.309401077,5.333333333,0,0,0,1,0,0,0,0,1,5.0,2.0,6.0,24,0,0,0,0,0,0,1,2,1,6,1024,0,0,24,0.0,0.0,0,0,0.0,0.0,0,0,portscan,portscan,1
443,10378991,7,4,667,3603,517,0,95.2857142857,191.3780850269,3339,0,900.75,1629.9405664011,411.4080068091,1.0598332728,1037899.1,3175749.0313271,10075533,191,10378991,1729831.83333333,4088840.79011641,10075533,192,181735,60578.3333333333,51175.9198191233,91039,1495,0,0,0,0,152,92,0.6744393554,0.3853939174,0,3339,355.8333333333,952.4810504756,907220.151515151,0,0,0,1,0,0,0,0,0,388.1818181818,95.2857142857,900.75,152,0,0,0,0,0,0,7,667,4,3603,8192,232,6,20,0.0,0.0,0,0,0.0,0.0,0,0,benign,benign,0
53,156,2,2,80,112,40,40,40.0,0.0,56,56,56.0,0.0,1230769.23076923,25641.0256410256,52.0,84.8704895709,150,3,3,3.0,0.0,3,3,3,3.0,0.0,3,3,0,0,0,0,40,40,12820.5128205128,12820.5128205128,40,56,46.4,8.7635609201,76.8,0,0,0,0,0,0,0,0,1,58.0,40.0,56.0,40,0,0,0,0,0,0,2,80,2,112,-1,-1,1,20,0.0,0.0,0,0,0.0,0.0,0,0,benign,benign,0
123,67023626,2,2,96,96,48,48,48.0,0.0,48,48,48.0,0.0,2.8646614852,0.0596804476,22341208.6666667,38655301.3962838,66976506,23454,66999960,66999960.0,0.0,66999960,66999960,67000172,67000172.0,0.0,67000172,67000172,0,0,0,0,40,40,0.0298402238,0.0298402238,48,48,48.0,0.0,0.0,0,0,0,0,0,0,0,0,1,60.0,48.0,48.0,40,0,0,0,0,0,0,2,96,2,96,-1,-1,1,20,23454.0,0.0,23454,23454,66976506.0,0.0,66976506,66976506,benign,benign,0
80,8731771,5,0,30,0,6,6,6.0,0.0,0,0,0.0,0.0,3.435729132,0.572621522,2182942.75,4365553.506,8731273,1,8731771,2182942.75,4365553.506,8731273,1,0,0.0,0.0,0,0,0,0,0,0,100,0,0.572621522,0.0,6,6,6.0,0.0,0.0,0,0,0,0,1,0,0,0,0,7.2,6.0,0.0,100,0,0,0,0,0,0,5,30,0,0,256,-1,4,20,498.0,0.0,498,498,8731273.0,0.0,8731273,8731273,ddos,ddos,1
30951,60,1,1,2,6,2,2,2.0,0.0,6,6,6.0,0.0,133333.3333,33333.33333,60.0,0.0,60,60,0,0.0,0.0,0,0,0,0.0,0.0,0,0,0,0,0,0,24,20,16666.66667,16666.66667,2,6,3.333333333,2.309401077,5.333333333,0,0,0,1,0,0,0,0,1,5.0,2.0,6.0,24,0,0,0,0,0,0,1,2,1,6,1024,0,0,24,0.0,0.0,0,0,0.0,0.0,0,0,portscan,portscan,1
8001,69,1,1,2,6,2,2,2.0,0.0,6,6,6.0,0.0,115942.029,28985.50725,69.0,0.0,69,69,0,0.0,0.0,0,0,0,0.0,0.0,0,0,0,0,0,0,24,20,14492.75362,14492.75362,2,6,3.333333333,2.309401077,5.333333333,0,0,0,1,0,0,0,0,1,5.0,2.0,6.0,24,0,0,0,0,0,0,1,2,1,6,1024,0,0,24,0.0,0.0,0,0,0.0,0.0,0,0,portscan,portscan,1
123,68059548,2,2,96,96,48,48,48.0,0.0,48,48,48.0,0.0,2.8210589938,0.0587720624,22686516.0,39188396.9013113,67937379,60979,67998358,67998358.0,0.0,67998358,67998358,67998569,67998569.0,0.0,67998569,67998569,0,0,0,0,40,40,0.0293860312,0.0293860312,48,48,48.0,0.0,0.0,0,0,0,0,0,0,0,0,1,60.0,48.0,48.0,40,0,0,0,0,0,0,2,96,2,96,-1,-1,1,20,60979.0,0.0,60979,60979,67937379.0,0.0,67937379,67937379,benign,benign,0
55555,60,1,1,2,6,2,2,2.0,0.0,6,6,6.0,0.0,133333.3333,33333.33333,60.0,0.0,60,60,0,0.0,0.0,0,0,0,0.0,0.0,0,0,0,0,0,0,24,20,16666.66667,16666.66667,2,6,3.333333333,2.309401077,5.333333333,0,0,0,1,0,0,0,0,1,5.0,2.0,6.0,24,0,0,0,0,0,0,1,2,1,6,1024,0,0,24,0.0,0.0,0,0,0.0,0.0,0,0,portscan,portscan,1
62549,22169,3,1,50,6,38,6,16.6666666667,18.4752086141,6,6,6.0,0.0,2526.0498894853,180.4321349632,7389.6666666667,12710.1778246149,22066,1,22169,11084.5,15674.4360185622,22168,1,0,0.0,0.0,0,0,0,0,0,0,60,20,135.3241012224,45.1080337408,6,38,12.4,14.310835056,204.8,0,0,0,0,1,0,0,0,0,15.5,16.6666666667,6.0,60,0,0,0,0,0,0,3,50,1,6,114,0,2,20,0.0,0.0,0,0,0.0,0.0,0,0,benign,benign,0
49158,50,1,1,2,6,2,2,2.0,0.0,6,6,6.0,0.0,160000.0,40000.0,50.0,0.0,50,50,0,0.0,0.0,0,0,0,0.0,0.0,0,0,0,0,0,0,24,20,20000.0,20000.0,2,6,3.333333333,2.309401077,5.333333333,0,0,0,1,0,0,0,0,1,5.0,2.0,6.0,24,0,0,0,0,0,0,1,2,1,6,1024,0,0,24,0.0,0.0,0,0,0.0,0.0,0,0,portscan,portscan,1
80,683156,3,6,26,11607,20,0,8.666666667,10.26320288,5840,0,1934.5,2538.919278,17028.3215,13.17415056,85394.5,241038.9058,681935,3,986,493.0,527.5016588,866,120,683102,136620.4,304840.457,681935,3,0,0,0,0,72,132,4.39138352,8.78276704,0,5840,1163.3,2138.329153,4572451.567,0,0,0,1,0,0,0,0,2,1292.555556,8.666666667,1934.5,72,0,0,0,0,0,0,3,26,6,11607,8192,229,2,20,0.0,0.0,0,0,0.0,0.0,0,0,ddos,ddos,1
80,33423,3,6,26,11601,20,0,8.666666667,10.26320288,2920,0,1933.5,1495.722401,347874.2184,269.2756485,4177.875,10797.75844,30864,5,31016,15508.0,21924.55286,31011,5,33276,6655.2,13577.98559,30915,58,0,0,0,0,72,132,89.7585495,179.517099,0,2920,1162.7,1494.366611,2233131.567,0,0,0,1,0,0,0,0,2,1291.888889,8.666666667,1933.5,72,0,0,0,0,0,0,3,26,6,11601,8192,229,2,20,0.0,0.0,0,0,0.0,0.0,0,0,ddos,ddos,1
1556,54,1,1,2,6,2,2,2.0,0.0,6,6,6.0,0.0,148148.1481,37037.03704,54.0,0.0,54,54,0,0.0,0.0,0,0,0,0.0,0.0,0,0,0,0,0,0,24,20,18518.51852,18518.51852,2,6,3.333333333,2.309401077,5.333333333,0,0,0,1,0,0,0,0,1,5.0,2.0,6.0,24,0,0,0,0,0,0,1,2,1,6,1024,0,0,24,0.0,0.0,0,0,0.0,0.0,0,0,portscan,portscan,1
443,142941,6,6,1318,3865,663,0,219.6666666667,294.3757236368,1590,0,644.1666666667,714.1547217982,36259.7155469739,83.9507209268,12994.6363636364,17386.9098075117,36630,93,108287,21657.4,18846.0664145068,36934,167,108702,21740.4,19640.4405194996,36893,211,0,0,0,0,132,132,41.9753604634,41.9753604634,0,1590,398.6923076923,554.9904480583,308014.397435897,0,0,0,1,0,0,0,0,1,431.9166666667,219.6666666667,644.1666666667,132,0,0,0,0,0,0,6,1318,6,3865,8192,133,5,20,0.0,0.0,0,0,0.0,0.0,0,0,benign,benign,0
3300,54,1,1,2,6,2,2,2.0,0.0,6,6,6.0,0.0,148148.1481,37037.03704,54.0,0.0,54,54,0,0.0,0.0,0,0,0,0.0,0.0,0,0,0,0,0,0,24,20,18518.51852,18518.51852,2,6,3.333333333,2.309401077,5.333333333,0,0,0,1,0,0,0,0,1,5.0,2.0,6.0,24,0,0,0,0,0,0,1,2,1,6,1024,0,0,24,0.0,0.0,0,0,0.0,0.0,0,0,portscan,portscan,1
443,5166354,9,8,1244,6130,843,0,138.2222222222,277.2141671063,1955,0,766.25,824.0665281742,1427.3121818598,3.2905217103,322897.125,1233909.36636766,4949567,1,5166331,645791.375,1739258.28933583,4949567,186,5132469,733209.857142857,1881503.67081088,4999727,1,0,0,0,0,192,168,1.7420409054,1.5484808048,0,1955,409.6666666667,651.5393536938,424503.529411765,0,0,0,1,0,0,0,0,0,433.7647058824,138.2222222222,766.25,192,0,0,0,0,0,0,9,1244,8,6130,8192,12,8,20,0.0,0.0,0,0,0.0,0.0,0,0,benign,benign,0
2196,29,1,1,2,6,2,2,2.0,0.0,6,6,6.0,0.0,275862.069,68965.51724,29.0,0.0,29,29,0,0.0,0.0,0,0,0,0.0,0.0,0,0,0,0,0,0,24,20,34482.75862,34482.75862,2,6,3.333333333,2.309401077,5.333333333,0,0,0,1,0,0,0,0,1,5.0,2.0,6.0,24,0,0,0,0,0,0,1,2,1,6,1024,0,0,24,0.0,0.0,0,0,0.0,0.0,0,0,portscan,portscan,1
53,50003,1,1,52,116,52,52,52.0,0.0,116,116,116.0,0.0,3359.7984120953,39.997600144,50003.0,0.0,50003,50003,0,0.0,0.0,0,0,0,0.0,0.0,0,0,0,0,0,0,32,32,19.998800072,19.998800072,52,116,73.3333333333,36.9504172281,1365.3333333333,0,0,0,0,0,0,0,0,1,110.0,52.0,116.0,32,0,0,0,0,0,0,1,52,1,116,-1,-1,0,32,0.0,0.0,0,0,0.0,0.0,0,0,benign,benign,0
2602,58,1,1,2,6,2,2,2.0,0.0,6,6,6.0,0.0,137931.0345,34482.75862,58.0,0.0,58,58,0,0.0,0.0,0,0,0,0.0,0.0,0,0,0,0,0,0,24,20,17241.37931,17241.37931,2,6,3.333333333,2.309401077,5.333333333,0,0,0,1,0,0,0,0,1,5.0,2.0,6.0,24,0,0,0,0,0,0,1,2,1,6,1024,0,0,24,0.0,0.0,0,0,0.0,0.0,0,0,portscan,portscan,1
51283,1,2,0,37,0,31,6,18.5,17.6776695297,0,0,0.0,0.0,37000000.0,2000000.0,1.0,0.0,1,1,1,1.0,0.0,1,1,0,0.0,0.0,0,0,1,0,0,0,40,0,2000000.0,0.0,6,31,22.6666666667,14.4337567297,208.3333333333,0,1,0,0,1,0,0,0,0,34.0,18.5,0.0,40,0,0,0,0,0,0,2,37,0,0,1494,-1,1,20,0.0,0.0,0,0,0.0,0.0,0,0,benign,benign,0
80,116431019,24,20,2700,4488,433,0,112.5,189.0244980672,746,0,224.4,350.3427494687,61.7361254908,0.3779061661,2707698.11627907,4332348.70757843,10009578,66,116394229,5060618.65217391,4871860.39571679,10046260,200,116394173,6126009.10526316,4744913.60104645,10062991,20170,0,0,0,0,492,544,0.206130636,0.17177553,0,746,159.7333333333,274.5471809097,75376.1545454546,0,0,0,1,0,0,0,0,0,163.3636363636,112.5,224.4,492,0,0,0,0,0,0,24,2700,20,4488,8192,385,23,20,597831.0,1858912.80066979,6202663,36555,9983462.54545455,53214.7414150697,10009578,9824135,benign,benign,0
51420,250,2,1,37,6,31,6,18.5,17.6776695297,6,6,6.0,0.0,172000.0,12000.0,125.0,16.9705627485,137,113,250,250.0,0.0,250,250,0,0.0,0.0,0,0,1,0,0,0,40,20,8000.0,4000.0,6,31,18.5,14.4337567297,208.3333333333,0,1,0,0,1,0,0,0,0,24.6666666667,18.5,6.0,40,0,0,0,0,0,0,2,37,1,6,946,0,1,20,0.0,0.0,0,0,0.0,0.0,0,0,benign,benign,0
443,16460313,13,8,772,4262,398,0,59.3846153846,119.9045025993,1448,0,532.75,628.9573571736,305.8265052432,1.2757959098,823015.65,2522617.39663207,9998105,1,16460313,1371692.75,3194597.79075458,9998105,1,10566342,1509477.42857143,3760862.29190531,10030604,49,0,0,0,0,424,264,0.7897784204,0.4860174895,0,1448,228.8181818182,442.1910421401,195532.917748918,0,0,0,1,0,0,0,0,0,239.7142857143,59.3846153846,532.75,424,0,0,0,0,0,0,13,772,8,4262,29200,16384,4,32,300773.5,379470.975444104,569100,32447,7929382.0,2925616.12339316,9998105,5860659,benign,benign,0
53,60812,1,1,58,186,58,58,58.0,0.0,186,186,186.0,0.0,4012.3659803986,32.888245741,60812.0,0.0,60812,60812,0,0.0,0.0,0,0,0,0.0,0.0,0,0,0,0,0,0,20,20,16.4441228705,16.4441228705,58,186,100.6666666667,73.9008344563,5461.3333333333,0,0,0,0,0,0,0,0,1,151.0,58.0,186.0,20,0,0,0,0,0,0,1,58,1,186,-1,-1,0,20,0.0,0.0,0,0,0.0,0.0,0,0,benign,benign,0
1723,83,1,1,2,6,2,2,2.0,0.0,6,6,6.0,0.0,96385.54217,24096.38554,83.0,0.0,83,83,0,0.0,0.0,0,0,0,0.0,0.0,0,0,0,0,0,0,24,20,12048.19277,12048.19277,2,6,3.333333333,2.309401077,5.333333333,0,0,0,1,0,0,0,0,1,5.0,2.0,6.0,24,0,0,0,0,0,0,1,2,1,6,1024,0,0,24,0.0,0.0,0,0,0.0,0.0,0,0,portscan,portscan,1
53,33709,4,2,176,198,44,44,44.0,0.0,99,99,99.0,0.0,11094.95980302,177.9940075351,6741.8,13659.7799835869,31094,3,31101,10367.0,17950.1085512038,31094,3,4,4.0,0.0,4,4,0,0,0,0,80,40,118.6626716901,59.331335845,44,99,59.7142857143,26.8372520061,720.2380952381,0,0,0,0,0,0,0,0,0,69.6666666667,44.0,99.0,80,0,0,0,0,0,0,4,176,2,198,-1,-1,3,20,0.0,0.0,0,0,0.0,0.0,0,0,benign,benign,0
10001,74,1,1,2,6,2,2,2.0,0.0,6,6,6.0,0.0,108108.1081,27027.02703,74.0,0.0,74,74,0,0.0,0.0,0,0,0,0.0,0.0,0,0,0,0,0,0,24,20,13513.51351,13513.51351,2,6,3.333333333,2.309401077,5.333333333,0,0,0,1,0,0,0,0,1,5.0,2.0,6.0,24,0,0,0,0,0,0,1,2,1,6,1024,0,0,24,0.0,0.0,0,0,0.0,0.0,0,0,portscan,portscan,1
80,1796273,3,4,26,11607,20,0,8.666666667,10.26320288,11595,0,2901.75,5795.50069,6476.187083,3.896957756,299378.8333,732798.3107,1795197,6,988,494.0,490.7321061,841,147,1796230,598743.3333,1036159.396,1795197,6,0,0,0,0,72,92,1.670124753,2.226833004,0,11595,1454.125,4097.537534,16800000.0,0,0,0,1,0,0,0,0,1,1661.857143,8.666666667,2901.75,72,0,0,0,0,0,0,3,26,4,11607,8192,229,2,20,0.0,0.0,0,0,0.0,0.0,0,0,ddos,ddos,1
51284,1,2,0,37,0,31,6,18.5,17.6776695297,0,0,0.0,0.0,37000000.0,2000000.0,1.0,0.0,1,1,1,1.0,0.0,1,1,0,0.0,0.0,0,0,1,0,0,0,40,0,2000000.0,0.0,6,31,22.6666666667,14.4337567297,208.3333333333,0,1,0,0,1,0,0,0,0,34.0,18.5,0.0,40,0,0,0,0,0,0,2,37,0,0,1494,-1,1,20,0.0,0.0,0,0,0.0,0.0,0,0,benign,benign,0
9110,48,1,1,2,6,2,2,2.0,0.0,6,6,6.0,0.0,166666.6667,41666.66667,48.0,0.0,48,48,0,0.0,0.0,0,0,0,0.0,0.0,0,0,0,0,0,0,24,20,20833.33333,20833.33333,2,6,3.333333333,2.309401077,5.333333333,0,0,0,1,0,0,0,0,1,5.0,2.0,6.0,24,0,0,0,0,0,0,1,2,1,6,1024,0,0,24,0.0,0.0,0,0,0.0,0.0,0,0,portscan,portscan,1
443,5152627,8,6,390,3716,209,0,48.75,77.1357800987,1460,0,619.3333333333,679.9090135207,796.875069746,2.7170606372,396355.923076923,1380846.21851913,4991818,3,5152627,736089.571428571,1876735.19825715,4991818,3,86529,17305.8,21912.3567240039,42263,236,0,0,0,0,172,132,1.5526060784,1.1644545588,0,1460,273.7333333333,503.5259202672,253538.352380952,0,0,0,1,0,0,0,0,0,293.2857142857,48.75,619.3333333333,172,0,0,0,0,0,0,8,390,6,3716,8192,119,7,20,0.0,0.0,0,0,0.0,0.0,0,0,benign,benign,0
14441,83,1,1,2,6,2,2,2.0,0.0,6,6,6.0,0.0,96385.54217,24096.38554,83.0,0.0,83,83,0,0.0,0.0,0,0,0,0.0,0.0,0,0,0,0,0,0,24,20,12048.19277,12048.19277,2,6,3.333333333,2.309401077,5.333333333,0,0,0,1,0,0,0,0,1,5.0,2.0,6.0,24,0,0,0,0,0,0,1,2,1,6,1024,0,0,24,0.0,0.0,0,0,0.0,0.0,0,0,portscan,portscan,1
443,10929474,8,6,390,5261,234,0,48.75,86.0228374993,2920,0,876.8333333333,1142.5109919238,517.042265712,1.2809399611,840728.769230769,2974858.03346986,10741383,31,10929474,1561353.42857143,4048099.30426152,10741383,240,124167,24833.4,33838.2252312381,67368,192,0,0,0,0,172,132,0.731965692,0.548974269,0,2920,376.7333333333,805.4088994033,648683.495238095,0,0,0,1,0,0,0,0,0,403.6428571429,48.75,876.8333333333,172,0,0,0,0,0,0,8,390,6,5261,8192,110,7,20,0.0,0.0,0,0,0.0,0.0,0,0,benign,benign,0
80,22757,2,5,20,11607,20,0,10.0,14.14213562,10135,0,2321.4,4413.201989,510919.717,307.5976623,3792.833333,8745.798246,21632,12,898,898.0,0.0,898,898,22740,5685.0,10638.24068,21632,12,0,0,0,0,52,112,87.88504636,219.7126159,0,10135,1453.375,3544.652026,12600000.0,0,0,0,1,0,0,0,0,2,1661.0,10.0,2321.4,52,0,0,0,0,0,0,2,20,5,11607,8192,229,1,20,0.0,0.0,0,0,0.0,0.0,0,0,ddos,ddos,1
53,31140,1,1,55,110,55,55,55.0,0.0,110,110,110.0,0.0,5298.6512524085,64.2260757868,31140.0,0.0,31140,31140,0,0.0,0.0,0,0,0,0.0,0.0,0,0,0,0,0,0,20,32,32.1130378934,32.1130378934,55,110,73.3333333333,31.7542648054,1008.3333333333,0,0,0,0,0,0,0,0,1,110.0,55.0,110.0,20,0,0,0,0,0,0,1,55,1,110,-1,-1,0,20,0.0,0.0,0,0,0.0,0.0,0,0,benign,benign,0
22,1309452,35,40,2686,6718,408,0,76.7428571429,105.426959064,976,0,167.95,324.0548347077,7181.6301781203,57.2758680731,17695.2972972973,111708.123128521,955623,0,1309452,38513.2941176471,173192.772127254,997257,1,353758,9070.717948718,21932.7784820954,115448,0,0,0,0,0,724,824,26.7287384341,30.547129639,0,976,123.7368421053,248.8413882199,61922.0364912281,0,0,0,1,0,0,0,0,1,125.3866666667,76.7428571429,167.95,724,0,0,0,0,0,0,35,2686,40,6718,8192,245,33,20,0.0,0.0,0,0,0.0,0.0,0,0,benign,benign,0
443,219430,18,15,860,15916,199,0,47.7777777778,70.5637430276,2820,0,1061.0666666667,984.1272759344,76452.6272615413,150.3896459007,6857.1875,13043.999748834,35302,3,219430,12907.6470588235,15933.6441804016,36101,4,181445,12960.3571428571,22034.4710278695,66275,3,0,0,0,0,372,312,82.0307159459,68.3589299549,0,2820,493.4117647059,821.9579034287,675614.795008913,0,0,0,1,0,0,0,0,0,508.3636363636,47.7777777778,1061.0666666667,372,0,0,0,0,0,0,18,860,15,15916,8192,123,17,20,0.0,0.0,0,0,0.0,0.0,0,0,benign,benign,0
80,1012070,3,4,26,11601,20,0,8.666666667,10.26320288,5840,0,2900.25,3345.636997,11488.33579,6.916517632,168678.3333,405142.8876,995573,6,16014,8007.0,11315.12271,16008,6,1011947,337315.6667,570124.1256,995573,157,0,0,0,0,72,92,2.964221842,3.95229579,0,5840,1453.375,2681.356423,7189672.268,0,0,0,1,0,0,0,0,1,1661.0,8.666666667,2900.25,72,0,0,0,0,0,0,3,26,4,11601,8192,229,2,20,0.0,0.0,0,0,0.0,0.0,0,0,ddos,ddos,1
4343,44,1,1,2,6,2,2,2.0,0.0,6,6,6.0,0.0,181818.1818,45454.54545,44.0,0.0,44,44,0,0.0,0.0,0,0,0,0.0,0.0,0,0,0,0,0,0,24,20,22727.27273,22727.27273,2,6,3.333333333,2.309401077,5.333333333,0,0,0,1,0,0,0,0,1,5.0,2.0,6.0,24,0,0,0,0,0,0,1,2,1,6,1024,0,0,24,0.0,0.0,0,0,0.0,0.0,0,0,portscan,portscan,1
53,47346,1,1,46,233,46,46,46.0,0.0,233,233,233.0,0.0,5892.78925358,42.2422168715,47346.0,0.0,47346,47346,0,0.0,0.0,0,0,0,0.0,0.0,0,0,0,0,0,0,40,40,21.1211084358,21.1211084358,46,233,108.3333333333,107.9645003385,11656.3333333333,0,0,0,0,0,0,0,0,1,162.5,46.0,233.0,40,0,0,0,0,0,0,1,46,1,233,-1,-1,0,40,0.0,0.0,0,0,0.0,0.0,0,0,benign,benign,0
40870,202,2,0,0,0,0,0,0.0,0.0,0,0,0.0,0.0,0.0,9900.9900990099,202.0,0.0,202,202,202,202.0,0.0,202,202,0,0.0,0.0,0,0,0,0,0,0,64,0,9900.9900990099,0.0,0,0,0.0,0.0,0.0,0,0,0,0,1,0,0,0,0,0.0,0.0,0.0,64,0,0,0,0,0,0,2,0,0,0,122,-1,0,32,0.0,0.0,0,0,0.0,0.0,0,0,benign,benign,0
587,44,1,1,2,6,2,2,2.0,0.0,6,6,6.0,0.0,181818.1818,45454.54545,44.0,0.0,44,44,0,0.0,0.0,0,0,0,0.0,0.0,0,0,0,0,0,0,24,20,22727.27273,22727.27273,2,6,3.333333333,2.309401077,5.333333333,0,0,0,1,0,0,0,0,1,5.0,2.0,6.0,24,0,0,0,0,0,0,1,2,1,6,1024,0,0,24,0.0,0.0,0,0,0.0,0.0,0,0,portscan,portscan,1
123,67094182,2,2,96,96,48,48,48.0,0.0,48,48,48.0,0.0,2.8616490175,0.0596176879,22364727.3333333,38575006.4156431,66907308,92642,66999950,66999950.0,0.0,66999950,66999950,67001540,67001540.0,0.0,67001540,67001540,0,0,0,0,40,40,0.0298088439,0.0298088439,48,48,48.0,0.0,0.0,0,0,0,0,0,0,0,0,1,60.0,48.0,48.0,40,0,0,0,0,0,0,2,96,2,96,-1,-1,1,20,92642.0,0.0,92642,92642,66907308.0,0.0,66907308,66907308,benign,benign,0
3269,44,1,1,2,6,2,2,2.0,0.0,6,6,6.0,0.0,181818.1818,45454.54545,44.0,0.0,44,44,0,0.0,0.0,0,0,0,0.0,0.0,0,0,0,0,0,0,24,20,22727.27273,22727.27273,2,6,3.333333333,2.309401077,5.333333333,0,0,0,1,0,0,0,0,1,5.0,2.0,6.0,24,0,0,0,0,0,0,1,2,1,6,1024,0,0,24,0.0,0.0,0,0,0.0,0.0,0,0,portscan,portscan,1
19,20,1,1,2,6,2,2,2.0,0.0,6,6,6.0,0.0,400000.0,100000.0,20.0,0.0,20,20,0,0.0,0.0,0,0,0,0.0,0.0,0,0,0,0,0,0,24,20,50000.0,50000.0,2,6,3.333333333,2.309401077,5.333333333,0,0,0,1,0,0,0,0,1,5.0,2.0,6.0,24,0,0,0,0,0,0,1,2,1,6,1024,0,0,24,0.0,0.0,0,0,0.0,0.0,0,0,portscan,portscan,1
443,187925,24,33,1655,57902,1210,0,68.9583333333,247.2607282882,2920,0,1754.6060606061,874.7928661758,316918.983637089,303.3124916855,3355.8035714286,8102.2637766348,29726,3,187615,8157.1739130435,13411.0584208846,46870,161,163581,5111.90625,12294.5567430085,52231,49,0,0,0,0,492,672,127.710522815,175.6019688706,0,2920,1026.8448275862,1079.7018887089,1165756.16848155,0,0,0,1,0,0,0,0,1,1044.8596491228,68.9583333333,1754.6060606061,492,0,0,0,0,0,0,24,1655,33,57902,8192,64,23,20,0.0,0.0,0,0,0.0,0.0,0,0,benign,benign,0
80,1355637,3,6,26,11607,20,0,8.666666667,10.26320288,5840,0,1934.5,2538.919278,8581.205736,6.638945381,169454.625,478870.3278,1354598,3,929,464.5,589.0199487,881,48,1355620,271124.0,605680.5162,1354598,3,0,0,0,0,72,132,2.212981794,4.425963588,0,5840,1163.3,2138.329153,4572451.567,0,0,0,1,0,0,0,0,2,1292.555556,8.666666667,1934.5,72,0,0,0,0,0,0,3,26,6,11607,8192,229,2,20,0.0,0.0,0,0,0.0,0.0,0,0,ddos,ddos,1
123,69105506,2,2,96,96,48,48,48.0,0.0,48,48,48.0,0.0,2.7783603813,0.0578825079,23035168.6666667,39719386.0122304,68899165,100838,69000003,69000003.0,0.0,69000003,69000003,69004668,69004668.0,0.0,69004668,69004668,0,0,0,0,52,76,0.028941254,0.028941254,48,48,48.0,0.0,0.0,0,0,0,0,0,0,0,0,1,60.0,48.0,48.0,52,0,0,0,0,0,0,2,96,2,96,-1,-1,1,20,100838.0,0.0,100838,100838,68899165.0,0.0,68899165,68899165,benign,benign,0
80,115974305,16,14,520,802,436,0,32.5,107.6104084185,796,0,57.2857142857,212.6226084554,11.3990767179,0.2586779891,3999113.96551724,4881025.81175018,10005451,4,115974305,7731620.33333333,4135333.59620442,10030297,107,110325966,8486612.76923077,3760978.76810056,10038634,4,0,0,0,0,332,424,0.1379615942,0.1207163949,0,796,42.6451612903,159.9869887183,25595.8365591398,0,0,0,1,0,0,0,0,0,44.0666666667,32.5,57.2857142857,332,0,0,0,0,0,0,16,520,14,802,8192,288,15,20,33220.5454545455,29106.1827430656,120933,23600,9997050.54545455,14674.1695530863,10005451,9953008,benign,benign,0
443,1874279,2,0,12,0,6,6,6.0,0.0,0,0,0.0,0.0,6.40246196,1.0670769933,1874279.0,0.0,1874279,1874279,1874279,1874279.0,0.0,1874279,1874279,0,0.0,0.0,0,0,0,0,0,0,40,0,1.0670769933,0.0,6,6,6.0,0.0,0.0,0,0,0,0,1,0,0,0,0,9.0,6.0,0.0,40,0,0,0,0,0,0,2,12,0,0,254,-1,1,20,0.0,0.0,0,0,0.0,0.0,0,0,benign,benign,0
4224,64,1,1,2,6,2,2,2.0,0.0,6,6,6.0,0.0,125000.0,31250.0,64.0,0.0,64,64,0,0.0,0.0,0,0,0,0.0,0.0,0,0,0,0,0,0,24,20,15625.0,15625.0,2,6,3.333333333,2.309401077,5.333333333,0,0,0,1,0,0,0,0,1,5.0,2.0,6.0,24,0,0,0,0,0,0,1,2,1,6,1024,0,0,24,0.0,0.0,0,0,0.0,0.0,0,0,portscan,portscan,1
2869,10,1,1,2,6,2,2,2.0,0.0,6,6,6.0,0.0,800000.0,200000.0,10.0,0.0,10,10,0,0.0,0.0,0,0,0,0.0,0.0,0,0,0,0,0,0,24,20,100000.0,100000.0,2,6,3.333333333,2.309401077,5.333333333,0,0,0,1,0,0,0,0,1,5.0,2.0,6.0,24,0,0,0,0,0,0,1,2,1,6,1024,0,0,24,0.0,0.0,0,0,0.0,0.0,0,0,portscan,portscan,1
32771,5,1,1,2,6,2,2,2.0,0.0,6,6,6.0,0.0,1600000.0,400000.0,5.0,0.0,5,5,0,0.0,0.0,0,0,0,0.0,0.0,0,0,0,0,0,0,24,20,200000.0,200000.0,2,6,3.333333333,2.309401077,5.333333333,0,0,0,1,0,0,0,0,1,5.0,2.0,6.0,24,0,0,0,0,0,0,1,2,1,6,1024,0,0,24,0.0,0.0,0,0,0.0,0.0,0,0,portscan,portscan,1
53,30480,1,1,47,115,47,47,47.0,0.0,115,115,115.0,0.0,5314.9606299213,65.6167979003,30480.0,0.0,30480,30480,0,0.0,0.0,0,0,0,0.0,0.0,0,0,0,0,0,0,32,32,32.8083989501,32.8083989501,47,115,69.6666666667,39.2598183049,1541.3333333333,0,0,0,0,0,0,0,0,1,104.5,47.0,115.0,32,0,0,0,0,0,0,1,47,1,115,-1,-1,0,32,0.0,0.0,0,0,0.0,0.0,0,0,benign,benign,0
443,82972,7,10,1907,6563,1246,0,272.4285714286,468.378001598,1460,0,656.3,705.9732525623,102082.630284915,204.8883960854,5185.75,9489.9921917776,24328,1,56530,9421.6666666667,12350.364102595,26116,143,58989,6554.3333333333,11869.0941840563,30389,1,0,0,0,0,152,212,84.3658101528,120.5225859326,0,1460,470.5555555556,625.1147868448,390768.496732026,0,0,0,1,0,0,0,0,1,498.2352941176,272.4285714286,656.3,152,0,0,0,0,0,0,7,1907,10,6563,8192,64,6,20,0.0,0.0,0,0,0.0,0.0,0,0,benign,benign,0
80,79,2,0,12,0,6,6,6.0,0.0,0,0,0.0,0.0,151898.734177215,25316.4556962025,79.0,0.0,79,79,79,79.0,0.0,79,79,0,0.0,0.0,0,0,0,0,0,0,40,0,25316.4556962025,0.0,6,6,6.0,0.0,0.0,0,0,0,0,1,0,0,0,0,9.0,6.0,0.0,40,0,0,0,0,0,0,2,12,0,0,256,-1,1,20,0.0,0.0,0,0,0.0,0.0,0,0,benign,benign,0
80,4164007,4,0,24,0,6,6,6.0,0.0,0,0,0.0,0.0,5.763679072,0.960613179,1388002.333,2403216.795,4162998,1,4164007,1388002.333,2403216.795,4162998,1,0,0.0,0.0,0,0,0,0,0,0,80,0,0.960613179,0.0,6,6,6.0,0.0,0.0,0,0,0,0,1,0,0,0,0,7.5,6.0,0.0,80,0,0,0,0,0,0,4,24,0,0,256,-1,3,20,0.0,0.0,0,0,0.0,0.0,0,0,ddos,ddos,1
5822,44,1,1,2,6,2,2,2.0,0.0,6,6,6.0,0.0,181818.1818,45454.54545,44.0,0.0,44,44,0,0.0,0.0,0,0,0,0.0,0.0,0,0,0,0,0,0,24,20,22727.27273,22727.27273,2,6,3.333333333,2.309401077,5.333333333,0,0,0,1,0,0,0,0,1,5.0,2.0,6.0,24,0,0,0,0,0,0,1,2,1,6,1024,0,0,24,0.0,0.0,0,0,0.0,0.0,0,0,portscan,portscan,1
3261,53,1,1,2,6,2,2,2.0,0.0,6,6,6.0,0.0,150943.3962,37735.84906,53.0,0.0,53,53,0,0.0,0.0,0,0,0,0.0,0.0,0,0,0,0,0,0,24,20,18867.92453,18867.92453,2,6,3.333333333,2.309401077,5.333333333,0,0,0,1,0,0,0,0,1,5.0,2.0,6.0,24,0,0,0,0,0,0,1,2,1,6,1024,0,0,24,0.0,0.0,0,0,0.0,0.0,0,0,portscan,portscan,1
6025,40,1,1,2,6,2,2,2.0,0.0,6,6,6.0,0.0,200000.0,50000.0,40.0,0.0,40,40,0,0.0,0.0,0,0,0,0.0,0.0,0,0,0,0,0,0,24,20,25000.0,25000.0,2,6,3.333333333,2.309401077,5.333333333,0,0,0,1,0,0,0,0,1,5.0,2.0,6.0,24,0,0,0,0,0,0,1,2,1,6,1024,0,0,24,0.0,0.0,0,0,0.0,0.0,0,0,portscan,portscan,1
3880,36,1,1,2,6,2,2,2.0,0.0,6,6,6.0,0.0,222222.2222,55555.55556,36.0,0.0,36,36,0,0.0,0.0,0,0,0,0.0,0.0,0,0,0,0,0,0,24,20,27777.77778,27777.77778,2,6,3.333333333,2.309401077,5.333333333,0,0,0,1,0,0,0,0,1,5.0,2.0,6.0,24,0,0,0,0,0,0,1,2,1,6,1024,0,0,24,0.0,0.0,0,0,0.0,0.0,0,0,portscan,portscan,1
53,30839,1,1,50,111,50,50,50.0,0.0,111,111,111.0,0.0,5220.6621485781,64.8529459451,30839.0,0.0,30839,30839,0,0.0,0.0,0,0,0,0.0,0.0,0,0,0,0,0,0,32,32,32.4264729725,32.4264729725,50,111,70.3333333333,35.2183664206,1240.3333333333,0,0,0,0,0,0,0,0,1,105.5,50.0,111.0,32,0,0,0,0,0,0,1,50,1,111,-1,-1,0,32,0.0,0.0,0,0,0.0,0.0,0,0,benign,benign,0
18988,61,1,1,2,6,2,2,2.0,0.0,6,6,6.0,0.0,131147.541,32786.88525,61.0,0.0,61,61,0,0.0,0.0,0,0,0,0.0,0.0,0,0,0,0,0,0,24,20,16393.44262,16393.44262,2,6,3.333333333,2.309401077,5.333333333,0,0,0,1,0,0,0,0,1,5.0,2.0,6.0,24,0,0,0,0,0,0,1,2,1,6,1024,0,0,24,0.0,0.0,0,0,0.0,0.0,0,0,portscan,portscan,1
4002,42,1,1,2,6,2,2,2.0,0.0,6,6,6.0,0.0,190476.1905,47619.04762,42.0,0.0,42,42,0,0.0,0.0,0,0,0,0.0,0.0,0,0,0,0,0,0,24,20,23809.52381,23809.52381,2,6,3.333333333,2.309401077,5.333333333,0,0,0,1,0,0,0,0,1,5.0,2.0,6.0,24,0,0,0,0,0,0,1,2,1,6,1024,0,0,24,0.0,0.0,0,0,0.0,0.0,0,0,portscan,portscan,1
53,23573,1,1,55,71,55,55,55.0,0.0,71,71,71.0,0.0,5345.0982055742,84.8428286599,23573.0,0.0,23573,23573,0,0.0,0.0,0,0,0,0.0,0.0,0,0,0,0,0,0,20,32,42.42141433,42.42141433,55,71,60.3333333333,9.237604307,85.3333333333,0,0,0,0,0,0,0,0,1,90.5,55.0,71.0,20,0,0,0,0,0,0,1,55,1,71,-1,-1,0,20,0.0,0.0,0,0,0.0,0.0,0,0,benign,benign,0
53,23712,1,1,42,266,42,42,42.0,0.0,266,266,266.0,0.0,12989.2037786775,84.3454790823,23712.0,0.0,23712,23712,0,0.0,0.0,0,0,0,0.0,0.0,0,0,0,0,0,0,20,20,42.1727395412,42.1727395412,42,266,116.6666666667,129.3264602985,16725.3333333333,0,0,0,0,0,0,0,0,1,175.0,42.0,266.0,20,0,0,0,0,0,0,1,42,1,266,-1,-1,0,20,0.0,0.0,0,0,0.0,0.0,0,0,benign,benign,0
9102,90,1,1,2,6,2,2,2.0,0.0,6,6,6.0,0.0,88888.88889,22222.22222,90.0,0.0,90,90,0,0.0,0.0,0,0,0,0.0,0.0,0,0,0,0,0,0,24,20,11111.11111,11111.11111,2,6,3.333333333,2.309401077,5.333333333,0,0,0,1,0,0,0,0,1,5.0,2.0,6.0,24,0,0,0,0,0,0,1,2,1,6,1024,0,0,24,0.0,0.0,0,0,0.0,0.0,0,0,portscan,portscan,1
80,47200,3,5,26,11601,20,0,8.666666667,10.26320288,7300,0,2320.2,3022.508098,246334.7458,169.4915254,6742.857143,11799.95067,29427,45,17310,8655.0,11805.85482,17003,307,47155,11788.75,14275.26746,29427,182,0,0,0,0,72,112,63.55932203,105.9322034,0,7300,1291.888889,2460.652985,6054813.111,0,0,0,1,0,0,0,0,1,1453.375,8.666666667,2320.2,72,0,0,0,0,0,0,3,26,5,11601,8192,229,2,20,0.0,0.0,0,0,0.0,0.0,0,0,ddos,ddos,1
80,116179501,18,16,1357,521,679,0,75.3888888889,219.413962473,265,0,32.5625,88.9928602005,16.1646416436,0.2926505942,3520590.93939394,4831452.02509987,10225029,23,116179501,6834088.29411765,4778286.16808113,10240035,399,112856245,7523749.66666667,4624734.76825649,10242526,2243,0,0,0,0,584,520,0.1549326675,0.1377179267,0,679,53.6571428571,167.6584312817,28109.3495798319,0,0,0,1,0,0,0,0,0,55.2352941176,75.3888888889,32.5625,584,0,0,0,0,0,0,18,1357,16,521,29200,990,2,32,57526.6363636364,139371.401837875,477740,15006,10202134.5454545,64273.1695941061,10225029,10010474,benign,benign,0
2048,56,1,1,2,6,2,2,2.0,0.0,6,6,6.0,0.0,142857.1429,35714.28571,56.0,0.0,56,56,0,0.0,0.0,0,0,0,0.0,0.0,0,0,0,0,0,0,24,20,17857.14286,17857.14286,2,6,3.333333333,2.309401077,5.333333333,0,0,0,1,0,0,0,0,1,5.0,2.0,6.0,24,0,0,0,0,0,0,1,2,1,6,1024,0,0,24,0.0,0.0,0,0,0.0,0.0,0,0,portscan,portscan,1
80,8725775,4,0,24,0,6,6,6.0,0.0,0,0,0.0,0.0,2.750472021,0.458412004,2908591.667,5036961.679,8724774,0,8725775,2908591.667,5036961.679,8724774,0,0,0.0,0.0,0,0,0,0,0,0,80,0,0.458412004,0.0,6,6,6.0,0.0,0.0,0,0,0,0,1,0,0,0,0,7.5,6.0,0.0,80,0,0,0,0,0,0,4,24,0,0,256,-1,3,20,1001.0,0.0,1001,1001,8724774.0,0.0,8724774,8724774,ddos,ddos,1
49669,3,2,0,37,0,37,0,18.5,26.1629509039,0,0,0.0,0.0,12333333.3333333,666666.666666667,3.0,0.0,3,3,3,3.0,0.0,3,3,0,0.0,0.0,0,0,1,0,0,0,64,0,666666.666666667,0.0,0,37,24.6666666667,21.36195996,456.3333333333,0,1,0,0,1,0,0,0,0,37.0,18.5,0.0,64,0,0,0,0,0,0,2,37,0,0,1073,-1,0,32,0.0,0.0,0,0,0.0,0.0,0,0,benign,benign,0
443,5164214,6,4,611,164,517,0,101.8333333333,204.305082332,152,0,41.0,74.0540343263,150.0712402701,1.9364031003,573801.555555556,1679175.5794177,5051258,4,5164214,1032842.8,2281645.97245951,5114324,4,89510,29836.6666666667,31751.6903854477,63533,475,0,0,0,0,132,92,1.1618418602,0.7745612401,0,517,70.4545454545,154.7568180316,23949.6727272727,0,0,0,1,0,0,0,0,0,77.5,101.8333333333,41.0,132,0,0,0,0,0,0,6,611,4,164,8192,946,5,20,112952.0,0.0,112952,112952,5051258.0,0.0,5051258,5051258,benign,benign,0
80,52124,3,4,26,11607,20,0,8.666666667,10.26320288,11595,0,2901.75,5795.50069,223179.3416,134.2951424,8687.333333,20725.87243,50988,5,1071,535.5,604.5762979,963,108,52074,17358.0,29129.403,50988,5,0,0,0,0,72,92,57.55506101,76.74008134,0,11595,1454.125,4097.537534,16800000.0,0,0,0,1,0,0,0,0,1,1661.857143,8.666666667,2901.75,72,0,0,0,0,0,0,3,26,4,11607,8192,229,2,20,0.0,0.0,0,0,0.0,0.0,0,0,ddos,ddos,1
33899,45,1,1,2,6,2,2,2.0,0.0,6,6,6.0,0.0,177777.7778,44444.44444,45.0,0.0,45,45,0,0.0,0.0,0,0,0,0.0,0.0,0,0,0,0,0,0,24,20,22222.22222,22222.22222,2,6,3.333333333,2.309401077,5.333333333,0,0,0,1,0,0,0,0,1,5.0,2.0,6.0,24,0,0,0,0,0,0,1,2,1,6,1024,0,0,24,0.0,0.0,0,0,0.0,0.0,0,0,portscan,portscan,1
53,30892,1,1,55,793,55,55,55.0,0.0,793,793,793.0,0.0,27450.4726142691,64.741680694,30892.0,0.0,30892,30892,0,0.0,0.0,0,0,0,0.0,0.0,0,0,0,0,0,0,32,32,32.370840347,32.370840347,55,793,301.0,426.0844986619,181548.0,0,0,0,0,0,0,0,0,1,451.5,55.0,793.0,32,0,0,0,0,0,0,1,55,1,793,-1,-1,0,32,0.0,0.0,0,0,0.0,0.0,0,0,benign,benign,0
80,998123,3,4,26,11601,20,0,8.666666667,10.26320288,7215,0,2900.25,3540.00286,11648.86492,7.013163708,166353.8333,402008.7863,986915,58,10996,5498.0,6383.760021,10012,984,997838,332612.6667,566667.2984,986915,154,0,0,0,0,72,92,3.005641589,4.007522119,0,7215,1453.375,2786.259804,7763243.696,0,0,0,1,0,0,0,0,1,1661.0,8.666666667,2900.25,72,0,0,0,0,0,0,3,26,4,11601,8192,229,2,20,0.0,0.0,0,0,0.0,0.0,0,0,ddos,ddos,1
80,1010342,3,6,26,11601,20,0,8.666666667,10.26320288,4380,0,1933.5,1757.789948,11507.98443,8.907874759,126292.75,350552.429,993758,7,16018,8009.0,11316.53693,16011,7,1010232,202046.4,442633.6335,993758,65,0,0,0,0,72,132,2.969291586,5.938583173,0,4380,1162.7,1645.241762,2706820.456,0,0,0,1,0,0,0,0,2,1291.888889,8.666666667,1933.5,72,0,0,0,0,0,0,3,26,6,11601,8192,229,2,20,0.0,0.0,0,0,0.0,0.0,0,0,ddos,ddos,1
80,1849476,3,5,26,11607,20,0,8.666666667,10.26320288,8675,0,2321.4,3769.536019,6289.889677,4.325549507,264210.8571,698496.9784,1848253,5,952,476.0,485.0752519,819,133,1849430,462357.5,923930.4296,1848253,5,0,0,0,0,72,112,1.622081065,2.703468442,0,8675,1292.555556,2931.429562,8593279.278,0,0,0,1,0,0,0,0,1,1454.125,8.666666667,2321.4,72,0,0,0,0,0,0,3,26,5,11607,8192,229,2,20,0.0,0.0,0,0,0.0,0.0,0,0,ddos,ddos,1
32780,70,1,1,2,6,2,2,2.0,0.0,6,6,6.0,0.0,114285.7143,28571.42857,70.0,0.0,70,70,0,0.0,0.0,0,0,0,0.0,0.0,0,0,0,0,0,0,24,20,14285.71429,14285.71429,2,6,3.333333333,2.309401077,5.333333333,0,0,0,1,0,0,0,0,1,5.0,2.0,6.0,24,0,0,0,0,0,0,1,2,1,6,1024,0,0,24,0.0,0.0,0,0,0.0,0.0,0,0,portscan,portscan,1
80,5108877,4,0,24,0,6,6,6.0,0.0,0,0,0.0,0.0,4.697705582,0.78295093,1702959.0,2949608.047,5108873,1,5108877,1702959.0,2949608.047,5108873,1,0,0.0,0.0,0,0,0,0,0,0,80,0,0.78295093,0.0,6,6,6.0,0.0,0.0,0,0,0,0,1,0,0,0,0,7.5,6.0,0.0,80,0,0,0,0,0,0,4,24,0,0,256,-1,3,20,4.0,0.0,4,4,5108873.0,0.0,5108873,5108873,ddos,ddos,1
80,7063835,5,0,30,0,6,6,6.0,0.0,0,0,0.0,0.0,4.246984818,0.707830803,1765958.75,3531241.532,7062821,1,7063835,1765958.75,3531241.532,7062821,1,0,0.0,0.0,0,0,0,0,0,0,100,0,0.707830803,0.0,6,6,6.0,0.0,0.0,0,0,0,0,1,0,0,0,0,7.2,6.0,0.0,100,0,0,0,0,0,0,5,30,0,0,256,-1,4,20,1014.0,0.0,1014,1014,7062821.0,0.0,7062821,7062821,ddos,ddos,1
9011,70,1,1,2,6,2,2,2.0,0.0,6,6,6.0,0.0,114285.7143,28571.42857,70.0,0.0,70,70,0,0.0,0.0,0,0,0,0.0,0.0,0,0,0,0,0,0,24,20,14285.71429,14285.71429,2,6,3.333333333,2.309401077,5.333333333,0,0,0,1,0,0,0,0,1,5.0,2.0,6.0,24,0,0,0,0,0,0,1,2,1,6,1024,0,0,24,0.0,0.0,0,0,0.0,0.0,0,0,portscan,portscan,1
8100,53,1,1,2,6,2,2,2.0,0.0,6,6,6.0,0.0,150943.3962,37735.84906,53.0,0.0,53,53,0,0.0,0.0,0,0,0,0.0,0.0,0,0,0,0,0,0,24,20,18867.92453,18867.92453,2,6,3.333333333,2.309401077,5.333333333,0,0,0,1,0,0,0,0,1,5.0,2.0,6.0,24,0,0,0,0,0,0,1,2,1,6,1024,0,0,24,0.0,0.0,0,0,0.0,0.0,0,0,portscan,portscan,1
80,4059934,4,0,24,0,6,6,6.0,0.0,0,0,0.0,0.0,5.911426146,0.985237691,1353311.333,2343133.686,4058929,1,4059934,1353311.333,2343133.686,4058929,1,0,0.0,0.0,0,0,0,0,0,0,80,0,0.985237691,0.0,6,6,6.0,0.0,0.0,0,0,0,0,1,0,0,0,0,7.5,6.0,0.0,80,0,0,0,0,0,0,4,24,0,0,256,-1,3,20,0.0,0.0,0,0,0.0,0.0,0,0,ddos,ddos,1
53,59513,1,1,55,111,55,55,55.0,0.0,111,111,111.0,0.0,2789.3065380673,33.6061028683,59513.0,0.0,59513,59513,0,0.0,0.0,0,0,0,0.0,0.0,0,0,0,0,0,0,20,20,16.8030514341,16.8030514341,55,111,73.6666666667,32.3316150746,1045.3333333333,0,0,0,0,0,0,0,0,1,110.5,55.0,111.0,20,0,0,0,0,0,0,1,55,1,111,-1,-1,0,20,0.0,0.0,0,0,0.0,0.0,0,0,benign,benign,0
80,2717276,4,0,24,0,6,6,6.0,0.0,0,0,0.0,0.0,8.832374775,1.472062463,905758.6667,1568304.745,2716681,257,2717276,905758.6667,1568304.745,2716681,257,0,0.0,0.0,0,0,0,0,0,0,80,0,1.472062463,0.0,6,6,6.0,0.0,0.0,0,0,0,0,1,0,0,0,0,7.5,6.0,0.0,80,0,0,0,0,0,0,4,24,0,0,256,-1,3,20,0.0,0.0,0,0,0.0,0.0,0,0,ddos,ddos,1
80,9785694,4,0,24,0,6,6,6.0,0.0,0,0,0.0,0.0,2.452559829,0.408759971,3261898.0,5647972.693,9783615,3,9785694,3261898.0,5647972.693,9783615,3,0,0.0,0.0,0,0,0,0,0,0,80,0,0.408759971,0.0,6,6,6.0,0.0,0.0,0,0,0,0,1,0,0,0,0,7.5,6.0,0.0,80,0,0,0,0,0,0,4,24,0,0,256,-1,3,20,2079.0,0.0,2079,2079,9783615.0,0.0,9783615,9783615,ddos,ddos,1
3324,44,1,1,2,6,2,2,2.0,0.0,6,6,6.0,0.0,181818.1818,45454.54545,44.0,0.0,44,44,0,0.0,0.0,0,0,0,0.0,0.0,0,0,0,0,0,0,24,20,22727.27273,22727.27273,2,6,3.333333333,2.309401077,5.333333333,0,0,0,1,0,0,0,0,1,5.0,2.0,6.0,24,0,0,0,0,0,0,1,2,1,6,1024,0,0,24,0.0,0.0,0,0,0.0,0.0,0,0,portscan,portscan,1
80,1809197,3,4,26,11601,20,0,8.666666667,10.26320288,8760,0,2900.25,4128.319301,6426.608048,3.869119836,301532.8333,735374.5215,1802603,76,6344,3172.0,3775.950212,5842,502,1809087,603029.0,1038866.088,1802603,174,0,0,0,0,72,92,1.658194215,2.210925621,0,8760,1453.375,3113.952607,9696700.839,0,0,0,1,0,0,0,0,1,1661.0,8.666666667,2900.25,72,0,0,0,0,0,0,3,26,4,11601,8192,229,2,20,0.0,0.0,0,0,0.0,0.0,0,0,ddos,ddos,1
53,30617,1,1,54,109,54,54,54.0,0.0,109,109,109.0,0.0,5323.8396969004,65.323186465,30617.0,0.0,30617,30617,0,0.0,0.0,0,0,0,0.0,0.0,0,0,0,0,0,0,20,20,32.6615932325,32.6615932325,54,109,72.3333333333,31.7542648054,1008.3333333333,0,0,0,0,0,0,0,0,1,108.5,54.0,109.0,20,0,0,0,0,0,0,1,54,1,109,-1,-1,0,20,0.0,0.0,0,0,0.0,0.0,0,0,benign,benign,0
33808,840,3,1,137,6,137,0,45.6666666667,79.096986879,6,6,6.0,0.0,170238.095238095,4761.9047619048,280.0,276.4905061661,591,62,840,420.0,241.8305191658,591,249,0,0.0,0.0,0,0,0,0,0,0,96,20,3571.4285714286,1190.4761904762,0,137,28.6,60.6531120389,3678.8,0,0,0,0,1,0,0,0,0,35.75,45.6666666667,6.0,96,0,0,0,0,0,0,3,137,1,6,114,0,1,32,0.0,0.0,0,0,0.0,0.0,0,0,benign,benign,0
123,67061389,2,2,96,96,48,48,48.0,0.0,48,48,48.0,0.0,2.863048363,0.0596468409,22353796.3333333,38601741.0332403,66927247,61366,67000023,67000023.0,0.0,67000023,67000023,66988613,66988613.0,0.0,66988613,66988613,0,0,0,0,40,40,0.0298234204,0.0298234204,48,48,48.0,0.0,0.0,0,0,0,0,0,0,0,0,1,60.0,48.0,48.0,40,0,0,0,0,0,0,2,96,2,96,-1,-1,1,20,72776.0,0.0,72776,72776,66927247.0,0.0,66927247,66927247,benign,benign,0
62532,3,2,0,37,0,31,6,18.5,17.6776695297,0,0,0.0,0.0,12333333.3333333,666666.666666667,3.0,0.0,3,3,3,3.0,0.0,3,3,0,0.0,0.0,0,0,1,0,0,0,40,0,666666.666666667,0.0,6,31,22.6666666667,14.4337567297,208.3333333333,0,1,0,0,1,0,0,0,0,34.0,18.5,0.0,40,0,0,0,0,0,0,2,37,0,0,946,-1,1,20,0.0,0.0,0,0,0.0,0.0,0,0,benign,benign,0
80,811079,3,6,26,11601,20,0,8.666666667,10.26320288,4380,0,1933.5,1757.789948,14335.22505,11.0963297,101384.875,276514.3913,785381,10,25271,12635.5,17617.56545,25093,178,811069,162213.8,348531.8412,785381,16,0,0,0,0,72,132,3.698776568,7.397553136,0,4380,1162.7,1645.241762,2706820.456,0,0,0,1,0,0,0,0,2,1291.888889,8.666666667,1933.5,72,0,0,0,0,0,0,3,26,6,11601,8192,229,2,20,0.0,0.0,0,0,0.0,0.0,0,0,ddos,ddos,1
443,47305,2,0,12,0,6,6,6.0,0.0,0,0,0.0,0.0,253.6729732586,42.2788288764,47305.0,0.0,47305,47305,47305,47305.0,0.0,47305,47305,0,0.0,0.0,0,0,0,0,0,0,40,0,42.2788288764,0.0,6,6,6.0,0.0,0.0,0,0,0,0,1,0,0,0,0,9.0,6.0,0.0,40,0,0,0,0,0,0,2,12,0,0,64209,-1,1,20,0.0,0.0,0,0,0.0,0.0,0,0,benign,benign,0
53,23543,1,1,44,60,44,44,44.0,0.0,60,60,60.0,0.0,4417.4489232468,84.9509408317,23543.0,0.0,23543,23543,0,0.0,0.0,0,0,0,0.0,0.0,0,0,0,0,0,0,44,20,42.4754704158,42.4754704158,44,60,49.3333333333,9.237604307,85.3333333333,0,0,0,0,0,0,0,0,1,74.0,44.0,60.0,44,0,0,0,0,0,0,1,44,1,60,-1,-1,0,44,0.0,0.0,0,0,0.0,0.0,0,0,benign,benign,0
1900,34,1,1,2,6,2,2,2.0,0.0,6,6,6.0,0.0,235294.1176,58823.52941,34.0,0.0,34,34,0,0.0,0.0,0,0,0,0.0,0.0,0,0,0,0,0,0,24,20,29411.76471,29411.76471,2,6,3.333333333,2.309401077,5.333333333,0,0,0,1,0,0,0,0,1,5.0,2.0,6.0,24,0,0,0,0,0,0,1,2,1,6,1024,0,0,24,0.0,0.0,0,0,0.0,0.0,0,0,portscan,portscan,1
443,9085910,60,102,6481,126088,549,0,108.0166666667,185.7521121687,4405,0,1236.1568627451,971.0689500975,14590.6133782967,17.8298046096,56434.2236024845,413083.700214163,5005043,0,9085910,153998.474576271,675264.159285942,5005143,49,3941243,39022.2079207921,174725.509815099,1694519,0,0,0,0,0,1212,2048,6.6036313369,11.2261732727,0,4405,813.3067484663,949.4037526635,901367.485571462,0,0,0,1,0,0,0,0,1,818.3271604938,108.0166666667,1236.1568627451,1212,0,0,0,0,0,0,60,6481,102,126088,8192,10550,59,20,4080818.0,0.0,4080818,4080818,5005043.0,0.0,5005043,5005043,benign,benign,0
51605,3,2,0,37,0,31,6,18.5,17.6776695297,0,0,0.0,0.0,12333333.3333333,666666.666666667,3.0,0.0,3,3,3,3.0,0.0,3,3,0,0.0,0.0,0,0,1,0,0,0,40,0,666666.666666667,0.0,6,31,22.6666666667,14.4337567297,208.3333333333,0,1,0,0,1,0,0,0,0,34.0,18.5,0.0,40,0,0,0,0,0,0,2,37,0,0,110,-1,1,20,0.0,0.0,0,0,0.0,0.0,0,0,benign,benign,0
1914,57,1,1,2,6,2,2,2.0,0.0,6,6,6.0,0.0,140350.8772,35087.7193,57.0,0.0,57,57,0,0.0,0.0,0,0,0,0.0,0.0,0,0,0,0,0,0,24,20,17543.85965,17543.85965,2,6,3.333333333,2.309401077,5.333333333,0,0,0,1,0,0,0,0,1,5.0,2.0,6.0,24,0,0,0,0,0,0,1,2,1,6,1024,0,0,24,0.0,0.0,0,0,0.0,0.0,0,0,portscan,portscan,1
6510,51,1,1,2,6,2,2,2.0,0.0,6,6,6.0,0.0,156862.7451,39215.68627,51.0,0.0,51,51,0,0.0,0.0,0,0,0,0.0,0.0,0,0,0,0,0,0,24,20,19607.84314,19607.84314,2,6,3.333333333,2.309401077,5.333333333,0,0,0,1,0,0,0,0,1,5.0,2.0,6.0,24,0,0,0,0,0,0,1,2,1,6,1024,0,0,24,0.0,0.0,0,0,0.0,0.0,0,0,portscan,portscan,1
80,800604,3,5,26,11607,20,0,8.666666667,10.26320288,7215,0,2321.4,3327.769794,14530.27964,9.992455696,114372.0,302164.2622,799616,12,719,359.5,413.657467,652,67,800527,200131.75,399656.2769,799616,12,0,0,0,0,72,112,3.747170886,6.24528481,0,7215,1292.555556,2650.585648,7025604.278,0,0,0,1,0,0,0,0,1,1454.125,8.666666667,2321.4,72,0,0,0,0,0,0,3,26,5,11607,8192,229,2,20,0.0,0.0,0,0,0.0,0.0,0,0,ddos,ddos,1
9003,43,1,1,2,6,2,2,2.0,0.0,6,6,6.0,0.0,186046.5116,46511.62791,43.0,0.0,43,43,0,0.0,0.0,0,0,0,0.0,0.0,0,0,0,0,0,0,24,20,23255.81395,23255.81395,2,6,3.333333333,2.309401077,5.333333333,0,0,0,1,0,0,0,0,1,5.0,2.0,6.0,24,0,0,0,0,0,0,1,2,1,6,1024,0,0,24,0.0,0.0,0,0,0.0,0.0,0,0,portscan,portscan,1
80,7782214,4,0,24,0,6,6,6.0,0.0,0,0,0.0,0.0,3.083955286,0.513992548,2594071.333,4492324.629,7781361,351,7782214,2594071.333,4492324.629,7781361,351,0,0.0,0.0,0,0,0,0,0,0,80,0,0.513992548,0.0,6,6,6.0,0.0,0.0,0,0,0,0,1,0,0,0,0,7.5,6.0,0.0,80,0,0,0,0,0,0,4,24,0,0,256,-1,3,20,853.0,0.0,853,853,7781361.0,0.0,7781361,7781361,ddos,ddos,1
53,69433,1,1,42,134,42,42,42.0,0.0,134,134,134.0,0.0,2534.8177379632,28.8047470223,69433.0,0.0,69433,69433,0,0.0,0.0,0,0,0,0.0,0.0,0,0,0,0,0,0,32,32,14.4023735112,14.4023735112,42,134,72.6666666667,53.1162247654,2821.3333333333,0,0,0,0,0,0,0,0,1,109.0,42.0,134.0,32,0,0,0,0,0,0,1,42,1,134,-1,-1,0,32,0.0,0.0,0,0,0.0,0.0,0,0,benign,benign,0
1080,43,1,1,2,6,2,2,2.0,0.0,6,6,6.0,0.0,186046.5116,46511.62791,43.0,0.0,43,43,0,0.0,0.0,0,0,0,0.0,0.0,0,0,0,0,0,0,24,20,23255.81395,23255.81395,2,6,3.333333333,2.309401077,5.333333333,0,0,0,1,0,0,0,0,1,5.0,2.0,6.0,24,0,0,0,0,0,0,1,2,1,6,1024,0,0,24,0.0,0.0,0,0,0.0,0.0,0,0,portscan,portscan,1
80,9209073,5,0,30,0,6,6,6.0,0.0,0,0,0.0,0.0,3.257656878,0.542942813,2302268.25,4603489.834,9207503,454,9209073,2302268.25,4603489.834,9207503,454,0,0.0,0.0,0,0,0,0,0,0,100,0,0.542942813,0.0,6,6,6.0,0.0,0.0,0,0,0,0,1,0,0,0,0,7.2,6.0,0.0,100,0,0,0,0,0,0,5,30,0,0,256,-1,4,20,1570.0,0.0,1570,1570,9207503.0,0.0,9207503,9207503,ddos,ddos,1
80,553172,3,6,26,11601,20,0,8.666666667,10.26320288,4380,0,1933.5,1757.789948,21018.77897,16.26980397,69146.5,192018.1399,544322,15,8171,4085.5,5268.652627,7811,360,553096,110619.2,242472.2351,544322,15,0,0,0,0,72,132,5.423267989,10.84653598,0,4380,1162.7,1645.241762,2706820.456,0,0,0,1,0,0,0,0,2,1291.888889,8.666666667,1933.5,72,0,0,0,0,0,0,3,26,6,11601,8192,229,2,20,0.0,0.0,0,0,0.0,0.0,0,0,ddos,ddos,1
53,75917,1,1,77,159,77,77,77.0,0.0,159,159,159.0,0.0,3108.6581398106,26.3445605069,75917.0,0.0,75917,75917,0,0.0,0.0,0,0,0,0.0,0.0,0,0,0,0,0,0,20,20,13.1722802534,13.1722802534,77,159,104.3333333333,47.3427220735,2241.3333333333,0,0,0,0,0,0,0,0,1,156.5,77.0,159.0,20,0,0,0,0,0,0,1,77,1,159,-1,-1,0,20,0.0,0.0,0,0,0.0,0.0,0,0,benign,benign,0
443,227031,7,7,934,4583,398,0,133.4285714286,170.7892045211,1336,0,654.7142857143,632.3381780571,24300.6461672635,61.6655875189,17463.9230769231,23951.6542694568,54071,1,172959,28826.5,31886.287000841,72684,116,178520,29753.3333333333,33706.9908812203,75633,1,0,0,0,0,152,152,30.8327937594,30.8327937594,0,1336,367.8,512.0092354078,262153.457142857,0,0,0,1,0,0,0,0,1,394.0714285714,133.4285714286,654.7142857143,152,0,0,0,0,0,0,7,934,7,4583,8192,5840,6,20,0.0,0.0,0,0,0.0,0.0,0,0,benign,benign,0
80,496602,3,7,26,11601,20,0,8.666666667,10.26320288,4380,0,1657.285714,1561.969346,23413.11553,20.13685003,55178.0,155044.6839,467958,48,28013,14006.5,18459.02252,27059,954,496499,82749.83333,189043.3696,467958,48,0,0,0,0,72,152,6.04105501,14.09579502,0,4380,1057.0,1468.855269,2157535.8,0,0,0,1,0,0,0,0,2,1162.7,8.666666667,1657.285714,72,0,0,0,0,0,0,3,26,7,11601,8192,229,2,20,0.0,0.0,0,0,0.0,0.0,0,0,ddos,ddos,1
80,34803,3,3,26,11601,20,0,8.666666667,10.26320288,11595,0,3867.0,6692.644993,334080.3954,172.3989311,6960.6,13923.17896,31765,0,2990,1495.0,2114.249276,2990,0,34754,17377.0,20347.70474,31765,2989,0,0,0,0,72,72,86.19946556,86.19946556,0,11595,1661.0,4380.487987,19200000.0,0,0,0,1,0,0,0,0,1,1937.833333,8.666666667,3867.0,72,0,0,0,0,0,0,3,26,3,11601,8192,229,2,20,0.0,0.0,0,0,0.0,0.0,0,0,ddos,ddos,1
53,107807,1,1,44,131,44,44,44.0,0.0,131,131,131.0,0.0,1623.2712161548,18.5516710418,107807.0,0.0,107807,107807,0,0.0,0.0,0,0,0,0.0,0.0,0,0,0,0,0,0,32,20,9.2758355209,9.2758355209,44,131,73.0,50.2294734195,2523.0,0,0,0,0,0,0,0,0,1,109.5,44.0,131.0,32,0,0,0,0,0,0,1,44,1,131,-1,-1,0,32,0.0,0.0,0,0,0.0,0.0,0,0,benign,benign,0
2605,50,1,1,2,6,2,2,2.0,0.0,6,6,6.0,0.0,160000.0,40000.0,50.0,0.0,50,50,0,0.0,0.0,0,0,0,0.0,0.0,0,0,0,0,0,0,24,20,20000.0,20000.0,2,6,3.333333333,2.309401077,5.333333333,0,0,0,1,0,0,0,0,1,5.0,2.0,6.0,24,0,0,0,0,0,0,1,2,1,6,1024,0,0,24,0.0,0.0,0,0,0.0,0.0,0,0,portscan,portscan,1
443,64973424,14,11,2504,7698,730,0,178.8571428571,288.9465899922,1554,0,699.8181818182,769.6705552614,157.0180447932,0.3847727034,2707226.0,9589851.60591662,44996558,10,64973424,4997955.69230769,12807277.5323003,44996558,427,61266771,6126677.1,14553207.4924348,45037713,49,0,0,0,0,292,244,0.2154727139,0.1692999895,0,1554,392.3846153846,594.6847956303,353650.006153846,0,0,0,1,0,0,0,0,0,408.08,178.8571428571,699.8181818182,292,0,0,0,0,0,0,14,2504,11,7698,8192,126,13,20,201293.5,226587.418283761,361515,41072,30452941.0,20567780.4073599,44996558,15909324,benign,benign,0
53,50493,1,1,48,88,48,48,48.0,0.0,88,88,88.0,0.0,2693.4426554176,39.609450815,50493.0,0.0,50493,50493,0,0.0,0.0,0,0,0,0.0,0.0,0,0,0,0,0,0,20,20,19.8047254075,19.8047254075,48,88,61.3333333333,23.0940107676,533.3333333333,0,0,0,0,0,0,0,0,1,92.0,48.0,88.0,20,0,0,0,0,0,0,1,48,1,88,-1,-1,0,20,0.0,0.0,0,0,0.0,0.0,0,0,benign,benign,0
5950,65,1,1,2,6,2,2,2.0,0.0,6,6,6.0,0.0,123076.9231,30769.23077,65.0,0.0,65,65,0,0.0,0.0,0,0,0,0.0,0.0,0,0,0,0,0,0,24,20,15384.61538,15384.61538,2,6,3.333333333,2.309401077,5.333333333,0,0,0,1,0,0,0,0,1,5.0,2.0,6.0,24,0,0,0,0,0,0,1,2,1,6,1024,0,0,24,0.0,0.0,0,0,0.0,0.0,0,0,portscan,portscan,1
80,49,1,1,6,6,6,6,6.0,0.0,6,6,6.0,0.0,244897.959183673,40816.3265306122,49.0,0.0,49,49,0,0.0,0.0,0,0,0,0.0,0.0,0,0,0,0,0,0,20,20,20408.1632653061,20408.1632653061,6,6,6.0,0.0,0.0,0,0,0,0,1,0,0,0,1,9.0,6.0,6.0,20,0,0,0,0,0,0,1,6,1,6,255,343,0,20,0.0,0.0,0,0,0.0,0.0,0,0,benign,benign,0
80,78910,4,5,429,2267,429,0,107.25,214.5,1448,0,453.4,659.4708484838,34165.5050057027,114.0539855532,9863.75,15412.1444947993,35057,2,78813,26271.0,13823.8394449588,35142,10343,45667,11416.75,22712.2292223815,45485,2,0,0,0,0,136,168,50.6906602458,63.3633253073,0,1448,269.6,497.1769637999,247184.933333333,0,0,0,1,0,0,0,0,1,299.5555555556,107.25,453.4,136,0,0,0,0,0,0,4,429,5,2267,29200,237,1,32,0.0,0.0,0,0,0.0,0.0,0,0,benign,benign,0
80,35103,3,6,26,11601,20,0,8.666666667,10.26320288,4380,0,1933.5,1757.789948,331225.2514,256.3883429,4387.875,11569.02821,32993,7,33042,16521.0,23354.32277,33035,7,35061,7012.2,14664.99119,33223,49,0,0,0,0,72,132,85.46278096,170.9255619,0,4380,1162.7,1645.241762,2706820.456,0,0,0,1,0,0,0,0,2,1291.888889,8.666666667,1933.5,72,0,0,0,0,0,0,3,26,6,11601,8192,229,2,20,0.0,0.0,0,0,0.0,0.0,0,0,ddos,ddos,1
80,1940941,5,0,30,0,6,6,6.0,0.0,0,0,0.0,0.0,15.45642037,2.576070061,485235.25,967800.3374,1936933,1,1940941,485235.25,967800.3374,1936933,1,0,0.0,0.0,0,0,0,0,0,0,100,0,2.576070061,0.0,6,6,6.0,0.0,0.0,0,0,0,0,1,0,0,0,0,7.2,6.0,0.0,100,0,0,0,0,0,0,5,30,0,0,256,-1,4,20,0.0,0.0,0,0,0.0,0.0,0,0,ddos,ddos,1
443,64,2,0,12,0,6,6,6.0,0.0,0,0,0.0,0.0,187500.0,31250.0,64.0,0.0,64,64,64,64.0,0.0,64,64,0,0.0,0.0,0,0,0,0,0,0,40,0,31250.0,0.0,6,6,6.0,0.0,0.0,0,0,0,0,1,0,0,0,0,9.0,6.0,0.0,40,0,0,0,0,0,0,2,12,0,0,256,-1,1,20,0.0,0.0,0,0,0.0,0.0,0,0,benign,benign,0
443,8482653,6,7,1209,456,629,0,201.5,290.5131666551,251,0,65.1428571429,98.9114563156,196.2829317667,1.5325394072,706887.75,2389221.13740319,8293344,3,189306,37861.2,36347.7175720842,82724,161,8430207,1405034.5,3386170.52001749,8316839,3,0,0,0,0,132,152,0.7073258802,0.8252135269,0,629,118.9285714286,206.805915808,42768.6868131868,0,0,0,1,0,0,0,0,1,128.0769230769,201.5,65.1428571429,132,0,0,0,0,0,0,6,1209,7,456,8192,67,5,20,189306.0,0.0,189306,189306,8293344.0,0.0,8293344,8293344,benign,benign,0
443,117937413,27,25,1030,16432,215,0,38.1481481481,62.7925177461,1460,0,657.28,658.5393888498,148.0615824598,0.440911825,2312498.29411765,11515794.7113367,58985115,1,117937413,4536054.34615385,15960503.102634,58985115,1,117922263,4913427.625,16587104.7621648,59003458,1,0,0,0,0,560,512,0.2289349861,0.2119768389,0,1460,329.4716981132,547.6730005485,299945.715529753,0,0,0,1,0,0,0,0,0,335.8076923077,38.1481481481,657.28,560,0,0,0,0,0,0,27,1030,25,16432,29200,32,26,20,208939.5,272603.099176257,401699,16180,58750607.5,331643.686978209,58985115,58516100,benign,benign,0
443,10125052,6,7,1399,1127,819,0,233.1666666667,350.5774759831,935,2,161.0,344.8990190379,249.4802002005,1.2839440232,843754.333333333,2868440.26876141,9952120,4,172928,34585.6,31780.0813293484,86204,201,10092046,1682007.66666667,4072412.33947211,9994655,4,0,0,0,0,132,144,0.5925895492,0.691354474,0,935,180.4285714286,325.8290524624,106164.571428571,0,0,0,1,0,0,0,0,1,194.3076923077,233.1666666667,161.0,132,0,0,0,0,0,0,6,1399,7,1127,8192,31122,5,20,172928.0,0.0,172928,172928,9952120.0,0.0,9952120,9952120,benign,benign,0
10009,43,1,1,2,6,2,2,2.0,0.0,6,6,6.0,0.0,186046.5116,46511.62791,43.0,0.0,43,43,0,0.0,0.0,0,0,0,0.0,0.0,0,0,0,0,0,0,24,20,23255.81395,23255.81395,2,6,3.333333333,2.309401077,5.333333333,0,0,0,1,0,0,0,0,1,5.0,2.0,6.0,24,0,0,0,0,0,0,1,2,1,6,1024,0,0,24,0.0,0.0,0,0,0.0,0.0,0,0,portscan,portscan,1
53,20815915,2,2,100,314,56,44,50.0,8.4852813742,224,90,157.0,94.752308679,19.8886284845,0.1921606617,6938638.33333333,11938882.8308029,20724462,30806,20785109,20785109.0,0.0,20785109,20785109,20755268,20755268.0,0.0,20755268,20755268,0,0,0,0,64,40,0.0960803308,0.0960803308,44,224,91.6,76.3727700165,5832.8,0,0,0,0,0,0,0,0,1,114.5,50.0,157.0,64,0,0,0,0,0,0,2,100,2,314,-1,-1,1,32,60647.0,0.0,60647,60647,20724462.0,0.0,20724462,20724462,benign,benign,0
406,56,1,1,2,6,2,2,2.0,0.0,6,6,6.0,0.0,142857.1429,35714.28571,56.0,0.0,56,56,0,0.0,0.0,0,0,0,0.0,0.0,0,0,0,0,0,0,24,20,17857.14286,17857.14286,2,6,3.333333333,2.309401077,5.333333333,0,0,0,1,0,0,0,0,1,5.0,2.0,6.0,24,0,0,0,0,0,0,1,2,1,6,1024,0,0,24,0.0,0.0,0,0,0.0,0.0,0,0,portscan,portscan,1
53,118933904,2,2,108,165,55,53,54.0,1.4142135624,96,69,82.5,19.091883092,2.2953925737,0.0336321256,39644634.6666667,68480926.7676651,118719549,31195,118902709,118902709.0,0.0,118902709,118902709,118750744,118750744.0,0.0,118750744,118750744,0,0,0,0,52,64,0.0168160628,0.0168160628,53,96,65.6,18.1603964714,329.8,0,0,0,0,0,0,0,0,1,82.0,54.0,82.5,52,0,0,0,0,0,0,2,108,2,165,-1,-1,1,20,183160.0,0.0,183160,183160,118719549.0,0.0,118719549,118719549,benign,benign,0
80,809216,3,6,26,11607,20,0,8.666666667,10.26320288,4380,0,1934.5,2177.344966,14375.6426,11.12187599,101152.0,285574.7228,807913,2,1166,583.0,619.4255403,1021,145,809098,161819.6,361177.4923,807913,2,0,0,0,0,72,132,3.707291996,7.414583992,0,4380,1163.3,1903.962654,3625073.789,0,0,0,1,0,0,0,0,2,1292.555556,8.666666667,1934.5,72,0,0,0,0,0,0,3,26,6,11607,8192,229,2,20,0.0,0.0,0,0,0.0,0.0,0,0,ddos,ddos,1
62489,3,3,0,65,0,53,6,21.6666666667,27.1354626519,0,0,0.0,0.0,21666666.6666667,1000000.0,1.5,0.7071067812,2,1,3,1.5,0.7071067812,2,1,0,0.0,0.0,0,0,0,0,0,0,60,0,1000000.0,0.0,6,53,17.75,23.5,552.25,0,0,0,0,1,0,0,0,0,23.6666666667,21.6666666667,0.0,60,0,0,0,0,0,0,3,65,0,0,1025,-1,2,20,0.0,0.0,0,0,0.0,0.0,0,0,benign,benign,0
53,48306,1,1,38,54,38,38,38.0,0.0,54,54,54.0,0.0,1904.5253177659,41.4027242993,48306.0,0.0,48306,48306,0,0.0,0.0,0,0,0,0.0,0.0,0,0,0,0,0,0,40,32,20.7013621496,20.7013621496,38,54,43.3333333333,9.237604307,85.3333333333,0,0,0,0,0,0,0,0,1,65.0,38.0,54.0,40,0,0,0,0,0,0,1,38,1,54,-1,-1,0,40,0.0,0.0,0,0,0.0,0.0,0,0,benign,benign,0
27352,60,1,1,2,6,2,2,2.0,0.0,6,6,6.0,0.0,133333.3333,33333.33333,60.0,0.0,60,60,0,0.0,0.0,0,0,0,0.0,0.0,0,0,0,0,0,0,24,20,16666.66667,16666.66667,2,6,3.333333333,2.309401077,5.333333333,0,0,0,1,0,0,0,0,1,5.0,2.0,6.0,24,0,0,0,0,0,0,1,2,1,6,1024,0,0,24,0.0,0.0,0,0,0.0,0.0,0,0,portscan,portscan,1
51415,3,2,0,37,0,31,6,18.5,17.6776695297,0,0,0.0,0.0,12333333.3333333,666666.666666667,3.0,0.0,3,3,3,3.0,0.0,3,3,0,0.0,0.0,0,0,1,0,0,0,40,0,666666.666666667,0.0,6,31,22.6666666667,14.4337567297,208.3333333333,0,1,0,0,1,0,0,0,0,34.0,18.5,0.0,40,0,0,0,0,0,0,2,37,0,0,62,-1,1,20,0.0,0.0,0,0,0.0,0.0,0,0,benign,benign,0
62380,3,2,0,12,0,6,6,6.0,0.0,0,0,0.0,0.0,4000000.0,666666.666666667,3.0,0.0,3,3,3,3.0,0.0,3,3,0,0.0,0.0,0,0,0,0,0,0,40,0,666666.666666667,0.0,6,6,6.0,0.0,0.0,0,0,0,0,1,0,0,0,0,9.0,6.0,0.0,40,0,0,0,0,0,0,2,12,0,0,360,-1,1,20,0.0,0.0,0,0,0.0,0.0,0,0,benign,benign,0
53,77623,2,2,106,234,53,53,53.0,0.0,117,117,117.0,0.0,4380.1450600982,51.5311183541,25874.3333333333,44810.4637928836,77617,3,3,3.0,0.0,3,3,3,3.0,0.0,3,3,0,0,0,0,64,40,25.765559177,25.765559177,53,117,78.6,35.0542436803,1228.8,0,0,0,0,0,0,0,0,1,98.25,53.0,117.0,64,0,0,0,0,0,0,2,106,2,234,-1,-1,1,32,0.0,0.0,0,0,0.0,0.0,0,0,benign,benign,0
443,795339,2,0,12,0,6,6,6.0,0.0,0,0,0.0,0.0,15.0879059118,2.5146509853,795339.0,0.0,795339,795339,795339,795339.0,0.0,795339,795339,0,0.0,0.0,0,0,0,0,0,0,40,0,2.5146509853,0.0,6,6,6.0,0.0,0.0,0,0,0,0,1,0,0,0,0,9.0,6.0,0.0,40,0,0,0,0,0,0,2,12,0,0,63892,-1,1,20,0.0,0.0,0,0,0.0,0.0,0,0,benign,benign,0
80,5263079,4,2,12,0,6,0,3.0,3.4641016151,0,0,0.0,0.0,2.2800341777,1.1400170889,1052615.8,1835826.52029357,4246362,53,5263079,1754359.66666667,2212256.57637633,4246415,22200,994643,994643.0,0.0,994643,994643,0,0,0,0,104,64,0.7600113926,0.3800056963,0,6,1.7142857143,2.9277002188,8.5714285714,0,0,0,1,0,0,0,0,0,2.0,3.0,0.0,104,0,0,0,0,0,0,4,12,2,0,8192,29200,2,20,0.0,0.0,0,0,0.0,0.0,0,0,benign,benign,0
80,17993,3,6,26,11601,20,0,8.666666667,10.26320288,7300,0,1933.5,2720.783986,646195.7428,500.1945201,2249.125,3880.179725,11069,191,6061,3030.5,2856.004289,5050,1011,17633,3526.6,4895.007794,11069,191,0,0,0,0,72,132,166.7315067,333.4630134,0,7300,1162.7,2258.94725,5102842.678,0,0,0,1,0,0,0,0,2,1291.888889,8.666666667,1933.5,72,0,0,0,0,0,0,3,26,6,11601,8192,229,2,20,0.0,0.0,0,0,0.0,0.0,0,0,ddos,ddos,1
80,8771928,5,0,30,0,6,6,6.0,0.0,0,0,0.0,0.0,3.420000711,0.570000119,2192982.0,4383967.409,8768933,1,8771928,2192982.0,4383967.409,8768933,1,0,0.0,0.0,0,0,0,0,0,0,100,0,0.570000119,0.0,6,6,6.0,0.0,0.0,0,0,0,0,1,0,0,0,0,7.2,6.0,0.0,100,0,0,0,0,0,0,5,30,0,0,256,-1,4,20,2995.0,0.0,2995,2995,8768933.0,0.0,8768933,8768933,ddos,ddos,1
443,360499,17,19,1532,15085,905,0,90.1176470588,218.2074363859,1430,0,793.9473684211,648.0690527066,46094.4413160647,99.8615807533,10299.9714285714,24223.3774585453,123473,1,360499,22531.1875,32392.4689111914,123473,187,293531,16307.2777777778,41907.4328656491,160775,1,0,0,0,0,352,392,47.156857578,52.7047231754,0,1430,449.1081081081,600.3156939748,360378.932432432,0,0,0,1,0,0,0,0,1,461.5833333333,90.1176470588,793.9473684211,352,0,0,0,0,0,0,17,1532,19,15085,8192,373,16,20,0.0,0.0,0,0,0.0,0.0,0,0,benign,benign,0
62078,44,1,1,2,6,2,2,2.0,0.0,6,6,6.0,0.0,181818.1818,45454.54545,44.0,0.0,44,44,0,0.0,0.0,0,0,0,0.0,0.0,0,0,0,0,0,0,24,20,22727.27273,22727.27273,2,6,3.333333333,2.309401077,5.333333333,0,0,0,1,0,0,0,0,1,5.0,2.0,6.0,24,0,0,0,0,0,0,1,2,1,6,1024,0,0,24,0.0,0.0,0,0,0.0,0.0,0,0,portscan,portscan,1
306,48,1,1,2,6,2,2,2.0,0.0,6,6,6.0,0.0,166666.6667,41666.66667,48.0,0.0,48,48,0,0.0,0.0,0,0,0,0.0,0.0,0,0,0,0,0,0,24,20,20833.33333,20833.33333,2,6,3.333333333,2.309401077,5.333333333,0,0,0,1,0,0,0,0,1,5.0,2.0,6.0,24,0,0,0,0,0,0,1,2,1,6,1024,0,0,24,0.0,0.0,0,0,0.0,0.0,0,0,portscan,portscan,1
53,258733,1,1,43,329,43,43,43.0,0.0,329,329,329.0,0.0,1437.7756219732,7.7299764622,258733.0,0.0,258733,258733,0,0.0,0.0,0,0,0,0.0,0.0,0,0,0,0,0,0,20,20,3.8649882311,3.8649882311,43,329,138.3333333333,165.1221769882,27265.3333333333,0,0,0,0,0,0,0,0,1,207.5,43.0,329.0,20,0,0,0,0,0,0,1,43,1,329,-1,-1,0,20,0.0,0.0,0,0,0.0,0.0,0,0,benign,benign,0
80,2037715,5,0,30,0,6,6,6.0,0.0,0,0,0.0,0.0,14.72237285,2.453728809,509428.75,1016853.179,2034708,1,2037715,509428.75,1016853.179,2034708,1,0,0.0,0.0,0,0,0,0,0,0,100,0,2.453728809,0.0,6,6,6.0,0.0,0.0,0,0,0,0,1,0,0,0,0,7.2,6.0,0.0,100,0,0,0,0,0,0,5,30,0,0,256,-1,4,20,0.0,0.0,0,0,0.0,0.0,0,0,ddos,ddos,1
80,70439866,71,108,1189,185901,278,0,16.7464788732,52.0078890471,4380,0,1721.3055555556,896.9531026648,2656.0243598419,2.541174624,395729.584269663,1918902.9032876,10016794,2,61516532,878807.6,2821876.07901785,10037463,105,70402964,657971.626168224,2451228.54422553,10045006,2,0,0,0,0,1432,2244,1.0079519458,1.5332226782,0,4380,1039.3888888889,1087.8366794775,1183388.64121664,0,0,0,1,0,0,0,0,1,1045.1955307263,16.7464788732,1721.3055555556,1432,0,0,0,0,0,0,71,1189,108,185901,8192,78,70,20,250547.5,543499.205819015,1359960,28131,10002207.8333333,9030.7079548985,10016794,9992035,benign,benign,0
80,26052189,6,6,455,1785,431,0,75.8333333333,174.0119727682,1773,0,297.5,722.8503994604,85.981258619,0.4606138855,2368380.81818182,4161433.36287104,10001321,56,20114136,4022827.2,5474237.72101639,10037708,221,26015245,5203049.0,5024626.84708696,10038124,950,0,0,0,0,132,156,0.2303069427,0.2303069427,0,1773,172.3076923077,495.272380382,245294.730769231,0,0,0,1,0,0,0,0,1,186.6666666667,75.8333333333,297.5,132,0,0,0,0,0,0,6,455,6,1785,8192,946,5,20,55927.0,27124.616126316,75107,36747,10001141.0,254.5584412272,10001321,10000961,benign,benign,0
443,8651153,29,41,1005,44293,405,0,34.6551724138,89.1736972199,2864,0,1080.3170731707,737.1716706109,5236.0650655468,8.0914070067,125379.028985507,745404.255649123,5897860,1,6650354,237512.642857143,1110698.12174286,5898087,1,8548281,213707.025,974453.092254619,5897860,1,0,0,0,0,604,832,3.3521543313,4.7392526753,0,2864,638.0,764.8036722865,584924.657142857,0,0,0,1,0,0,0,0,1,647.1142857143,34.6551724138,1080.3170731707,604,0,0,0,0,0,0,29,1005,41,44293,65535,70,28,20,752411.0,0.0,752411,752411,5897860.0,0.0,5897860,5897860,benign,benign,0
80,11536774,4,0,24,0,6,6,6.0,0.0,0,0,0.0,0.0,2.080304251,0.346717375,3845591.333,6657305.297,11500000,3,11500000,3845591.333,6657305.297,11500000,3,0,0.0,0.0,0,0,0,0,0,0,80,0,0.346717375,0.0,6,6,6.0,0.0,0.0,0,0,0,0,1,0,0,0,0,7.5,6.0,0.0,80,0,0,0,0,0,0,4,24,0,0,256,-1,3,20,3989.0,0.0,3989,3989,11500000.0,0.0,11500000,11500000,ddos,ddos,1
646,75,1,1,2,6,2,2,2.0,0.0,6,6,6.0,0.0,106666.6667,26666.66667,75.0,0.0,75,75,0,0.0,0.0,0,0,0,0.0,0.0,0,0,0,0,0,0,24,20,13333.33333,13333.33333,2,6,3.333333333,2.309401077,5.333333333,0,0,0,1,0,0,0,0,1,5.0,2.0,6.0,24,0,0,0,0,0,0,1,2,1,6,1024,0,0,24,0.0,0.0,0,0,0.0,0.0,0,0,portscan,portscan,1
53,470,1,1,34,109,34,34,34.0,0.0,109,109,109.0,0.0,304255.319148936,4255.3191489362,470.0,0.0,470,470,0,0.0,0.0,0,0,0,0.0,0.0,0,0,0,0,0,0,20,20,2127.6595744681,2127.6595744681,34,109,59.0,43.3012701892,1875.0,0,0,0,0,0,0,0,0,1,88.5,34.0,109.0,20,0,0,0,0,0,0,1,34,1,109,-1,-1,0,20,0.0,0.0,0,0,0.0,0.0,0,0,benign,benign,0
8089,50,1,1,2,6,2,2,2.0,0.0,6,6,6.0,0.0,160000.0,40000.0,50.0,0.0,50,50,0,0.0,0.0,0,0,0,0.0,0.0,0,0,0,0,0,0,24,20,20000.0,20000.0,2,6,3.333333333,2.309401077,5.333333333,0,0,0,1,0,0,0,0,1,5.0,2.0,6.0,24,0,0,0,0,0,0,1,2,1,6,1024,0,0,24,0.0,0.0,0,0,0.0,0.0,0,0,portscan,portscan,1
80,781910,3,4,26,11607,20,0,8.666666667,10.26320288,11595,0,2901.75,5795.50069,14877.67134,8.952436981,130318.3333,318622.2083,780703,15,928,464.0,374.766594,729,199,781895,260631.6667,450395.1786,780703,180,0,0,0,0,72,92,3.836758706,5.115678275,0,11595,1454.125,4097.537534,16800000.0,0,0,0,1,0,0,0,0,1,1661.857143,8.666666667,2901.75,72,0,0,0,0,0,0,3,26,4,11607,8192,229,2,20,0.0,0.0,0,0,0.0,0.0,0,0,ddos,ddos,1
51522,2,3,0,83,0,46,6,27.6666666667,20.2072594216,0,0,0.0,0.0,41500000.0,1500000.0,1.0,0.0,1,1,2,1.0,0.0,1,1,0,0.0,0.0,0,0,1,0,0,0,60,0,1500000.0,0.0,6,46,32.25,18.8745860882,356.25,0,1,0,0,1,0,0,0,0,43.0,27.6666666667,0.0,60,0,0,0,0,0,0,3,83,0,0,125,-1,2,20,0.0,0.0,0,0,0.0,0.0,0,0,benign,benign,0
443,130,2,0,12,0,6,6,6.0,0.0,0,0,0.0,0.0,92307.6923076923,15384.6153846154,130.0,0.0,130,130,130,130.0,0.0,130,130,0,0.0,0.0,0,0,0,0,0,0,40,0,15384.6153846154,0.0,6,6,6.0,0.0,0.0,0,0,0,0,1,0,0,0,0,9.0,6.0,0.0,40,0,0,0,0,0,0,2,12,0,0,251,-1,1,20,0.0,0.0,0,0,0.0,0.0,0,0,benign,benign,0
80,4719831,5,0,30,0,6,6,6.0,0.0,0,0,0.0,0.0,6.356159786,1.059359964,1179957.75,2358691.5,4717995,567,4719831,1179957.75,2358691.5,4717995,567,0,0.0,0.0,0,0,0,0,0,0,100,0,1.059359964,0.0,6,6,6.0,0.0,0.0,0,0,0,0,1,0,0,0,0,7.2,6.0,0.0,100,0,0,0,0,0,0,5,30,0,0,256,-1,4,20,0.0,0.0,0,0,0.0,0.0,0,0,ddos,ddos,1
443,11129810,7,6,667,5450,517,0,95.2857142857,191.3780850269,2266,0,908.3333333333,950.172545734,549.6050696283,1.1680343151,927484.166666667,3149900.51943229,10929584,50,11129810,1854968.33333333,4445748.23281722,10929584,208,121759,24351.8,31649.3423580965,77379,50,0,0,0,0,152,132,0.6289415543,0.5390927608,0,2266,436.9285714286,737.728995925,544244.071428571,0,0,0,1,0,0,0,0,0,470.5384615385,95.2857142857,908.3333333333,152,0,0,0,0,0,0,7,667,6,5450,8192,31,6,20,0.0,0.0,0,0,0.0,0.0,0,0,benign,benign,0
80,1825122,3,5,26,11601,20,0,8.666666667,10.26320288,5840,0,2320.2,2436.833027,6370.533038,4.383268625,260731.7143,679842.3784,1802365,39,22377,11188.5,14835.80738,21679,698,1824913,456228.25,897484.6216,1802365,157,0,0,0,0,72,112,1.643725734,2.739542891,0,5840,1291.888889,2110.95076,4456113.111,0,0,0,1,0,0,0,0,1,1453.375,8.666666667,2320.2,72,0,0,0,0,0,0,3,26,5,11601,8192,229,2,20,0.0,0.0,0,0,0.0,0.0,0,0,ddos,ddos,1
443,747,2,0,12,0,6,6,6.0,0.0,0,0,0.0,0.0,16064.2570281124,2677.3761713521,747.0,0.0,747,747,747,747.0,0.0,747,747,0,0.0,0.0,0,0,0,0,0,0,40,0,2677.3761713521,0.0,6,6,6.0,0.0,0.0,0,0,0,0,1,0,0,0,0,9.0,6.0,0.0,40,0,0,0,0,0,0,2,12,0,0,64240,-1,1,20,0.0,0.0,0,0,0.0,0.0,0,0,benign,benign,0
443,842,2,0,12,0,6,6,6.0,0.0,0,0,0.0,0.0,14251.7814726841,2375.296912114,842.0,0.0,842,842,842,842.0,0.0,842,842,0,0.0,0.0,0,0,0,0,0,0,40,0,2375.296912114,0.0,6,6,6.0,0.0,0.0,0,0,0,0,1,0,0,0,0,9.0,6.0,0.0,40,0,0,0,0,0,0,2,12,0,0,253,-1,1,20,0.0,0.0,0,0,0.0,0.0,0,0,benign,benign,0
16012,14,1,1,2,6,2,2,2.0,0.0,6,6,6.0,0.0,571428.5714,142857.1429,14.0,0.0,14,14,0,0.0,0.0,0,0,0,0.0,0.0,0,0,0,0,0,0,24,20,71428.57143,71428.57143,2,6,3.333333333,2.309401077,5.333333333,0,0,0,1,0,0,0,0,1,5.0,2.0,6.0,24,0,0,0,0,0,0,1,2,1,6,1024,0,0,24,0.0,0.0,0,0,0.0,0.0,0,0,portscan,portscan,1
427,44,1,1,2,6,2,2,2.0,0.0,6,6,6.0,0.0,181818.1818,45454.54545,44.0,0.0,44,44,0,0.0,0.0,0,0,0,0.0,0.0,0,0,0,0,0,0,24,20,22727.27273,22727.27273,2,6,3.333333333,2.309401077,5.333333333,0,0,0,1,0,0,0,0,1,5.0,2.0,6.0,24,0,0,0,0,0,0,1,2,1,6,1024,0,0,24,0.0,0.0,0,0,0.0,0.0,0,0,portscan,portscan,1
22,65,1,1,6,6,6,6,6.0,0.0,6,6,6.0,0.0,184615.384615385,30769.2307692308,65.0,0.0,65,65,0,0.0,0.0,0,0,0,0.0,0.0,0,0,0,0,0,0,20,20,15384.6153846154,15384.6153846154,6,6,6.0,0.0,0.0,0,0,0,0,1,1,0,0,1,9.0,6.0,6.0,20,0,0,0,0,0,0,1,6,1,6,250,245,0,20,0.0,0.0,0,0,0.0,0.0,0,0,benign,benign,0
6006,42,1,1,2,6,2,2,2.0,0.0,6,6,6.0,0.0,190476.1905,47619.04762,42.0,0.0,42,42,0,0.0,0.0,0,0,0,0.0,0.0,0,0,0,0,0,0,24,20,23809.52381,23809.52381,2,6,3.333333333,2.309401077,5.333333333,0,0,0,1,0,0,0,0,1,5.0,2.0,6.0,24,0,0,0,0,0,0,1,2,1,6,1024,0,0,24,0.0,0.0,0,0,0.0,0.0,0,0,portscan,portscan,1
9916,64064,15,9,20526,42,2920,0,1368.4,1016.9671858732,6,0,4.6666666667,2.6457513111,321053.946053946,374.6253746254,2785.3913043478,10892.5822163489,51416,1,63940,4567.1428571429,13862.8132002193,51416,1,63982,7997.75,18111.3398474941,51587,3,0,0,0,0,324,204,234.1408591409,140.4845154845,0,2920,822.72,1033.7116990083,1068559.87666667,0,0,0,1,0,0,0,0,0,857.0,1368.4,4.6666666667,324,0,0,0,0,0,0,15,20526,9,42,8192,389,13,20,0.0,0.0,0,0,0.0,0.0,0,0,benign,benign,0
443,13799412,4,1,12,0,6,0,3.0,3.4641016151,0,0,0.0,0.0,0.86960227,0.3623342792,3449853.0,5066604.96112561,10753926,16,13799412,4599804.0,5529141.50180333,10753926,50842,0,0.0,0.0,0,0,0,0,0,0,104,32,0.2898674233,0.0724668558,0,6,2.0,3.098386677,9.6,0,0,0,1,0,0,0,0,0,2.4,3.0,0.0,104,0,0,0,0,0,0,4,12,1,0,8192,8192,2,20,0.0,0.0,0,0,0.0,0.0,0,0,benign,benign,0
443,90265211,3,3,18,0,6,6,6.0,0.0,0,0,0.0,0.0,0.1994123738,0.0664707913,18053042.2,24598831.5551217,45001851,87878,90175476,45087738.0,3234.3064171473,45090025,45085451,90177037,45088518.5,1711.9055172526,45089729,45087308,0,0,0,0,60,96,0.0332353956,0.0332353956,0,6,3.4285714286,3.2071349029,10.2857142857,0,0,0,0,1,0,0,0,1,4.0,6.0,0.0,60,0,0,0,0,0,0,3,18,3,0,253,123,2,20,88026.0,209.3036072312,88174,87878,44999712.0,3025.0028099161,45001851,44997573,benign,benign,0
80,7116820,4,0,24,0,6,6,6.0,0.0,0,0,0.0,0.0,3.372292681,0.56204878,2372273.333,4108028.484,7115816,3,7116820,2372273.333,4108028.484,7115816,3,0,0.0,0.0,0,0,0,0,0,0,80,0,0.56204878,0.0,6,6,6.0,0.0,0.0,0,0,0,0,1,0,0,0,0,7.5,6.0,0.0,80,0,0,0,0,0,0,4,24,0,0,256,-1,3,20,1004.0,0.0,1004,1004,7115816.0,0.0,7115816,7115816,ddos,ddos,1
443,90067245,3,3,18,0,6,6,6.0,0.0,0,0,0.0,0.0,0.1998506782,0.0666168927,18013449.0,24634124.3316346,45006494,23192,90044034,45022017.0,10845.6038098393,45029686,45014348,90043962,45021981.0,10923.3855557698,45029705,45014257,0,0,0,0,60,96,0.0333084464,0.0333084464,0,6,3.4285714286,3.2071349029,10.2857142857,0,0,0,0,1,0,0,0,1,4.0,6.0,0.0,60,0,0,0,0,0,0,3,18,3,0,256,980,2,20,23237.5,64.346717088,23283,23192,44998779.5,10909.9505269272,45006494,44991065,benign,benign,0
80,10116986,4,0,24,0,6,6,6.0,0.0,0,0,0.0,0.0,2.372248019,0.39537467,3372328.667,5840198.486,10100000,317,10100000,3372328.667,5840198.486,10100000,317,0,0.0,0.0,0,0,0,0,0,0,80,0,0.39537467,0.0,6,6,6.0,0.0,0.0,0,0,0,0,1,0,0,0,0,7.5,6.0,0.0,80,0,0,0,0,0,0,4,24,0,0,256,-1,3,20,977.0,0.0,977,977,10100000.0,0.0,10100000,10100000,ddos,ddos,1
8099,43,1,1,2,6,2,2,2.0,0.0,6,6,6.0,0.0,186046.5116,46511.62791,43.0,0.0,43,43,0,0.0,0.0,0,0,0,0.0,0.0,0,0,0,0,0,0,24,20,23255.81395,23255.81395,2,6,3.333333333,2.309401077,5.333333333,0,0,0,1,0,0,0,0,1,5.0,2.0,6.0,24,0,0,0,0,0,0,1,2,1,6,1024,0,0,24,0.0,0.0,0,0,0.0,0.0,0,0,portscan,portscan,1
32784,28,1,1,2,6,2,2,2.0,0.0,6,6,6.0,0.0,285714.2857,71428.57143,28.0,0.0,28,28,0,0.0,0.0,0,0,0,0.0,0.0,0,0,0,0,0,0,24,20,35714.28571,35714.28571,2,6,3.333333333,2.309401077,5.333333333,0,0,0,1,0,0,0,0,1,5.0,2.0,6.0,24,0,0,0,0,0,0,1,2,1,6,1024,0,0,24,0.0,0.0,0,0,0.0,0.0,0,0,portscan,portscan,1
80,65845,3,4,26,11601,20,0,8.666666667,10.26320288,7215,0,2900.25,3540.00286,176581.3653,106.3102741,10974.16667,23556.24973,58733,3,6918,3459.0,4887.522072,6915,3,65821,21940.33333,32042.57631,58733,160,0,0,0,0,72,92,45.56154606,60.74872807,0,7215,1453.375,2786.259804,7763243.696,0,0,0,1,0,0,0,0,1,1661.0,8.666666667,2900.25,72,0,0,0,0,0,0,3,26,4,11601,8192,229,2,20,0.0,0.0,0,0,0.0,0.0,0,0,ddos,ddos,1
80,262065,2,6,20,11601,20,0,10.0,14.14213562,5840,0,1933.5,2189.772933,44343.96047,30.52677771,37437.85714,81955.3844,219935,47,41791,41791.0,0.0,41791,41791,261985,52397.0,95378.56454,219935,47,0,0,0,0,52,132,7.631694427,22.89508328,0,5840,1291.222222,1981.198108,3925145.944,0,0,0,1,0,0,0,0,3,1452.625,10.0,1933.5,52,0,0,0,0,0,0,2,20,6,11601,8192,229,1,20,0.0,0.0,0,0,0.0,0.0,0,0,ddos,ddos,1
13,36,1,1,2,6,2,2,2.0,0.0,6,6,6.0,0.0,222222.2222,55555.55556,36.0,0.0,36,36,0,0.0,0.0,0,0,0,0.0,0.0,0,0,0,0,0,0,24,20,27777.77778,27777.77778,2,6,3.333333333,2.309401077,5.333333333,0,0,0,1,0,0,0,0,1,5.0,2.0,6.0,24,0,0,0,0,0,0,1,2,1,6,1024,0,0,24,0.0,0.0,0,0,0.0,0.0,0,0,portscan,portscan,1
80,116151391,17,14,713,798,623,0,41.9411764706,149.7424750147,680,0,57.0,179.7464025531,13.0088842414,0.2668930586,3871713.03333333,4847670.89620082,10106221,61,116151391,7259461.9375,4609835.68375431,10240081,316,112803164,8677166.46153846,3818123.69700727,10254291,318,0,0,0,0,360,292,0.1463607095,0.120532349,0,680,47.21875,158.9097399266,25252.3054435484,0,0,0,1,0,0,0,0,0,48.7419354839,41.9411764706,57.0,360,0,0,0,0,0,0,17,713,14,798,29200,512,16,20,161395.090909091,45528.2179498705,298666,147431,10093597.0,4193.4478654205,10106221,10091892,benign,benign,0
80,1849292,3,6,26,11607,20,0,8.666666667,10.26320288,4380,0,1934.5,2177.344966,6290.515505,4.866727375,231161.5,653373.7858,1848179,2,988,494.0,455.3767671,816,172,1849242,369848.4,826412.0364,1848179,2,0,0,0,0,72,132,1.622242458,3.244484916,0,4380,1163.3,1903.962654,3625073.789,0,0,0,1,0,0,0,0,2,1292.555556,8.666666667,1934.5,72,0,0,0,0,0,0,3,26,6,11607,8192,229,2,20,0.0,0.0,0,0,0.0,0.0,0,0,ddos,ddos,1
80,115142026,16,14,528,985,444,0,33.0,109.6102185017,979,0,70.3571428571,261.530291566,13.1402933626,0.2605477864,3970414.68965517,4863943.83169956,10016795,28,115142026,7676135.06666667,4145198.11421749,10040438,22144,110429622,8494586.30769231,3749451.84934659,10080485,12237,0,0,0,0,332,424,0.1389588194,0.121588967,0,979,48.8064516129,189.9362032113,36075.7612903226,0,0,0,1,0,0,0,0,0,50.4333333333,33.0,70.3571428571,332,0,0,0,0,0,0,16,528,14,985,8192,119,15,20,50376.6363636364,90898.7166436059,324427,21963,9988672.0,46860.5187124513,10016795,9848902,benign,benign,0
3827,25,1,1,2,6,2,2,2.0,0.0,6,6,6.0,0.0,320000.0,80000.0,25.0,0.0,25,25,0,0.0,0.0,0,0,0,0.0,0.0,0,0,0,0,0,0,24,20,40000.0,40000.0,2,6,3.333333333,2.309401077,5.333333333,0,0,0,1,0,0,0,0,1,5.0,2.0,6.0,24,0,0,0,0,0,0,1,2,1,6,1024,0,0,24,0.0,0.0,0,0,0.0,0.0,0,0,portscan,portscan,1
50003,50,1,1,2,6,2,2,2.0,0.0,6,6,6.0,0.0,160000.0,40000.0,50.0,0.0,50,50,0,0.0,0.0,0,0,0,0.0,0.0,0,0,0,0,0,0,24,20,20000.0,20000.0,2,6,3.333333333,2.309401077,5.333333333,0,0,0,1,0,0,0,0,1,5.0,2.0,6.0,24,0,0,0,0,0,0,1,2,1,6,1024,0,0,24,0.0,0.0,0,0,0.0,0.0,0,0,portscan,portscan,1
32772,74,1,1,2,6,2,2,2.0,0.0,6,6,6.0,0.0,108108.1081,27027.02703,74.0,0.0,74,74,0,0.0,0.0,0,0,0,0.0,0.0,0,0,0,0,0,0,24,20,13513.51351,13513.51351,2,6,3.333333333,2.309401077,5.333333333,0,0,0,1,0,0,0,0,1,5.0,2.0,6.0,24,0,0,0,0,0,0,1,2,1,6,1024,0,0,24,0.0,0.0,0,0,0.0,0.0,0,0,portscan,portscan,1
80,141061,4,0,24,0,6,6,6.0,0.0,0,0,0.0,0.0,170.1391597,28.35652661,47020.33333,80590.93305,140077,1,141061,47020.33333,80590.93305,140077,1,0,0.0,0.0,0,0,0,0,0,0,80,0,28.35652661,0.0,6,6,6.0,0.0,0.0,0,0,0,0,1,0,0,0,0,7.5,6.0,0.0,80,0,0,0,0,0,0,4,24,0,0,256,-1,3,20,0.0,0.0,0,0,0.0,0.0,0,0,ddos,ddos,1
123,67088878,2,2,96,96,48,48,48.0,0.0,48,48,48.0,0.0,2.8618752575,0.0596224012,22362959.3333333,38578063.4910639,66909070,88867,67000011,67000011.0,0.0,67000011,67000011,66997937,66997937.0,0.0,66997937,66997937,0,0,0,0,40,40,0.0298112006,0.0298112006,48,48,48.0,0.0,0.0,0,0,0,0,0,0,0,0,1,60.0,48.0,48.0,40,0,0,0,0,0,0,2,96,2,96,-1,-1,1,20,90941.0,0.0,90941,90941,66909070.0,0.0,66909070,66909070,benign,benign,0
51513,5,4,0,121,0,46,6,30.25,17.2892066523,0,0,0.0,0.0,24200000.0,800000.0,1.6666666667,1.1547005384,3,1,5,1.6666666667,1.1547005384,3,1,0,0.0,0.0,0,0,1,0,0,0,80,0,800000.0,0.0,6,46,31.8,15.3687995628,236.2,0,1,0,0,1,0,0,0,0,39.75,30.25,0.0,80,0,0,0,0,0,0,4,121,0,0,119,-1,3,20,0.0,0.0,0,0,0.0,0.0,0,0,benign,benign,0
80,40953,3,4,26,11601,20,0,8.666666667,10.26320288,8760,0,2900.25,4128.319301,283910.8246,170.9276488,6825.5,16203.14538,39897,5,40016,20008.0,28288.51389,40011,5,40839,13613.0,22866.75126,40016,189,0,0,0,0,72,92,73.25470661,97.67294215,0,8760,1453.375,3113.952607,9696700.839,0,0,0,1,0,0,0,0,1,1661.0,8.666666667,2900.25,72,0,0,0,0,0,0,3,26,4,11601,8192,229,2,20,0.0,0.0,0,0,0.0,0.0,0,0,ddos,ddos,1
443,65,2,0,12,0,6,6,6.0,0.0,0,0,0.0,0.0,184615.384615385,30769.2307692308,65.0,0.0,65,65,65,65.0,0.0,65,65,0,0.0,0.0,0,0,0,0,0,0,40,0,30769.2307692308,0.0,6,6,6.0,0.0,0.0,0,0,0,0,1,0,0,0,0,9.0,6.0,0.0,40,0,0,0,0,0,0,2,12,0,0,256,-1,1,20,0.0,0.0,0,0,0.0,0.0,0,0,benign,benign,0
80,1031908,3,6,26,11601,20,0,8.666666667,10.26320288,4380,0,1933.5,1757.789948,11267.47733,8.721707749,128988.5,352625.0465,1001339,12,30010,15005.0,19804.64673,29009,1001,1031783,206356.6,444599.8305,1001339,12,0,0,0,0,72,132,2.907235916,5.814471833,0,4380,1162.7,1645.241762,2706820.456,0,0,0,1,0,0,0,0,2,1291.888889,8.666666667,1933.5,72,0,0,0,0,0,0,3,26,6,11601,8192,229,2,20,0.0,0.0,0,0,0.0,0.0,0,0,ddos,ddos,1
80,670331,3,5,26,11607,20,0,8.666666667,10.26320288,10135,0,2321.4,4413.201989,17354.11312,11.93440256,95761.57143,252837.1297,669142,5,961,480.5,540.9366876,863,98,670218,167554.5,334391.8876,669142,5,0,0,0,0,72,112,4.475400959,7.459001598,0,10135,1292.555556,3350.634907,11200000.0,0,0,0,1,0,0,0,0,1,1454.125,8.666666667,2321.4,72,0,0,0,0,0,0,3,26,5,11607,8192,229,2,20,0.0,0.0,0,0,0.0,0.0,0,0,ddos,ddos,1
53,83844,1,1,42,129,42,42,42.0,0.0,129,129,129.0,0.0,2039.5019321597,23.853823768,83844.0,0.0,83844,83844,0,0.0,0.0,0,0,0,0.0,0.0,0,0,0,0,0,0,20,20,11.926911884,11.926911884,42,129,71.0,50.2294734195,2523.0,0,0,0,0,0,0,0,0,1,106.5,42.0,129.0,20,0,0,0,0,0,0,1,42,1,129,-1,-1,0,20,0.0,0.0,0,0,0.0,0.0,0,0,benign,benign,0
1045,44,1,1,2,6,2,2,2.0,0.0,6,6,6.0,0.0,181818.1818,45454.54545,44.0,0.0,44,44,0,0.0,0.0,0,0,0,0.0,0.0,0,0,0,0,0,0,24,20,22727.27273,22727.27273,2,6,3.333333333,2.309401077,5.333333333,0,0,0,1,0,0,0,0,1,5.0,2.0,6.0,24,0,0,0,0,0,0,1,2,1,6,1024,0,0,24,0.0,0.0,0,0,0.0,0.0,0,0,portscan,portscan,1
5718,84,1,1,2,6,2,2,2.0,0.0,6,6,6.0,0.0,95238.09524,23809.52381,84.0,0.0,84,84,0,0.0,0.0,0,0,0,0.0,0.0,0,0,0,0,0,0,24,20,11904.7619,11904.7619,2,6,3.333333333,2.309401077,5.333333333,0,0,0,1,0,0,0,0,1,5.0,2.0,6.0,24,0,0,0,0,0,0,1,2,1,6,1024,0,0,24,0.0,0.0,0,0,0.0,0.0,0,0,portscan,portscan,1
5544,144,1,1,2,6,2,2,2.0,0.0,6,6,6.0,0.0,55555.55556,13888.88889,144.0,0.0,144,144,0,0.0,0.0,0,0,0,0.0,0.0,0,0,0,0,0,0,24,20,6944.444444,6944.444444,2,6,3.333333333,2.309401077,5.333333333,0,0,0,1,0,0,0,0,1,5.0,2.0,6.0,24,0,0,0,0,0,0,1,2,1,6,1024,0,0,24,0.0,0.0,0,0,0.0,0.0,0,0,portscan,portscan,1
443,115570875,20,19,925,4168,468,0,46.25,111.8551106989,1460,0,219.3684210526,465.3223745756,44.0681962475,0.3374552628,3041338.81578947,4580155.58902908,10013962,2,115570875,6082677.63157895,4885247.25297646,10033072,3,110339504,6129972.44444445,5025297.04218391,10036135,48,0,0,0,0,412,524,0.1730539809,0.1644012819,0,1460,127.325,337.5557228453,113943.866025641,0,0,0,1,0,0,0,0,0,130.5897435897,46.25,219.3684210526,412,0,0,0,0,0,0,20,925,19,4168,8192,123,19,20,27974.25,15996.9493291974,78350,21985,9602931.75,1383884.56913482,10013962,5208525,benign,benign,0
443,11051422,7,7,1636,2933,1061,0,233.7142857143,388.729003414,1451,0,419.0,630.9685676271,413.4309593824,1.2668053034,850109.384615385,3006757.27681904,10857024,4,194398,32399.6666666667,33254.1453035056,88638,131,11023922,1837320.33333333,4446408.68013073,10913426,4,0,0,0,0,152,148,0.6334026517,0.6334026517,0,1451,304.6,501.0671184012,251068.257142857,0,0,0,1,0,0,0,0,1,326.3571428571,233.7142857143,419.0,152,0,0,0,0,0,0,7,1636,7,2933,8192,13793,6,20,0.0,0.0,0,0,0.0,0.0,0,0,benign,benign,0
123,67080885,2,2,96,96,48,48,48.0,0.0,48,48,48.0,0.0,2.8622162632,0.0596295055,22360295.0,38588813.7397046,66918819,80824,67000061,67000061.0,0.0,67000061,67000061,66999643,66999643.0,0.0,66999643,66999643,0,0,0,0,40,40,0.0298147527,0.0298147527,48,48,48.0,0.0,0.0,0,0,0,0,0,0,0,0,1,60.0,48.0,48.0,40,0,0,0,0,0,0,2,96,2,96,-1,-1,1,20,81242.0,0.0,81242,81242,66918819.0,0.0,66918819,66918819,benign,benign,0
80,8105405,4,0,24,0,6,6,6.0,0.0,0,0,0.0,0.0,2.960987144,0.493497857,2701801.667,4679053.275,8104707,210,8105405,2701801.667,4679053.275,8104707,210,0,0.0,0.0,0,0,0,0,0,0,80,0,0.493497857,0.0,6,6,6.0,0.0,0.0,0,0,0,0,1,0,0,0,0,7.5,6.0,0.0,80,0,0,0,0,0,0,4,24,0,0,256,-1,3,20,698.0,0.0,698,698,8104707.0,0.0,8104707,8104707,ddos,ddos,1
443,6725957,8,10,3235,5240,2645,0,404.375,914.3219091608,1460,2,524.0,674.5719630502,1260.0437380138,2.6761990896,395644.529411765,1531571.74876473,6337255,2,6725957,960851.0,2371235.18805685,6337255,231,6636116,737346.222222222,2145519.24620934,6457846,2,0,0,0,0,172,204,1.1894218176,1.486777272,0,2645,446.0526315789,753.5447692727,567829.719298245,0,0,0,1,0,0,0,0,1,470.8333333333,404.375,524.0,172,0,0,0,0,0,0,8,3235,10,5240,8192,65535,7,20,297817.0,0.0,297817,297817,6337255.0,0.0,6337255,6337255,benign,benign,0
80,794699,3,4,26,11607,20,0,8.666666667,10.26320288,11595,0,2901.75,5795.50069,14638.24668,8.808366438,132449.8333,323905.5508,793619,5,1003,501.5,539.522474,883,120,794613,264871.0,457909.4645,793619,5,0,0,0,0,72,92,3.775014188,5.03335225,0,11595,1454.125,4097.537534,16800000.0,0,0,0,1,0,0,0,0,1,1661.857143,8.666666667,2901.75,72,0,0,0,0,0,0,3,26,4,11607,8192,229,2,20,0.0,0.0,0,0,0.0,0.0,0,0,ddos,ddos,1
80,1840951,3,6,26,11607,20,0,8.666666667,10.26320288,5755,0,1934.5,2529.124572,6319.016639,4.888777594,230118.875,650353.2731,1839661,15,933,466.5,468.8117959,798,135,1840906,368181.2,822582.3113,1839661,15,0,0,0,0,72,132,1.629592531,3.259185063,0,5755,1163.3,2131.87096,4544873.789,0,0,0,1,0,0,0,0,2,1292.555556,8.666666667,1934.5,72,0,0,0,0,0,0,3,26,6,11607,8192,229,2,20,0.0,0.0,0,0,0.0,0.0,0,0,ddos,ddos,1
711,56,1,1,2,6,2,2,2.0,0.0,6,6,6.0,0.0,142857.1429,35714.28571,56.0,0.0,56,56,0,0.0,0.0,0,0,0,0.0,0.0,0,0,0,0,0,0,24,20,17857.14286,17857.14286,2,6,3.333333333,2.309401077,5.333333333,0,0,0,1,0,0,0,0,1,5.0,2.0,6.0,24,0,0,0,0,0,0,1,2,1,6,1024,0,0,24,0.0,0.0,0,0,0.0,0.0,0,0,portscan,portscan,1
80,144164,5,0,30,0,6,6,6.0,0.0,0,0,0.0,0.0,208.0963347,34.68272245,36041.0,70751.54867,142166,4,144164,36041.0,70751.54867,142166,4,0,0.0,0.0,0,0,0,0,0,0,100,0,34.68272245,0.0,6,6,6.0,0.0,0.0,0,0,0,0,1,0,0,0,0,7.2,6.0,0.0,100,0,0,0,0,0,0,5,30,0,0,256,-1,4,20,0.0,0.0,0,0,0.0,0.0,0,0,ddos,ddos,1
2191,44,1,1,2,6,2,2,2.0,0.0,6,6,6.0,0.0,181818.1818,45454.54545,44.0,0.0,44,44,0,0.0,0.0,0,0,0,0.0,0.0,0,0,0,0,0,0,24,20,22727.27273,22727.27273,2,6,3.333333333,2.309401077,5.333333333,0,0,0,1,0,0,0,0,1,5.0,2.0,6.0,24,0,0,0,0,0,0,1,2,1,6,1024,0,0,24,0.0,0.0,0,0,0.0,0.0,0,0,portscan,portscan,1
443,3667399,2,0,12,0,6,6,6.0,0.0,0,0,0.0,0.0,3.2720737504,0.5453456251,3667399.0,0.0,3667399,3667399,3667399,3667399.0,0.0,3667399,3667399,0,0.0,0.0,0,0,0,0,0,0,40,0,0.5453456251,0.0,6,6,6.0,0.0,0.0,0,0,0,0,1,0,0,0,0,9.0,6.0,0.0,40,0,0,0,0,0,0,2,12,0,0,63835,-1,1,20,0.0,0.0,0,0,0.0,0.0,0,0,benign,benign,0
80,9061779,6,0,36,0,6,6,6.0,0.0,0,0,0.0,0.0,3.972729858,0.662121643,1812355.8,4051432.765,9059779,2,9061779,1812355.8,4051432.765,9059779,2,0,0.0,0.0,0,0,0,0,0,0,120,0,0.662121643,0.0,6,6,6.0,0.0,0.0,0,0,0,0,1,0,0,0,0,7.0,6.0,0.0,120,0,0,0,0,0,0,6,36,0,0,256,-1,5,20,2000.0,0.0,2000,2000,9059779.0,0.0,9059779,9059779,ddos,ddos,1
23502,94,1,1,2,6,2,2,2.0,0.0,6,6,6.0,0.0,85106.38298,21276.59574,94.0,0.0,94,94,0,0.0,0.0,0,0,0,0.0,0.0,0,0,0,0,0,0,24,20,10638.29787,10638.29787,2,6,3.333333333,2.309401077,5.333333333,0,0,0,1,0,0,0,0,1,5.0,2.0,6.0,24,0,0,0,0,0,0,1,2,1,6,1024,0,0,24,0.0,0.0,0,0,0.0,0.0,0,0,portscan,portscan,1
27353,33,1,1,2,6,2,2,2.0,0.0,6,6,6.0,0.0,242424.2424,60606.06061,33.0,0.0,33,33,0,0.0,0.0,0,0,0,0.0,0.0,0,0,0,0,0,0,24,20,30303.0303,30303.0303,2,6,3.333333333,2.309401077,5.333333333,0,0,0,1,0,0,0,0,1,5.0,2.0,6.0,24,0,0,0,0,0,0,1,2,1,6,1024,0,0,24,0.0,0.0,0,0,0.0,0.0,0,0,portscan,portscan,1
443,360373,15,13,1529,6726,914,0,101.9333333333,233.0442835498,1430,0,517.3846153846,585.2757951686,22906.8215432344,77.6972747681,13347.1481481481,18655.6420022381,57090,1,360373,25740.9285714286,19256.0876226965,57090,3,267296,22274.6666666667,45337.551907549,144041,1,0,0,0,0,312,272,41.6235400543,36.0737347138,0,1430,284.6551724138,468.9221893923,219888.019704434,0,0,0,1,0,0,0,0,0,294.8214285714,101.9333333333,517.3846153846,312,0,0,0,0,0,0,15,1529,13,6726,8192,373,14,20,0.0,0.0,0,0,0.0,0.0,0,0,benign,benign,0
443,246717,11,8,585,5527,189,0,53.1818181818,70.9306960093,1460,0,690.875,687.6763020699,24773.3232813304,77.0113125565,13706.5,21949.101126577,57144,1,246717,24671.7,25299.4375609419,59299,3,124548,17792.5714285714,29644.4216835542,64664,1,0,0,0,0,232,172,44.5854967432,32.4258158133,0,1460,305.6,530.2607501578,281176.463157895,0,0,0,1,0,0,0,0,0,321.6842105263,53.1818181818,690.875,232,0,0,0,0,0,0,11,585,8,5527,8192,110,10,20,0.0,0.0,0,0,0.0,0.0,0,0,benign,benign,0
80,1293654,3,5,26,11607,20,0,8.666666667,10.26320288,7215,0,2321.4,3327.769794,8992.35808,6.184033752,184807.7143,488430.1305,1292463,3,977,488.5,440.5275247,800,177,1293576,323394.0,646046.1329,1292463,3,0,0,0,0,72,112,2.319012657,3.865021095,0,7215,1292.555556,2650.585648,7025604.278,0,0,0,1,0,0,0,0,1,1454.125,8.666666667,2321.4,72,0,0,0,0,0,0,3,26,5,11607,8192,229,2,20,0.0,0.0,0,0,0.0,0.0,0,0,ddos,ddos,1
32781,31,1,1,2,6,2,2,2.0,0.0,6,6,6.0,0.0,258064.5161,64516.12903,31.0,0.0,31,31,0,0.0,0.0,0,0,0,0.0,0.0,0,0,0,0,0,0,24,20,32258.06452,32258.06452,2,6,3.333333333,2.309401077,5.333333333,0,0,0,1,0,0,0,0,1,5.0,2.0,6.0,24,0,0,0,0,0,0,1,2,1,6,1024,0,0,24,0.0,0.0,0,0,0.0,0.0,0,0,portscan,portscan,1
8180,65,1,1,2,6,2,2,2.0,0.0,6,6,6.0,0.0,123076.9231,30769.23077,65.0,0.0,65,65,0,0.0,0.0,0,0,0,0.0,0.0,0,0,0,0,0,0,24,20,15384.61538,15384.61538,2,6,3.333333333,2.309401077,5.333333333,0,0,0,1,0,0,0,0,1,5.0,2.0,6.0,24,0,0,0,0,0,0,1,2,1,6,1024,0,0,24,0.0,0.0,0,0,0.0,0.0,0,0,portscan,portscan,1
443,125066,5,7,1824,617,1250,0,364.8,540.1459987818,416,0,88.1428571429,154.2967147754,19517.694657221,95.9493387491,11369.6363636364,14858.79045059,46137,4,100227,25056.75,19043.6380518534,46137,198,101207,16867.8333333333,26591.7696245787,67936,4,0,0,0,0,112,152,39.9788911455,55.9704476037,0,1250,187.7692307692,361.8598149022,130942.525641026,0,0,0,1,0,0,0,0,1,203.4166666667,364.8,88.1428571429,112,0,0,0,0,0,0,5,1824,7,617,8192,65,4,20,0.0,0.0,0,0,0.0,0.0,0,0,benign,benign,0
6001,10,1,1,2,6,2,2,2.0,0.0,6,6,6.0,0.0,800000.0,200000.0,10.0,0.0,10,10,0,0.0,0.0,0,0,0,0.0,0.0,0,0,0,0,0,0,24,20,100000.0,100000.0,2,6,3.333333333,2.309401077,5.333333333,0,0,0,1,0,0,0,0,1,5.0,2.0,6.0,24,0,0,0,0,0,0,1,2,1,6,1024,0,0,24,0.0,0.0,0,0,0.0,0.0,0,0,portscan,portscan,1
80,6036788,3,1,12,0,6,0,4.0,3.4641016151,0,0,0.0,0.0,1.9878120616,0.6626040205,2012262.66666667,3453642.51020228,6000130,103,6036788,3018394.0,4216811.4906161,6000130,36658,0,0.0,0.0,0,0,0,0,0,0,72,32,0.4969530154,0.1656510051,0,6,2.4,3.286335345,10.8,0,0,0,1,0,0,0,0,0,3.0,4.0,0.0,72,0,0,0,0,0,0,3,12,1,0,8192,42780,2,20,0.0,0.0,0,0,0.0,0.0,0,0,benign,benign,0
80,12511145,9,6,975,561,316,0,108.3333333333,155.0129026888,185,0,93.5,100.2571693197,122.7705377885,1.1989310331,893653.214285714,2616988.0609111,9950630,97,12511145,1563893.125,3396999.22238977,9950630,175,12092684,2418536.8,4428666.71167443,10298812,234,0,0,0,0,192,144,0.7193586199,0.4795724132,0,316,96.0,129.9004747233,16874.1333333333,0,0,0,1,0,0,0,0,0,102.4,108.3333333333,93.5,192,0,0,0,0,0,0,9,975,6,561,8192,140,8,20,2143435.0,0.0,2143435,2143435,9950630.0,0.0,9950630,9950630,benign,benign,0
443,82557,8,3,542,3671,189,0,67.75,78.9841756303,3665,0,1223.6666666667,2114.2588141789,51031.4086025413,133.2412757247,8255.7,14503.8807760774,36220,3,82557,11793.8571428571,17153.7594366227,37259,3,37528,18764.0,23259.5704603503,35211,2317,0,0,0,0,172,72,96.9027459816,36.3385297431,0,3665,351.0833333333,1045.9244243803,1093957.90151515,0,0,0,1,0,0,0,0,0,383.0,67.75,1223.6666666667,172,0,0,0,0,0,0,8,542,3,3671,8192,115,7,20,0.0,0.0,0,0,0.0,0.0,0,0,benign,benign,0
53,30428,1,1,46,62,46,46,46.0,0.0,62,62,62.0,0.0,3549.3624293414,65.7289338767,30428.0,0.0,30428,30428,0,0.0,0.0,0,0,0,0.0,0.0,0,0,0,0,0,0,32,20,32.8644669383,32.8644669383,46,62,51.3333333333,9.237604307,85.3333333333,0,0,0,0,0,0,0,0,1,77.0,46.0,62.0,32,0,0,0,0,0,0,1,46,1,62,-1,-1,0,32,0.0,0.0,0,0,0.0,0.0,0,0,benign,benign,0
123,66044617,2,2,96,96,48,48,48.0,0.0,48,48,48.0,0.0,2.9071256481,0.0605651177,22014872.3333333,38053888.6113051,65955718,44326,66000044,66000044.0,0.0,66000044,66000044,66000291,66000291.0,0.0,66000291,66000291,0,0,0,0,40,40,0.0302825588,0.0302825588,48,48,48.0,0.0,0.0,0,0,0,0,0,0,0,0,1,60.0,48.0,48.0,40,0,0,0,0,0,0,2,96,2,96,-1,-1,1,20,44326.0,0.0,44326,44326,65955718.0,0.0,65955718,65955718,benign,benign,0
3011,28,1,1,2,6,2,2,2.0,0.0,6,6,6.0,0.0,285714.2857,71428.57143,28.0,0.0,28,28,0,0.0,0.0,0,0,0,0.0,0.0,0,0,0,0,0,0,24,20,35714.28571,35714.28571,2,6,3.333333333,2.309401077,5.333333333,0,0,0,1,0,0,0,0,1,5.0,2.0,6.0,24,0,0,0,0,0,0,1,2,1,6,1024,0,0,24,0.0,0.0,0,0,0.0,0.0,0,0,portscan,portscan,1
62450,2,3,0,65,0,53,6,21.6666666667,27.1354626519,0,0,0.0,0.0,32500000.0,1500000.0,1.0,0.0,1,1,2,1.0,0.0,1,1,0,0.0,0.0,0,0,0,0,0,0,60,0,1500000.0,0.0,6,53,17.75,23.5,552.25,0,0,0,0,1,0,0,0,0,23.6666666667,21.6666666667,0.0,60,0,0,0,0,0,0,3,65,0,0,1025,-1,2,20,0.0,0.0,0,0,0.0,0.0,0,0,benign,benign,0
80,7047950,4,0,24,0,6,6,6.0,0.0,0,0,0.0,0.0,3.405245497,0.567540916,2349316.667,4066538.895,7044951,4,7047950,2349316.667,4066538.895,7044951,4,0,0.0,0.0,0,0,0,0,0,0,80,0,0.567540916,0.0,6,6,6.0,0.0,0.0,0,0,0,0,1,0,0,0,0,7.5,6.0,0.0,80,0,0,0,0,0,0,4,24,0,0,256,-1,3,20,2999.0,0.0,2999,2999,7044951.0,0.0,7044951,7044951,ddos,ddos,1
2605,49,1,1,2,6,2,2,2.0,0.0,6,6,6.0,0.0,163265.3061,40816.32653,49.0,0.0,49,49,0,0.0,0.0,0,0,0,0.0,0.0,0,0,0,0,0,0,24,20,20408.16327,20408.16327,2,6,3.333333333,2.309401077,5.333333333,0,0,0,1,0,0,0,0,1,5.0,2.0,6.0,24,0,0,0,0,0,0,1,2,1,6,1024,0,0,24,0.0,0.0,0,0,0.0,0.0,0,0,portscan,portscan,1
80,2236153,4,0,24,0,6,6,6.0,0.0,0,0,0.0,0.0,10.7327182,1.788786367,745384.3333,1290404.412,2235415,298,2236153,745384.3333,1290404.412,2235415,298,0,0.0,0.0,0,0,0,0,0,0,80,0,1.788786367,0.0,6,6,6.0,0.0,0.0,0,0,0,0,1,0,0,0,0,7.5,6.0,0.0,80,0,0,0,0,0,0,4,24,0,0,256,-1,3,20,0.0,0.0,0,0,0.0,0.0,0,0,ddos,ddos,1
53,60599,1,1,64,117,64,64,64.0,0.0,117,117,117.0,0.0,2986.8479677883,33.0038449479,60599.0,0.0,60599,60599,0,0.0,0.0,0,0,0,0.0,0.0,0,0,0,0,0,0,32,32,16.501922474,16.501922474,64,117,81.6666666667,30.5995642671,936.3333333333,0,0,0,0,0,0,0,0,1,122.5,64.0,117.0,32,0,0,0,0,0,0,1,64,1,117,-1,-1,0,32,0.0,0.0,0,0,0.0,0.0,0,0,benign,benign,0
4126,45,1,1,2,6,2,2,2.0,0.0,6,6,6.0,0.0,177777.7778,44444.44444,45.0,0.0,45,45,0,0.0,0.0,0,0,0,0.0,0.0,0,0,0,0,0,0,24,20,22222.22222,22222.22222,2,6,3.333333333,2.309401077,5.333333333,0,0,0,1,0,0,0,0,1,5.0,2.0,6.0,24,0,0,0,0,0,0,1,2,1,6,1024,0,0,24,0.0,0.0,0,0,0.0,0.0,0,0,portscan,portscan,1
1718,13,1,1,2,6,2,2,2.0,0.0,6,6,6.0,0.0,615384.6154,153846.1538,13.0,0.0,13,13,0,0.0,0.0,0,0,0,0.0,0.0,0,0,0,0,0,0,24,20,76923.07692,76923.07692,2,6,3.333333333,2.309401077,5.333333333,0,0,0,1,0,0,0,0,1,5.0,2.0,6.0,24,0,0,0,0,0,0,1,2,1,6,1024,0,0,24,0.0,0.0,0,0,0.0,0.0,0,0,portscan,portscan,1
80,1213555,3,6,26,11601,20,0,8.666666667,10.26320288,4380,0,1933.5,1757.789948,9580.941943,7.41622753,151694.375,420218.576,1191519,14,21712,10856.0,15110.87191,21541,171,1213401,242680.2,530499.0331,1191519,14,0,0,0,0,72,132,2.472075843,4.944151687,0,4380,1162.7,1645.241762,2706820.456,0,0,0,1,0,0,0,0,2,1291.888889,8.666666667,1933.5,72,0,0,0,0,0,0,3,26,6,11601,8192,229,2,20,0.0,0.0,0,0,0.0,0.0,0,0,ddos,ddos,1
80,118364491,20,18,1383,3736,433,0,69.15,156.833225199,746,0,207.5555555556,343.6130214307,43.2477676096,0.3210422288,3199040.2972973,4549158.70246854,10009333,20,118364491,6229710.05263158,4678949.5030497,10046370,195,113350542,6667678.94117647,4714540.65050236,10046262,21173,0,0,0,0,436,504,0.1689695941,0.1520726347,0,746,131.2564102564,265.2548643285,70360.1430499325,0,0,0,1,0,0,0,0,0,134.7105263158,69.15,207.5555555556,436,0,0,0,0,0,0,20,1383,18,3736,8192,360,17,20,323318.909090909,950945.745607651,3190528,36275,9981703.18181818,64176.0514955823,10009333,9788894,benign,benign,0
80,52383,3,5,26,11607,20,0,8.666666667,10.26320288,7215,0,2321.4,3327.769794,222075.8643,152.7213027,7483.285714,19209.26393,51040,4,1078,539.0,623.668181,980,98,52320,13080.0,25311.44058,51040,4,0,0,0,0,72,112,57.27048852,95.4508142,0,7215,1292.555556,2650.585648,7025604.278,0,0,0,1,0,0,0,0,1,1454.125,8.666666667,2321.4,72,0,0,0,0,0,0,3,26,5,11607,8192,229,2,20,0.0,0.0,0,0,0.0,0.0,0,0,ddos,ddos,1
53,53593149,2,2,112,231,56,56,56.0,0.0,138,93,115.5,31.8198051534,6.4000717704,0.0746364055,17864383.0,30787024.1229804,53414148,50633,53542516,53542516.0,0.0,53542516,53542516,53464781,53464781.0,0.0,53464781,53464781,0,0,0,0,60,52,0.0373182027,0.0373182027,56,138,79.8,36.2656862613,1315.2,0,0,0,0,0,0,0,0,1,99.75,56.0,115.5,60,0,0,0,0,0,0,2,112,2,231,-1,-1,1,20,128368.0,0.0,128368,128368,53414148.0,0.0,53414148,53414148,benign,benign,0
8090,44,1,1,2,6,2,2,2.0,0.0,6,6,6.0,0.0,181818.1818,45454.54545,44.0,0.0,44,44,0,0.0,0.0,0,0,0,0.0,0.0,0,0,0,0,0,0,24,20,22727.27273,22727.27273,2,6,3.333333333,2.309401077,5.333333333,0,0,0,1,0,0,0,0,1,5.0,2.0,6.0,24,0,0,0,0,0,0,1,2,1,6,1024,0,0,24,0.0,0.0,0,0,0.0,0.0,0,0,portscan,portscan,1
443,49,1,1,6,6,6,6,6.0,0.0,6,6,6.0,0.0,244897.959183673,40816.3265306122,49.0,0.0,49,49,0,0.0,0.0,0,0,0,0.0,0.0,0,0,0,0,0,0,20,20,20408.1632653061,20408.1632653061,6,6,6.0,0.0,0.0,0,0,0,0,1,0,0,0,1,9.0,6.0,6.0,20,0,0,0,0,0,0,1,6,1,6,258,360,0,20,0.0,0.0,0,0,0.0,0.0,0,0,benign,benign,0
444,49,1,1,2,6,2,2,2.0,0.0,6,6,6.0,0.0,163265.3061,40816.32653,49.0,0.0,49,49,0,0.0,0.0,0,0,0,0.0,0.0,0,0,0,0,0,0,24,20,20408.16327,20408.16327,2,6,3.333333333,2.309401077,5.333333333,0,0,0,1,0,0,0,0,1,5.0,2.0,6.0,24,0,0,0,0,0,0,1,2,1,6,1024,0,0,24,0.0,0.0,0,0,0.0,0.0,0,0,portscan,portscan,1
443,81971,6,6,1982,3375,1645,0,330.3333333333,649.1307007581,2733,0,562.5,1074.498534201,65352.3807200107,146.3932366325,7451.9090909091,11305.9807398964,25672,1,56294,11258.8,13249.845836839,26722,196,57518,11503.6,14994.9882394085,30620,1,0,0,0,0,132,132,73.1966183162,73.1966183162,0,2733,412.0769230769,827.911575546,685437.576923077,0,0,0,1,0,0,0,0,1,446.4166666667,330.3333333333,562.5,132,0,0,0,0,0,0,6,1982,6,3375,8192,66,5,20,0.0,0.0,0,0,0.0,0.0,0,0,benign,benign,0
443,29,1,1,6,6,6,6,6.0,0.0,6,6,6.0,0.0,413793.103448276,68965.5172413793,29.0,0.0,29,29,0,0.0,0.0,0,0,0,0.0,0.0,0,0,0,0,0,0,20,20,34482.7586206897,34482.7586206897,6,6,6.0,0.0,0.0,0,0,0,0,1,0,0,0,1,9.0,6.0,6.0,20,0,0,0,0,0,0,1,6,1,6,256,4360,0,20,0.0,0.0,0,0,0.0,0.0,0,0,benign,benign,0
2998,48,1,1,2,6,2,2,2.0,0.0,6,6,6.0,0.0,166666.6667,41666.66667,48.0,0.0,48,48,0,0.0,0.0,0,0,0,0.0,0.0,0,0,0,0,0,0,24,20,20833.33333,20833.33333,2,6,3.333333333,2.309401077,5.333333333,0,0,0,1,0,0,0,0,1,5.0,2.0,6.0,24,0,0,0,0,0,0,1,2,1,6,1024,0,0,24,0.0,0.0,0,0,0.0,0.0,0,0,portscan,portscan,1
1087,45,1,1,2,6,2,2,2.0,0.0,6,6,6.0,0.0,177777.7778,44444.44444,45.0,0.0,45,45,0,0.0,0.0,0,0,0,0.0,0.0,0,0,0,0,0,0,24,20,22222.22222,22222.22222,2,6,3.333333333,2.309401077,5.333333333,0,0,0,1,0,0,0,0,1,5.0,2.0,6.0,24,0,0,0,0,0,0,1,2,1,6,1024,0,0,24,0.0,0.0,0,0,0.0,0.0,0,0,portscan,portscan,1
3211,44,1,1,2,6,2,2,2.0,0.0,6,6,6.0,0.0,181818.1818,45454.54545,44.0,0.0,44,44,0,0.0,0.0,0,0,0,0.0,0.0,0,0,0,0,0,0,24,20,22727.27273,22727.27273,2,6,3.333333333,2.309401077,5.333333333,0,0,0,1,0,0,0,0,1,5.0,2.0,6.0,24,0,0,0,0,0,0,1,2,1,6,1024,0,0,24,0.0,0.0,0,0,0.0,0.0,0,0,portscan,portscan,1
443,11053970,10,14,3361,12197,2757,0,336.1,859.0941547157,1451,0,871.2142857143,682.4323216454,1407.4581349506,2.1711656536,480607.391304348,2271678.87756694,10901378,2,152592,16954.6666666667,15967.141650903,35865,178,11026470,848190.0,3020658.89894228,10901451,2,0,0,0,0,224,288,0.9046523557,1.2665132979,0,2757,622.32,784.4967452662,615435.143333333,0,0,0,1,0,0,0,0,1,648.25,336.1,871.2142857143,224,0,0,0,0,0,0,10,3361,14,12197,8192,16060,8,20,0.0,0.0,0,0,0.0,0.0,0,0,benign,benign,0
9050,43,1,1,2,6,2,2,2.0,0.0,6,6,6.0,0.0,186046.5116,46511.62791,43.0,0.0,43,43,0,0.0,0.0,0,0,0,0.0,0.0,0,0,0,0,0,0,24,20,23255.81395,23255.81395,2,6,3.333333333,2.309401077,5.333333333,0,0,0,1,0,0,0,0,1,5.0,2.0,6.0,24,0,0,0,0,0,0,1,2,1,6,1024,0,0,24,0.0,0.0,0,0,0.0,0.0,0,0,portscan,portscan,1
51701,3,2,0,37,0,31,6,18.5,17.6776695297,0,0,0.0,0.0,12333333.3333333,666666.666666667,3.0,0.0,3,3,3,3.0,0.0,3,3,0,0.0,0.0,0,0,1,0,0,0,40,0,666666.666666667,0.0,6,31,22.6666666667,14.4337567297,208.3333333333,0,1,0,0,1,0,0,0,0,34.0,18.5,0.0,40,0,0,0,0,0,0,2,37,0,0,62,-1,1,20,0.0,0.0,0,0,0.0,0.0,0,0,benign,benign,0
53,70862,1,1,37,128,37,37,37.0,0.0,128,128,128.0,0.0,2328.469419435,28.2238717507,70862.0,0.0,70862,70862,0,0.0,0.0,0,0,0,0.0,0.0,0,0,0,0,0,0,32,20,14.1119358754,14.1119358754,37,128,67.3333333333,52.5388744963,2760.3333333333,0,0,0,0,0,0,0,0,1,101.0,37.0,128.0,32,0,0,0,0,0,0,1,37,1,128,-1,-1,0,32,0.0,0.0,0,0,0.0,0.0,0,0,benign,benign,0
49160,27,1,1,2,6,2,2,2.0,0.0,6,6,6.0,0.0,296296.2963,74074.07407,27.0,0.0,27,27,0,0.0,0.0,0,0,0,0.0,0.0,0,0,0,0,0,0,24,20,37037.03704,37037.03704,2,6,3.333333333,2.309401077,5.333333333,0,0,0,1,0,0,0,0,1,5.0,2.0,6.0,24,0,0,0,0,0,0,1,2,1,6,1024,0,0,24,0.0,0.0,0,0,0.0,0.0,0,0,portscan,portscan,1
53,57526,1,1,47,103,47,47,47.0,0.0,103,103,103.0,0.0,2607.516601189,34.7668880159,57526.0,0.0,57526,57526,0,0.0,0.0,0,0,0,0.0,0.0,0,0,0,0,0,0,20,20,17.3834440079,17.3834440079,47,103,65.6666666667,32.3316150746,1045.3333333333,0,0,0,0,0,0,0,0,1,98.5,47.0,103.0,20,0,0,0,0,0,0,1,47,1,103,-1,-1,0,20,0.0,0.0,0,0,0.0,0.0,0,0,benign,benign,0
80,118743620,31,22,4475,2303,458,0,144.3548387097,204.4440507632,225,0,104.6818181818,111.2129601747,57.0809614866,0.4463397697,2283531.15384615,4109124.9978324,10136015,45,118743620,3958120.66666667,4888093.27923175,10240052,159,115446783,5497465.85714286,5106867.37570617,10324721,147108,0,0,0,0,640,452,0.2610666577,0.1852731119,0,458,125.5185185185,171.0103980884,29244.5562543676,0,0,0,1,0,0,0,0,0,127.8867924528,144.3548387097,104.6818181818,640,0,0,0,0,0,0,31,4475,22,2303,29200,512,30,20,397898.545454545,832562.017221344,2908167,146454,10097032.0909091,12939.3190505108,10136015,10091765,benign,benign,0
2998,117,1,1,2,6,2,2,2.0,0.0,6,6,6.0,0.0,68376.06838,17094.01709,117.0,0.0,117,117,0,0.0,0.0,0,0,0,0.0,0.0,0,0,0,0,0,0,24,20,8547.008547,8547.008547,2,6,3.333333333,2.309401077,5.333333333,0,0,0,1,0,0,0,0,1,5.0,2.0,6.0,24,0,0,0,0,0,0,1,2,1,6,1024,0,0,24,0.0,0.0,0,0,0.0,0.0,0,0,portscan,portscan,1
80,1796079,3,5,26,11607,20,0,8.666666667,10.26320288,5840,0,2321.4,3173.373883,6476.886596,4.454147061,256582.7143,678423.2591,1795102,9,743,371.5,331.6330804,606,137,1796009,449002.25,897399.884,1795102,9,0,0,0,0,72,112,1.670305148,2.783841913,0,5840,1292.555556,2554.159212,6523729.278,0,0,0,1,0,0,0,0,1,1454.125,8.666666667,2321.4,72,0,0,0,0,0,0,3,26,5,11607,8192,229,2,20,0.0,0.0,0,0,0.0,0.0,0,0,ddos,ddos,1
80,2777927,4,0,24,0,6,6,6.0,0.0,0,0,0.0,0.0,8.639535884,1.439922647,925975.6667,1603833.437,2777923,1,2777927,925975.6667,1603833.437,2777923,1,0,0.0,0.0,0,0,0,0,0,0,80,0,1.439922647,0.0,6,6,6.0,0.0,0.0,0,0,0,0,1,0,0,0,0,7.5,6.0,0.0,80,0,0,0,0,0,0,4,24,0,0,256,-1,3,20,0.0,0.0,0,0,0.0,0.0,0,0,ddos,ddos,1
80,12511047,10,7,1289,746,316,0,128.9,159.9655865769,185,0,106.5714285714,97.8380586187,162.6562509117,1.3587991477,781940.4375,2452374.37581356,9950656,82,12511047,1390116.33333333,3216367.76891609,9950656,118,12041960,2006993.33333333,4048793.84137462,10239668,474,0,0,0,0,212,164,0.7992936163,0.5595055314,0,316,113.0555555556,133.5754786506,17842.408496732,0,0,0,1,0,0,0,0,0,119.7058823529,128.9,106.5714285714,212,0,0,0,0,0,0,10,1289,7,746,8192,148,9,20,2099277.0,0.0,2099277,2099277,9950656.0,0.0,9950656,9950656,benign,benign,0
80,9174416,4,0,24,0,6,6,6.0,0.0,0,0,0.0,0.0,2.615970324,0.435995054,3058138.667,5295362.016,9172696,273,9174416,3058138.667,5295362.016,9172696,273,0,0.0,0.0,0,0,0,0,0,0,80,0,0.435995054,0.0,6,6,6.0,0.0,0.0,0,0,0,0,1,0,0,0,0,7.5,6.0,0.0,80,0,0,0,0,0,0,4,24,0,0,256,-1,3,20,1720.0,0.0,1720,1720,9172696.0,0.0,9172696,9172696,ddos,ddos,1
443,116063418,34,34,915,39418,551,0,26.9117647059,101.3040331385,4344,0,1159.3529411765,1177.5630172252,347.5082906829,0.5858865883,1732289.82089552,3741230.24085856,10027501,1,116063418,3517073.27272727,4790783.95491423,10112026,36,111564897,3380754.45454545,4831372.06007225,10114267,44,0,0,0,0,1096,1096,0.2929432942,0.2929432942,0,4344,584.5362318841,1001.8084027766,1003620.07587383,0,0,0,1,0,0,0,0,1,593.1323529412,26.9117647059,1159.3529411765,1096,0,0,0,0,0,0,34,915,34,39418,29200,123,4,32,118461.636363636,110705.989746962,452245,84500,10023845.3636364,8976.966250051,10027501,9997122,benign,benign,0
80,96042,3,6,26,11607,20,0,8.666666667,10.26320288,4380,0,1934.5,2177.344966,121124.0915,93.70900231,12005.25,33504.61467,94922,3,981,490.5,569.2209589,893,88,95997,19199.4,42332.37488,94922,3,0,0,0,0,72,132,31.2363341,62.47266821,0,4380,1163.3,1903.962654,3625073.789,0,0,0,1,0,0,0,0,2,1292.555556,8.666666667,1934.5,72,0,0,0,0,0,0,3,26,6,11607,8192,229,2,20,0.0,0.0,0,0,0.0,0.0,0,0,ddos,ddos,1
3878,90,1,1,2,6,2,2,2.0,0.0,6,6,6.0,0.0,88888.88889,22222.22222,90.0,0.0,90,90,0,0.0,0.0,0,0,0,0.0,0.0,0,0,0,0,0,0,24,20,11111.11111,11111.11111,2,6,3.333333333,2.309401077,5.333333333,0,0,0,1,0,0,0,0,1,5.0,2.0,6.0,24,0,0,0,0,0,0,1,2,1,6,1024,0,0,24,0.0,0.0,0,0,0.0,0.0,0,0,portscan,portscan,1
80,9057786,4,0,24,0,6,6,6.0,0.0,0,0,0.0,0.0,2.649654121,0.44160902,3019262.0,5228665.637,9056805,1,9057786,3019262.0,5228665.637,9056805,1,0,0.0,0.0,0,0,0,0,0,0,80,0,0.44160902,0.0,6,6,6.0,0.0,0.0,0,0,0,0,1,0,0,0,0,7.5,6.0,0.0,80,0,0,0,0,0,0,4,24,0,0,256,-1,3,20,981.0,0.0,981,981,9056805.0,0.0,9056805,9056805,ddos,ddos,1
80,670236,3,4,26,11607,20,0,8.666666667,10.26320288,11595,0,2901.75,5795.50069,17356.57291,10.44408238,111706.0,273143.7799,669258,7,953,476.5,604.5762979,904,49,670186,223395.3333,386128.6664,669258,7,0,0,0,0,72,92,4.476035307,5.968047076,0,11595,1454.125,4097.537534,16800000.0,0,0,0,1,0,0,0,0,1,1661.857143,8.666666667,2901.75,72,0,0,0,0,0,0,3,26,4,11607,8192,229,2,20,0.0,0.0,0,0,0.0,0.0,0,0,ddos,ddos,1
80,128060,3,6,26,11607,20,0,8.666666667,10.26320288,4380,0,1934.5,2177.344966,90840.23114,70.27955646,16007.5,44819.54173,126928,3,1005,502.5,642.7600641,957,48,127953,25590.6,56650.78411,126928,3,0,0,0,0,72,132,23.42651882,46.85303764,0,4380,1163.3,1903.962654,3625073.789,0,0,0,1,0,0,0,0,2,1292.555556,8.666666667,1934.5,72,0,0,0,0,0,0,3,26,6,11607,8192,229,2,20,0.0,0.0,0,0,0.0,0.0,0,0,ddos,ddos,1
443,10858490,7,7,602,3278,342,0,86.0,142.0281662206,1460,0,468.2857142857,684.0196669409,357.3240846563,1.2893137075,835268.461538461,2970266.71117981,10720766,1,10858490,1809748.33333333,4365578.49198526,10720766,551,61383,10230.5,15313.3823402931,30176,1,0,0,0,0,152,152,0.6446568538,0.6446568538,0,1460,258.6666666667,500.8218483748,250822.523809524,0,0,0,1,0,0,0,0,1,277.1428571429,86.0,468.2857142857,152,0,0,0,0,0,0,7,602,7,3278,8192,4360,6,20,0.0,0.0,0,0,0.0,0.0,0,0,benign,benign,0
443,49,2,0,12,0,6,6,6.0,0.0,0,0,0.0,0.0,244897.959183673,40816.3265306122,49.0,0.0,49,49,49,49.0,0.0,49,49,0,0.0,0.0,0,0,0,0,0,0,40,0,40816.3265306122,0.0,6,6,6.0,0.0,0.0,0,0,0,0,1,0,0,0,0,9.0,6.0,0.0,40,0,0,0,0,0,0,2,12,0,0,255,-1,1,20,0.0,0.0,0,0,0.0,0.0,0,0,benign,benign,0
80,118500,3,5,26,11607,20,0,8.666666667,10.26320288,10135,0,2321.4,4413.201989,98168.77637,67.51054852,16928.57143,44252.79139,117282,6,978,489.0,622.2539674,929,49,118455,29613.75,58446.99483,117282,6,0,0,0,0,72,112,25.3164557,42.19409283,0,10135,1292.555556,3350.634907,11200000.0,0,0,0,1,0,0,0,0,1,1454.125,8.666666667,2321.4,72,0,0,0,0,0,0,3,26,5,11607,8192,229,2,20,0.0,0.0,0,0,0.0,0.0,0,0,ddos,ddos,1
80,22584385,5,0,30,0,6,6,6.0,0.0,0,0,0.0,0.0,1.328351425,0.221391904,5646096.25,11300000.0,22600000,3,22600000,5646096.25,11300000.0,22600000,3,0,0.0,0.0,0,0,0,0,0,0,100,0,0.221391904,0.0,6,6,6.0,0.0,0.0,0,0,0,0,1,0,0,0,0,7.2,6.0,0.0,100,0,0,0,0,0,0,5,30,0,0,256,-1,4,20,2008.0,0.0,2008,2008,22600000.0,0.0,22600000,22600000,ddos,ddos,1
80,727622,3,5,26,11607,20,0,8.666666667,10.26320288,8675,0,2321.4,3769.536019,15987.69691,10.99471979,103946.0,274580.5599,726636,4,753,376.5,502.7529214,732,21,727501,181875.25,363173.9466,726636,4,0,0,0,0,72,112,4.12301992,6.871699866,0,8675,1292.555556,2931.429562,8593279.278,0,0,0,1,0,0,0,0,1,1454.125,8.666666667,2321.4,72,0,0,0,0,0,0,3,26,5,11607,8192,229,2,20,0.0,0.0,0,0,0.0,0.0,0,0,ddos,ddos,1
80,6152850,4,0,24,0,6,6,6.0,0.0,0,0,0.0,0.0,3.900631415,0.650105236,2050950.0,3551487.077,6151854,4,6152850,2050950.0,3551487.077,6151854,4,0,0.0,0.0,0,0,0,0,0,0,80,0,0.650105236,0.0,6,6,6.0,0.0,0.0,0,0,0,0,1,0,0,0,0,7.5,6.0,0.0,80,0,0,0,0,0,0,4,24,0,0,256,-1,3,20,996.0,0.0,996,996,6151854.0,0.0,6151854,6151854,ddos,ddos,1
999,26,1,1,2,6,2,2,2.0,0.0,6,6,6.0,0.0,307692.3077,76923.07692,26.0,0.0,26,26,0,0.0,0.0,0,0,0,0.0,0.0,0,0,0,0,0,0,24,20,38461.53846,38461.53846,2,6,3.333333333,2.309401077,5.333333333,0,0,0,1,0,0,0,0,1,5.0,2.0,6.0,24,0,0,0,0,0,0,1,2,1,6,1024,0,0,24,0.0,0.0,0,0,0.0,0.0,0,0,portscan,portscan,1
80,74,2,0,12,0,6,6,6.0,0.0,0,0,0.0,0.0,162162.162162162,27027.027027027,74.0,0.0,74,74,74,74.0,0.0,74,74,0,0.0,0.0,0,0,0,0,0,0,40,0,27027.027027027,0.0,6,6,6.0,0.0,0.0,0,0,0,0,1,0,0,0,0,9.0,6.0,0.0,40,0,0,0,0,0,0,2,12,0,0,1739,-1,1,20,0.0,0.0,0,0,0.0,0.0,0,0,benign,benign,0
53,30790,1,1,55,71,55,55,55.0,0.0,71,71,71.0,0.0,4092.2377395258,64.9561545956,30790.0,0.0,30790,30790,0,0.0,0.0,0,0,0,0.0,0.0,0,0,0,0,0,0,20,32,32.4780772978,32.4780772978,55,71,60.3333333333,9.237604307,85.3333333333,0,0,0,0,0,0,0,0,1,90.5,55.0,71.0,20,0,0,0,0,0,0,1,55,1,71,-1,-1,0,20,0.0,0.0,0,0,0.0,0.0,0,0,benign,benign,0
80,428752,3,4,26,11601,20,0,8.666666667,10.26320288,8760,0,2900.25,4128.319301,27118.24085,16.32645445,71458.66667,159264.9375,395533,72,32961,16480.5,21977.58587,32021,940,428627,142875.6667,219418.5006,395533,186,0,0,0,0,72,92,6.997051909,9.329402545,0,8760,1453.375,3113.952607,9696700.839,0,0,0,1,0,0,0,0,1,1661.0,8.666666667,2900.25,72,0,0,0,0,0,0,3,26,4,11601,8192,229,2,20,0.0,0.0,0,0,0.0,0.0,0,0,ddos,ddos,1
5988,43,1,1,2,6,2,2,2.0,0.0,6,6,6.0,0.0,186046.5116,46511.62791,43.0,0.0,43,43,0,0.0,0.0,0,0,0,0.0,0.0,0,0,0,0,0,0,24,20,23255.81395,23255.81395,2,6,3.333333333,2.309401077,5.333333333,0,0,0,1,0,0,0,0,1,5.0,2.0,6.0,24,0,0,0,0,0,0,1,2,1,6,1024,0,0,24,0.0,0.0,0,0,0.0,0.0,0,0,portscan,portscan,1
2869,61,1,1,2,6,2,2,2.0,0.0,6,6,6.0,0.0,131147.541,32786.88525,61.0,0.0,61,61,0,0.0,0.0,0,0,0,0.0,0.0,0,0,0,0,0,0,24,20,16393.44262,16393.44262,2,6,3.333333333,2.309401077,5.333333333,0,0,0,1,0,0,0,0,1,5.0,2.0,6.0,24,0,0,0,0,0,0,1,2,1,6,1024,0,0,24,0.0,0.0,0,0,0.0,0.0,0,0,portscan,portscan,1
53,46709,1,1,45,225,45,45,45.0,0.0,225,225,225.0,0.0,5780.470573123,42.8183005417,46709.0,0.0,46709,46709,0,0.0,0.0,0,0,0,0.0,0.0,0,0,0,0,0,0,32,20,21.4091502708,21.4091502708,45,225,105.0,103.9230484541,10800.0,0,0,0,0,0,0,0,0,1,157.5,45.0,225.0,32,0,0,0,0,0,0,1,45,1,225,-1,-1,0,32,0.0,0.0,0,0,0.0,0.0,0,0,benign,benign,0
80,498547,3,5,26,11607,20,0,8.666666667,10.26320288,7215,0,2321.4,3327.769794,23333.80805,16.04663151,71221.0,187850.3599,497225,4,1035,517.5,557.9072504,912,123,498530,124632.5,248395.4691,497225,4,0,0,0,0,72,112,6.017486817,10.02914469,0,7215,1292.555556,2650.585648,7025604.278,0,0,0,1,0,0,0,0,1,1454.125,8.666666667,2321.4,72,0,0,0,0,0,0,3,26,5,11607,8192,229,2,20,0.0,0.0,0,0,0.0,0.0,0,0,ddos,ddos,1
53,1325379,2,2,104,207,56,48,52.0,5.6568542495,116,91,103.5,17.6776695297,234.6498624167,3.0180046613,441793.0,666012.094001303,1210227,31043,1241270,1241270.0,0.0,1241270,1241270,1294336,1294336.0,0.0,1294336,1294336,0,0,0,0,52,52,1.5090023307,1.5090023307,48,116,73.4,29.0482357468,843.8,0,0,0,0,0,0,0,0,1,91.75,52.0,103.5,52,0,0,0,0,0,0,2,104,2,207,-1,-1,1,20,0.0,0.0,0,0,0.0,0.0,0,0,benign,benign,0
80,66,1,1,6,6,6,6,6.0,0.0,6,6,6.0,0.0,181818.181818182,30303.0303030303,66.0,0.0,66,66,0,0.0,0.0,0,0,0,0.0,0.0,0,0,0,0,0,0,20,20,15151.5151515152,15151.5151515152,6,6,6.0,0.0,0.0,0,0,0,0,1,0,0,0,1,9.0,6.0,6.0,20,0,0,0,0,0,0,1,6,1,6,237,512,0,20,0.0,0.0,0,0,0.0,0.0,0,0,benign,benign,0
443,348021,2,0,12,0,6,6,6.0,0.0,0,0,0.0,0.0,34.4806778901,5.7467796484,348021.0,0.0,348021,348021,348021,348021.0,0.0,348021,348021,0,0.0,0.0,0,0,0,0,0,0,40,0,5.7467796484,0.0,6,6,6.0,0.0,0.0,0,0,0,0,1,0,0,0,0,9.0,6.0,0.0,40,0,0,0,0,0,0,2,12,0,0,256,-1,1,20,0.0,0.0,0,0,0.0,0.0,0,0,benign,benign,0
443,284805,6,7,1920,3370,1265,0,320.0,503.797975383,1460,0,481.4285714286,620.7607851507,18574.1121117958,45.6452660592,23733.75,41812.2895464197,150052,59,258208,51641.6,55021.0963294989,150052,26033,256842,42807.0,67922.2444858825,174639,178,0,0,0,0,132,152,21.0670458735,24.5782201857,0,1460,377.8571428571,542.0101981929,293775.054945055,0,0,0,1,0,0,0,0,1,406.9230769231,320.0,481.4285714286,132,0,0,0,0,0,0,6,1920,7,3370,8192,65,5,20,0.0,0.0,0,0,0.0,0.0,0,0,benign,benign,0
12265,8,1,1,2,6,2,2,2.0,0.0,6,6,6.0,0.0,1000000.0,250000.0,8.0,0.0,8,8,0,0.0,0.0,0,0,0,0.0,0.0,0,0,0,0,0,0,24,20,125000.0,125000.0,2,6,3.333333333,2.309401077,5.333333333,0,0,0,1,0,0,0,0,1,5.0,2.0,6.0,24,0,0,0,0,0,0,1,2,1,6,1024,0,0,24,0.0,0.0,0,0,0.0,0.0,0,0,portscan,portscan,1
80,92537,3,6,26,11607,20,0,8.666666667,10.26320288,5840,0,1934.5,2538.919278,125711.8774,97.25839394,11567.125,32292.75247,91484,3,922,461.0,646.295598,918,4,92520,18504.0,40798.93142,91484,3,0,0,0,0,72,132,32.41946465,64.83892929,0,5840,1163.3,2138.329153,4572451.567,0,0,0,1,0,0,0,0,2,1292.555556,8.666666667,1934.5,72,0,0,0,0,0,0,3,26,6,11607,8192,229,2,20,0.0,0.0,0,0,0.0,0.0,0,0,ddos,ddos,1
443,90104852,3,3,18,0,6,6,6.0,0.0,0,0,0.0,0.0,0.1997672667,0.0665890889,18020970.4,24631961.7799782,45006979,32073,90072779,45036389.5,3831.8116472499,45039099,45033680,90072732,45036366.0,4818.2256070051,45039773,45032959,0,0,0,0,60,96,0.0332945444,0.0332945444,0,6,3.4285714286,3.2071349029,10.2857142857,0,0,0,0,1,0,0,0,1,4.0,6.0,0.0,60,0,0,0,0,0,0,3,18,3,0,256,62,2,20,32457.0,476.5899705197,32794,32120,45003932.5,4308.4016177696,45006979,45000886,benign,benign,0
443,10253510,8,10,2302,5851,1460,0,287.75,503.557841762,1689,0,585.1,717.585372389,795.142346377,1.7554964105,603147.647058823,2422227.93800431,10001904,2,251604,35943.4285714286,46386.4042791892,135865,48,10221349,1135705.44444444,3325284.47932354,10001934,2,0,0,0,0,172,212,0.7802206269,0.9752757836,0,1689,429.1052631579,623.4615638814,388704.321637427,0,0,0,1,0,0,0,0,1,452.9444444444,287.75,585.1,172,0,0,0,0,0,0,8,2302,10,5851,8192,66,7,20,251604.0,0.0,251604,251604,10001904.0,0.0,10001904,10001904,benign,benign,0
80,176059,3,6,26,11607,20,0,8.666666667,10.26320288,4380,0,1934.5,2177.344966,66074.44095,51.11922708,22007.375,62034.24902,175534,3,392,196.0,271.529004,388,4,176046,35209.2,78444.16178,175534,3,0,0,0,0,72,132,17.03974236,34.07948472,0,4380,1163.3,1903.962654,3625073.789,0,0,0,1,0,0,0,0,2,1292.555556,8.666666667,1934.5,72,0,0,0,0,0,0,3,26,6,11607,8192,229,2,20,0.0,0.0,0,0,0.0,0.0,0,0,ddos,ddos,1
80,538745,3,5,26,11607,20,0,8.666666667,10.26320288,7215,0,2321.4,3327.769794,21592.7758,14.84932575,76963.57143,203193.5205,537763,4,685,342.5,318.9051583,568,117,538702,134675.5,268725.195,537763,4,0,0,0,0,72,112,5.568497155,9.280828592,0,7215,1292.555556,2650.585648,7025604.278,0,0,0,1,0,0,0,0,1,1454.125,8.666666667,2321.4,72,0,0,0,0,0,0,3,26,5,11607,8192,229,2,20,0.0,0.0,0,0,0.0,0.0,0,0,ddos,ddos,1
80,1849444,3,4,26,11607,20,0,8.666666667,10.26320288,11595,0,2901.75,5795.50069,6289.998508,3.784921306,308240.6667,754517.0328,1848392,6,988,494.0,463.8620485,822,166,1849394,616464.6667,1066880.481,1848392,6,0,0,0,0,72,92,1.622109131,2.162812175,0,11595,1454.125,4097.537534,16800000.0,0,0,0,1,0,0,0,0,1,1661.857143,8.666666667,2901.75,72,0,0,0,0,0,0,3,26,4,11607,8192,229,2,20,0.0,0.0,0,0,0.0,0.0,0,0,ddos,ddos,1
80,11365710,5,0,30,0,6,6,6.0,0.0,0,0,0.0,0.0,2.639518341,0.439919723,2841427.5,5682731.667,11400000,1,11400000,2841427.5,5682731.667,11400000,1,0,0.0,0.0,0,0,0,0,0,0,100,0,0.439919723,0.0,6,6,6.0,0.0,0.0,0,0,0,0,1,0,0,0,0,7.2,6.0,0.0,100,0,0,0,0,0,0,5,30,0,0,256,-1,4,20,185.0,0.0,185,185,11400000.0,0.0,11400000,11400000,ddos,ddos,1
443,129,2,0,12,0,6,6,6.0,0.0,0,0,0.0,0.0,93023.2558139535,15503.8759689923,129.0,0.0,129,129,129,129.0,0.0,129,129,0,0.0,0.0,0,0,0,0,0,0,40,0,15503.8759689923,0.0,6,6,6.0,0.0,0.0,0,0,0,0,1,0,0,0,0,9.0,6.0,0.0,40,0,0,0,0,0,0,2,12,0,0,256,-1,1,20,0.0,0.0,0,0,0.0,0.0,0,0,benign,benign,0
5962,36,1,1,2,6,2,2,2.0,0.0,6,6,6.0,0.0,222222.2222,55555.55556,36.0,0.0,36,36,0,0.0,0.0,0,0,0,0.0,0.0,0,0,0,0,0,0,24,20,27777.77778,27777.77778,2,6,3.333333333,2.309401077,5.333333333,0,0,0,1,0,0,0,0,1,5.0,2.0,6.0,24,0,0,0,0,0,0,1,2,1,6,1024,0,0,24,0.0,0.0,0,0,0.0,0.0,0,0,portscan,portscan,1
416,20,1,1,2,6,2,2,2.0,0.0,6,6,6.0,0.0,400000.0,100000.0,20.0,0.0,20,20,0,0.0,0.0,0,0,0,0.0,0.0,0,0,0,0,0,0,24,20,50000.0,50000.0,2,6,3.333333333,2.309401077,5.333333333,0,0,0,1,0,0,0,0,1,5.0,2.0,6.0,24,0,0,0,0,0,0,1,2,1,6,1024,0,0,24,0.0,0.0,0,0,0.0,0.0,0,0,portscan,portscan,1
443,496,2,0,12,0,6,6,6.0,0.0,0,0,0.0,0.0,24193.5483870968,4032.2580645161,496.0,0.0,496,496,496,496.0,0.0,496,496,0,0.0,0.0,0,0,0,0,0,0,40,0,4032.2580645161,0.0,6,6,6.0,0.0,0.0,0,0,0,0,1,0,0,0,0,9.0,6.0,0.0,40,0,0,0,0,0,0,2,12,0,0,254,-1,1,20,0.0,0.0,0,0,0.0,0.0,0,0,benign,benign,0
443,10244037,5,4,324,177,237,0,64.8,101.082639459,165,0,44.25,80.5496741148,48.9065004353,0.8785598881,1280504.625,3500710.57284807,9943429,162,10244037,2561009.25,5005602.57238543,10069175,1912,214582,71527.3333333333,64217.4442058646,125993,717,0,0,0,0,112,92,0.4880888267,0.3904710614,0,237,50.1,84.368833108,7118.1,0,0,0,1,0,0,0,0,0,55.6666666667,64.8,44.25,112,0,0,0,0,0,0,5,324,4,177,8192,62,4,20,0.0,0.0,0,0,0.0,0.0,0,0,benign,benign,0
6666,61,1,1,2,6,2,2,2.0,0.0,6,6,6.0,0.0,131147.541,32786.88525,61.0,0.0,61,61,0,0.0,0.0,0,0,0,0.0,0.0,0,0,0,0,0,0,24,20,16393.44262,16393.44262,2,6,3.333333333,2.309401077,5.333333333,0,0,0,1,0,0,0,0,1,5.0,2.0,6.0,24,0,0,0,0,0,0,1,2,1,6,1024,0,0,24,0.0,0.0,0,0,0.0,0.0,0,0,portscan,portscan,1
80,94,2,0,12,0,6,6,6.0,0.0,0,0,0.0,0.0,127659.574468085,21276.5957446809,94.0,0.0,94,94,94,94.0,0.0,94,94,0,0.0,0.0,0,0,0,0,0,0,40,0,21276.5957446809,0.0,6,6,6.0,0.0,0.0,0,0,0,0,1,0,0,0,0,9.0,6.0,0.0,40,0,0,0,0,0,0,2,12,0,0,256,-1,1,20,0.0,0.0,0,0,0.0,0.0,0,0,benign,benign,0
80,6031871,5,0,30,0,6,6,6.0,0.0,0,0,0.0,0.0,4.973581166,0.828930194,1507967.75,3013923.61,6028853,3,6031871,1507967.75,3013923.61,6028853,3,0,0.0,0.0,0,0,0,0,0,0,100,0,0.828930194,0.0,6,6,6.0,0.0,0.0,0,0,0,0,1,0,0,0,0,7.2,6.0,0.0,100,0,0,0,0,0,0,5,30,0,0,256,-1,4,20,3018.0,0.0,3018,3018,6028853.0,0.0,6028853,6028853,ddos,ddos,1
80,9326,2,0,12,0,6,6,6.0,0.0,0,0,0.0,0.0,1286.7252841518,214.4542140253,9326.0,0.0,9326,9326,9326,9326.0,0.0,9326,9326,0,0.0,0.0,0,0,0,0,0,0,40,0,214.4542140253,0.0,6,6,6.0,0.0,0.0,0,0,0,0,1,0,0,0,0,9.0,6.0,0.0,40,0,0,0,0,0,0,2,12,0,0,256,-1,1,20,0.0,0.0,0,0,0.0,0.0,0,0,benign,benign,0
80,4769939,4,0,24,0,6,6,6.0,0.0,0,0,0.0,0.0,5.031510885,0.838585148,1589979.667,2753923.834,4769937,1,4769939,1589979.667,2753923.834,4769937,1,0,0.0,0.0,0,0,0,0,0,0,80,0,0.838585148,0.0,6,6,6.0,0.0,0.0,0,0,0,0,1,0,0,0,0,7.5,6.0,0.0,80,0,0,0,0,0,0,4,24,0,0,256,-1,3,20,0.0,0.0,0,0,0.0,0.0,0,0,ddos,ddos,1
80,882015,3,4,26,11601,20,0,8.666666667,10.26320288,8760,0,2900.25,4128.319301,13182.31549,7.936372964,147002.5,354937.6061,871471,33,10300,5150.0,6914.090106,10039,261,881982,293994.0,500135.4456,871471,186,0,0,0,0,72,92,3.401302699,4.535070265,0,8760,1453.375,3113.952607,9696700.839,0,0,0,1,0,0,0,0,1,1661.0,8.666666667,2900.25,72,0,0,0,0,0,0,3,26,4,11601,8192,229,2,20,0.0,0.0,0,0,0.0,0.0,0,0,ddos,ddos,1
53,124367,1,1,43,167,43,43,43.0,0.0,167,167,167.0,0.0,1688.5508213594,16.0814363939,124367.0,0.0,124367,124367,0,0.0,0.0,0,0,0,0.0,0.0,0,0,0,0,0,0,32,20,8.0407181969,8.0407181969,43,167,84.3333333333,71.5914333795,5125.3333333333,0,0,0,0,0,0,0,0,1,126.5,43.0,167.0,32,0,0,0,0,0,0,1,43,1,167,-1,-1,0,32,0.0,0.0,0,0,0.0,0.0,0,0,benign,benign,0
901,12,1,1,2,6,2,2,2.0,0.0,6,6,6.0,0.0,666666.6667,166666.6667,12.0,0.0,12,12,0,0.0,0.0,0,0,0,0.0,0.0,0,0,0,0,0,0,24,20,83333.33333,83333.33333,2,6,3.333333333,2.309401077,5.333333333,0,0,0,1,0,0,0,0,1,5.0,2.0,6.0,24,0,0,0,0,0,0,1,2,1,6,1024,0,0,24,0.0,0.0,0,0,0.0,0.0,0,0,portscan,portscan,1
465,1992594,16,24,1380,4574,362,0,86.25,86.4557690383,1430,0,190.5833333333,409.2062217074,2988.0648039691,20.0743352635,51092.1538461538,133577.893735126,797740,4,1943498,129566.533333333,220598.865600265,847784,1234,1944003,84521.8695652174,167192.645388841,797740,4,0,0,0,0,332,492,8.0297341054,12.0446011581,0,1430,145.2195121951,319.7490822657,102239.475609756,0,0,0,1,0,0,0,0,1,148.85,86.25,190.5833333333,332,0,0,0,0,0,0,16,1380,24,4574,8192,176,15,20,0.0,0.0,0,0,0.0,0.0,0,0,benign,benign,0
51559,1,2,0,37,0,31,6,18.5,17.6776695297,0,0,0.0,0.0,37000000.0,2000000.0,1.0,0.0,1,1,1,1.0,0.0,1,1,0,0.0,0.0,0,0,1,0,0,0,40,0,2000000.0,0.0,6,31,22.6666666667,14.4337567297,208.3333333333,0,1,0,0,1,0,0,0,0,34.0,18.5,0.0,40,0,0,0,0,0,0,2,37,0,0,110,-1,1,20,0.0,0.0,0,0,0.0,0.0,0,0,benign,benign,0
53,23555,1,1,71,153,71,71,71.0,0.0,153,153,153.0,0.0,9509.6582466568,84.9076629166,23555.0,0.0,23555,23555,0,0.0,0.0,0,0,0,0.0,0.0,0,0,0,0,0,0,20,20,42.4538314583,42.4538314583,71,153,98.3333333333,47.3427220735,2241.3333333333,0,0,0,0,0,0,0,0,1,147.5,71.0,153.0,20,0,0,0,0,0,0,1,71,1,153,-1,-1,0,20,0.0,0.0,0,0,0.0,0.0,0,0,benign,benign,0
51615,2,2,0,37,0,31,6,18.5,17.6776695297,0,0,0.0,0.0,18500000.0,1000000.0,2.0,0.0,2,2,2,2.0,0.0,2,2,0,0.0,0.0,0,0,1,0,0,0,40,0,1000000.0,0.0,6,31,22.6666666667,14.4337567297,208.3333333333,0,1,0,0,1,0,0,0,0,34.0,18.5,0.0,40,0,0,0,0,0,0,2,37,0,0,946,-1,1,20,0.0,0.0,0,0,0.0,0.0,0,0,benign,benign,0
443,90207215,9,8,731,4721,379,0,81.2222222222,132.2816859752,1460,0,590.125,662.9226279999,60.4386245601,0.1884549922,5637950.9375,15365783.5535219,45001229,49,90171434,11271429.25,20828550.2073502,45033813,93,90172644,12881806.2857143,21965115.8998681,45036630,190,0,0,0,0,192,196,0.09977029,0.0886847022,0,1460,302.8888888889,509.3395826534,259426.810457516,0,0,0,1,0,0,0,0,0,320.7058823529,81.2222222222,590.125,192,0,0,0,0,0,0,9,731,8,4721,8192,62,8,20,84678.0,73134.6401645622,136392,32964,45001039.0,268.7005768509,45001229,45000849,benign,benign,0
80,841123,3,4,26,11601,20,0,8.666666667,10.26320288,8760,0,2900.25,4128.319301,13823.18638,8.322207335,140187.1667,332005.0743,817633,4,23015,11507.5,16268.40571,23011,4,841082,280360.6667,465429.8399,817633,377,0,0,0,0,72,92,3.566660286,4.755547048,0,8760,1453.375,3113.952607,9696700.839,0,0,0,1,0,0,0,0,1,1661.0,8.666666667,2900.25,72,0,0,0,0,0,0,3,26,4,11601,8192,229,2,20,0.0,0.0,0,0,0.0,0.0,0,0,ddos,ddos,1
6000,49,1,1,2,6,2,2,2.0,0.0,6,6,6.0,0.0,163265.3061,40816.32653,49.0,0.0,49,49,0,0.0,0.0,0,0,0,0.0,0.0,0,0,0,0,0,0,24,20,20408.16327,20408.16327,2,6,3.333333333,2.309401077,5.333333333,0,0,0,1,0,0,0,0,1,5.0,2.0,6.0,24,0,0,0,0,0,0,1,2,1,6,1024,0,0,24,0.0,0.0,0,0,0.0,0.0,0,0,portscan,portscan,1
80,1329733,4,0,24,0,6,6,6.0,0.0,0,0,0.0,0.0,18.0487361,3.008122683,443244.3333,767214.2157,1329147,252,1329733,443244.3333,767214.2157,1329147,252,0,0.0,0.0,0,0,0,0,0,0,80,0,3.008122683,0.0,6,6,6.0,0.0,0.0,0,0,0,0,1,0,0,0,0,7.5,6.0,0.0,80,0,0,0,0,0,0,4,24,0,0,256,-1,3,20,0.0,0.0,0,0,0.0,0.0,0,0,ddos,ddos,1
80,6757814,5,0,30,0,6,6,6.0,0.0,0,0,0.0,0.0,4.439305373,0.739884229,1689453.5,3374917.027,6751828,3,6757814,1689453.5,3374917.027,6751828,3,0,0.0,0.0,0,0,0,0,0,0,100,0,0.739884229,0.0,6,6,6.0,0.0,0.0,0,0,0,0,1,0,0,0,0,7.2,6.0,0.0,100,0,0,0,0,0,0,5,30,0,0,256,-1,4,20,5986.0,0.0,5986,5986,6751828.0,0.0,6751828,6751828,ddos,ddos,1
443,119873381,32,35,3277,30085,581,0,102.40625,198.0333727781,1460,0,859.5714285714,683.3037945382,278.3103281286,0.5589230857,1816263.34848485,3699338.39016773,10013983,1,119873381,3866883.25806452,4840540.27691121,10303694,3,117224165,3447769.55882353,4806021.81030239,10303969,1,0,0,0,0,652,712,0.2669483394,0.2919747463,0,1460,490.6176470588,633.8496226721,401765.344161545,0,0,0,1,0,0,0,0,1,497.9402985075,102.40625,859.5714285714,652,0,0,0,0,0,0,32,3277,35,30085,8192,7466,31,20,659500.090909091,1230227.78369694,4368654,274156,9997926.63636364,16327.4089694153,10013983,9950618,benign,benign,0
80,47172,3,6,26,11601,20,0,8.666666667,10.26320288,4380,0,1933.5,1757.789948,246480.9633,190.7911473,5896.5,11470.36238,31000,4,15650,7825.0,10753.67993,15429,221,47168,9433.6,13813.69153,31000,17,0,0,0,0,72,132,63.5970491,127.1940982,0,4380,1162.7,1645.241762,2706820.456,0,0,0,1,0,0,0,0,2,1291.888889,8.666666667,1933.5,72,0,0,0,0,0,0,3,26,6,11601,8192,229,2,20,0.0,0.0,0,0,0.0,0.0,0,0,ddos,ddos,1
443,30472431,19,22,1039,31187,517,0,54.6842105263,155.4409686564,2896,0,1417.5909090909,1136.6212946855,1057.5460815712,1.3454784753,761810.775,2620237.83470569,10005675,1,20792353,1155130.72222222,3247387.66882721,10159770,203,30318223,1443724.90476191,3559169.5113088,10159699,3,0,0,0,0,616,712,0.6235144154,0.7219640599,0,2896,767.2857142857,1071.8761369495,1148918.45296167,0,0,0,1,0,0,0,0,1,786.0,54.6842105263,1417.5909090909,616,0,0,0,0,0,0,19,1039,22,31187,29200,122,3,32,313923.0,276891.706551496,633650,154024,9843553.0,274985.460786566,10005675,9526051,benign,benign,0
32782,53,1,1,2,6,2,2,2.0,0.0,6,6,6.0,0.0,150943.3962,37735.84906,53.0,0.0,53,53,0,0.0,0.0,0,0,0,0.0,0.0,0,0,0,0,0,0,24,20,18867.92453,18867.92453,2,6,3.333333333,2.309401077,5.333333333,0,0,0,1,0,0,0,0,1,5.0,2.0,6.0,24,0,0,0,0,0,0,1,2,1,6,1024,0,0,24,0.0,0.0,0,0,0.0,0.0,0,0,portscan,portscan,1
80,10717702,5,0,30,0,6,6,6.0,0.0,0,0,0.0,0.0,2.799107495,0.466517916,2679425.5,5358173.688,10700000,0,10700000,2679425.5,5358173.688,10700000,0,0,0.0,0.0,0,0,0,0,0,0,100,0,0.466517916,0.0,6,6,6.0,0.0,0.0,0,0,0,0,1,0,0,0,0,7.2,6.0,0.0,100,0,0,0,0,0,0,5,30,0,0,256,-1,4,20,1016.0,0.0,1016,1016,10700000.0,0.0,10700000,10700000,ddos,ddos,1
33045,3,2,0,31,0,31,0,15.5,21.9203102168,0,0,0.0,0.0,10333333.3333333,666666.666666667,3.0,0.0,3,3,3,3.0,0.0,3,3,0,0.0,0.0,0,0,1,0,0,0,64,0,666666.666666667,0.0,0,31,20.6666666667,17.8978583449,320.3333333333,0,1,0,0,1,0,0,0,0,31.0,15.5,0.0,64,0,0,0,0,0,0,2,31,0,0,110,-1,0,32,0.0,0.0,0,0,0.0,0.0,0,0,benign,benign,0
80,1418069,3,5,26,11607,20,0,8.666666667,10.26320288,8760,0,2321.4,3802.315321,8203.409002,5.641474428,202581.2857,535414.4455,1416787,2,1076,538.0,483.6610383,880,196,1417909,354477.25,708206.6261,1416787,2,0,0,0,0,72,112,2.11555291,3.525921517,0,8760,1292.555556,2952.520834,8717379.278,0,0,0,1,0,0,0,0,1,1454.125,8.666666667,2321.4,72,0,0,0,0,0,0,3,26,5,11607,8192,229,2,20,0.0,0.0,0,0,0.0,0.0,0,0,ddos,ddos,1
80,1373999,3,5,26,11607,20,0,8.666666667,10.26320288,8675,0,2321.4,3769.536019,8466.527268,5.82242054,196285.5714,518804.7201,1372824,3,787,393.5,552.2503961,784,3,1373841,343460.25,686242.5521,1372824,142,0,0,0,0,72,112,2.183407703,3.639012838,0,8675,1292.555556,2931.429562,8593279.278,0,0,0,1,0,0,0,0,1,1454.125,8.666666667,2321.4,72,0,0,0,0,0,0,3,26,5,11607,8192,229,2,20,0.0,0.0,0,0,0.0,0.0,0,0,ddos,ddos,1
80,2149964,4,0,24,0,6,6,6.0,0.0,0,0,0.0,0.0,11.16297761,1.860496269,716654.6667,1240422.429,2148971,4,2149964,716654.6667,1240422.429,2148971,4,0,0.0,0.0,0,0,0,0,0,0,80,0,1.860496269,0.0,6,6,6.0,0.0,0.0,0,0,0,0,1,0,0,0,0,7.5,6.0,0.0,80,0,0,0,0,0,0,4,24,0,0,256,-1,3,20,0.0,0.0,0,0,0.0,0.0,0,0,ddos,ddos,1
443,30502412,14,16,1012,15428,517,0,72.2857142857,174.0629543812,2896,0,964.25,1003.1609043419,538.9737703366,0.983528778,1051807.31034483,3037937.25684186,10026208,4,20856839,1604372.23076923,3768930.663297,10191675,232,30337128,2022475.2,4103623.47989314,10191924,4,0,0,0,0,456,520,0.4589800964,0.5245486816,0,2896,530.3225806452,850.8808920602,723998.292473118,0,0,0,1,0,0,0,0,1,548.0,72.2857142857,964.25,456,0,0,0,0,0,0,14,1012,16,15428,29200,122,3,32,332958.333333333,289887.885570152,667692,165467,9834511.0,307478.718201764,10026208,9479853,benign,benign,0
80,420890,3,5,26,11607,20,0,8.666666667,10.26320288,10135,0,2321.4,4413.201989,27639.05058,19.00734159,60127.14286,158631.8219,419870,5,776,388.0,374.766594,653,123,420844,105211.0,209772.9216,419870,5,0,0,0,0,72,112,7.127753095,11.87958849,0,10135,1292.555556,3350.634907,11200000.0,0,0,0,1,0,0,0,0,1,1454.125,8.666666667,2321.4,72,0,0,0,0,0,0,3,26,5,11607,8192,229,2,20,0.0,0.0,0,0,0.0,0.0,0,0,ddos,ddos,1
443,62881056,11,12,940,6987,533,0,85.4545454545,166.4363924365,1460,0,582.25,643.5162108575,126.0634045332,0.3657699387,2858229.81818182,9955925.96786434,44995911,1,62881056,6288105.6,14406847.3162284,44995911,89,60401178,5491016.18181818,13886543.3828936,45046700,1,0,0,0,0,232,264,0.174933449,0.1908364898,0,1460,330.2916666667,525.9583781819,276632.21557971,0,0,0,1,0,0,0,0,1,344.652173913,85.4545454545,582.25,232,0,0,0,0,0,0,11,940,12,6987,8192,114,10,20,131839.0,114832.727051133,213038,50640,30094187.5,21074219.4764339,44995911,15192464,benign,benign,0
3918,72,1,1,2,6,2,2,2.0,0.0,6,6,6.0,0.0,111111.1111,27777.77778,72.0,0.0,72,72,0,0.0,0.0,0,0,0,0.0,0.0,0,0,0,0,0,0,24,20,13888.88889,13888.88889,2,6,3.333333333,2.309401077,5.333333333,0,0,0,1,0,0,0,0,1,5.0,2.0,6.0,24,0,0,0,0,0,0,1,2,1,6,1024,0,0,24,0.0,0.0,0,0,0.0,0.0,0,0,portscan,portscan,1
13782,48,1,1,2,6,2,2,2.0,0.0,6,6,6.0,0.0,166666.6667,41666.66667,48.0,0.0,48,48,0,0.0,0.0,0,0,0,0.0,0.0,0,0,0,0,0,0,24,20,20833.33333,20833.33333,2,6,3.333333333,2.309401077,5.333333333,0,0,0,1,0,0,0,0,1,5.0,2.0,6.0,24,0,0,0,0,0,0,1,2,1,6,1024,0,0,24,0.0,0.0,0,0,0.0,0.0,0,0,portscan,portscan,1
8402,11,1,1,2,6,2,2,2.0,0.0,6,6,6.0,0.0,727272.7273,181818.1818,11.0,0.0,11,11,0,0.0,0.0,0,0,0,0.0,0.0,0,0,0,0,0,0,24,20,90909.09091,90909.09091,2,6,3.333333333,2.309401077,5.333333333,0,0,0,1,0,0,0,0,1,5.0,2.0,6.0,24,0,0,0,0,0,0,1,2,1,6,1024,0,0,24,0.0,0.0,0,0,0.0,0.0,0,0,portscan,portscan,1
443,95127771,86,108,17905,2501,506,6,208.1976744186,231.9218336761,59,0,23.1574074074,18.4482919894,214.5114910766,2.0393624066,492890.005181347,4065901.9712723,45007348,3,95075119,1118530.81176471,6098913.23478027,45061427,3,95075361,888554.775700934,5448077.01217677,45060437,3,0,0,0,0,1720,2184,0.9040472524,1.1353151542,0,506,104.6769230769,179.5963493268,32254.8486915147,0,0,0,0,1,0,0,0,1,105.2164948454,208.1976744186,23.1574074074,1720,0,0,0,0,0,0,86,17905,108,2501,256,1389,85,20,3080056.0,5243448.67907439,9134669,52410,28381091.0,19875828.3911335,45007348,6366713,benign,benign,0
80,26317674,6,6,432,1768,432,0,72.0,176.3632614804,1768,0,294.6666666667,721.7829775401,83.5940136655,0.4559673473,2392515.81818182,4161913.46770391,10007023,26,20275601,4055120.2,5446222.35947025,10043908,37686,26278586,5255717.2,4989266.1627927,10044749,615,0,0,0,0,200,200,0.2279836736,0.2279836736,0,1768,169.2307692308,494.986557704,245011.692307692,0,0,0,1,0,0,0,0,1,183.3333333333,72.0,294.6666666667,200,0,0,0,0,0,0,6,432,6,1768,29200,939,1,32,135347.5,139247.002885161,233810,36885,10002453.0,6462.9559800451,10007023,9997883,benign,benign,0
53,48414,1,1,57,138,57,57,57.0,0.0,138,138,138.0,0.0,4027.7605651258,41.3103647705,48414.0,0.0,48414,48414,0,0.0,0.0,0,0,0,0.0,0.0,0,0,0,0,0,0,32,20,20.6551823853,20.6551823853,57,138,84.0,46.7653718044,2187.0,0,0,0,0,0,0,0,0,1,126.0,57.0,138.0,32,0,0,0,0,0,0,1,57,1,138,-1,-1,0,32,0.0,0.0,0,0,0.0,0.0,0,0,benign,benign,0
53,30599,1,1,54,118,54,54,54.0,0.0,118,118,118.0,0.0,5621.0987287166,65.3616131246,30599.0,0.0,30599,30599,0,0.0,0.0,0,0,0,0.0,0.0,0,0,0,0,0,0,20,20,32.6808065623,32.6808065623,54,118,75.3333333333,36.9504172281,1365.3333333333,0,0,0,0,0,0,0,0,1,113.0,54.0,118.0,20,0,0,0,0,0,0,1,54,1,118,-1,-1,0,20,0.0,0.0,0,0,0.0,0.0,0,0,benign,benign,0
51546,3,2,0,37,0,31,6,18.5,17.6776695297,0,0,0.0,0.0,12333333.3333333,666666.666666667,3.0,0.0,3,3,3,3.0,0.0,3,3,0,0.0,0.0,0,0,1,0,0,0,40,0,666666.666666667,0.0,6,31,22.6666666667,14.4337567297,208.3333333333,0,1,0,0,1,0,0,0,0,34.0,18.5,0.0,40,0,0,0,0,0,0,2,37,0,0,30016,-1,1,20,0.0,0.0,0,0,0.0,0.0,0,0,benign,benign,0
443,62880953,11,12,939,7016,532,0,85.3636363636,166.1675496162,1460,0,584.6666666667,646.8955702336,126.5088968992,0.3657705379,2858225.13636364,9956042.60859842,45000041,2,62880953,6288095.3,14407145.4356508,45000041,136,60401198,5491018.0,13886999.5688476,45051709,2,0,0,0,0,232,264,0.1749337355,0.1908368024,0,1460,331.4583333333,528.5236187529,279337.21557971,0,0,0,1,0,0,0,0,1,345.8695652174,85.3636363636,584.6666666667,232,0,0,0,0,0,0,11,939,12,7016,8192,114,10,20,134985.0,117924.197898481,218370,51600,30090906.0,21084700.9202514,45000041,15181771,benign,benign,0
7000,50,1,1,2,6,2,2,2.0,0.0,6,6,6.0,0.0,160000.0,40000.0,50.0,0.0,50,50,0,0.0,0.0,0,0,0,0.0,0.0,0,0,0,0,0,0,24,20,20000.0,20000.0,2,6,3.333333333,2.309401077,5.333333333,0,0,0,1,0,0,0,0,1,5.0,2.0,6.0,24,0,0,0,0,0,0,1,2,1,6,1024,0,0,24,0.0,0.0,0,0,0.0,0.0,0,0,portscan,portscan,1
1503,44,1,1,2,6,2,2,2.0,0.0,6,6,6.0,0.0,181818.1818,45454.54545,44.0,0.0,44,44,0,0.0,0.0,0,0,0,0.0,0.0,0,0,0,0,0,0,24,20,22727.27273,22727.27273,2,6,3.333333333,2.309401077,5.333333333,0,0,0,1,0,0,0,0,1,5.0,2.0,6.0,24,0,0,0,0,0,0,1,2,1,6,1024,0,0,24,0.0,0.0,0,0,0.0,0.0,0,0,portscan,portscan,1
10010,18,1,1,2,6,2,2,2.0,0.0,6,6,6.0,0.0,444444.4444,111111.1111,18.0,0.0,18,18,0,0.0,0.0,0,0,0,0.0,0.0,0,0,0,0,0,0,24,20,55555.55556,55555.55556,2,6,3.333333333,2.309401077,5.333333333,0,0,0,1,0,0,0,0,1,5.0,2.0,6.0,24,0,0,0,0,0,0,1,2,1,6,1024,0,0,24,0.0,0.0,0,0,0.0,0.0,0,0,portscan,portscan,1
32774,54,1,1,2,6,2,2,2.0,0.0,6,6,6.0,0.0,148148.1481,37037.03704,54.0,0.0,54,54,0,0.0,0.0,0,0,0,0.0,0.0,0,0,0,0,0,0,24,20,18518.51852,18518.51852,2,6,3.333333333,2.309401077,5.333333333,0,0,0,1,0,0,0,0,1,5.0,2.0,6.0,24,0,0,0,0,0,0,1,2,1,6,1024,0,0,24,0.0,0.0,0,0,0.0,0.0,0,0,portscan,portscan,1
53,47641,1,1,55,110,55,55,55.0,0.0,110,110,110.0,0.0,3463.403371046,41.9806469218,47641.0,0.0,47641,47641,0,0.0,0.0,0,0,0,0.0,0.0,0,0,0,0,0,0,20,20,20.9903234609,20.9903234609,55,110,73.3333333333,31.7542648054,1008.3333333333,0,0,0,0,0,0,0,0,1,110.0,55.0,110.0,20,0,0,0,0,0,0,1,55,1,110,-1,-1,0,20,0.0,0.0,0,0,0.0,0.0,0,0,benign,benign,0
911,26,1,1,2,6,2,2,2.0,0.0,6,6,6.0,0.0,307692.3077,76923.07692,26.0,0.0,26,26,0,0.0,0.0,0,0,0,0.0,0.0,0,0,0,0,0,0,24,20,38461.53846,38461.53846,2,6,3.333333333,2.309401077,5.333333333,0,0,0,1,0,0,0,0,1,5.0,2.0,6.0,24,0,0,0,0,0,0,1,2,1,6,1024,0,0,24,0.0,0.0,0,0,0.0,0.0,0,0,portscan,portscan,1
80,5436288,3,1,12,0,6,0,4.0,3.4641016151,0,0,0.0,0.0,2.207388571,0.7357961903,1812096.0,3107064.16381107,5399763,46,5436288,2718144.0,3792381.95891738,5399763,36525,0,0.0,0.0,0,0,0,0,0,0,72,32,0.5518471428,0.1839490476,0,6,2.4,3.286335345,10.8,0,0,0,1,0,0,0,0,0,3.0,4.0,0.0,72,0,0,0,0,0,0,3,12,1,0,8192,42780,2,20,0.0,0.0,0,0,0.0,0.0,0,0,benign,benign,0
32782,41,1,1,2,6,2,2,2.0,0.0,6,6,6.0,0.0,195121.9512,48780.4878,41.0,0.0,41,41,0,0.0,0.0,0,0,0,0.0,0.0,0,0,0,0,0,0,24,20,24390.2439,24390.2439,2,6,3.333333333,2.309401077,5.333333333,0,0,0,1,0,0,0,0,1,5.0,2.0,6.0,24,0,0,0,0,0,0,1,2,1,6,1024,0,0,24,0.0,0.0,0,0,0.0,0.0,0,0,portscan,portscan,1
7001,53,1,1,2,6,2,2,2.0,0.0,6,6,6.0,0.0,150943.3962,37735.84906,53.0,0.0,53,53,0,0.0,0.0,0,0,0,0.0,0.0,0,0,0,0,0,0,24,20,18867.92453,18867.92453,2,6,3.333333333,2.309401077,5.333333333,0,0,0,1,0,0,0,0,1,5.0,2.0,6.0,24,0,0,0,0,0,0,1,2,1,6,1024,0,0,24,0.0,0.0,0,0,0.0,0.0,0,0,portscan,portscan,1
6100,44,1,1,2,6,2,2,2.0,0.0,6,6,6.0,0.0,181818.1818,45454.54545,44.0,0.0,44,44,0,0.0,0.0,0,0,0,0.0,0.0,0,0,0,0,0,0,24,20,22727.27273,22727.27273,2,6,3.333333333,2.309401077,5.333333333,0,0,0,1,0,0,0,0,1,5.0,2.0,6.0,24,0,0,0,0,0,0,1,2,1,6,1024,0,0,24,0.0,0.0,0,0,0.0,0.0,0,0,portscan,portscan,1
80,115153,5,0,30,0,6,6,6.0,0.0,0,0,0.0,0.0,260.5229564,43.42049274,28788.25,57276.21749,114702,1,115153,28788.25,57276.21749,114702,1,0,0.0,0.0,0,0,0,0,0,0,100,0,43.42049274,0.0,6,6,6.0,0.0,0.0,0,0,0,0,1,0,0,0,0,7.2,6.0,0.0,100,0,0,0,0,0,0,5,30,0,0,256,-1,4,20,0.0,0.0,0,0,0.0,0.0,0,0,ddos,ddos,1
80,84974,3,4,26,11607,20,0,8.666666667,10.26320288,11595,0,2901.75,5795.50069,136900.699,82.3781392,14162.33333,34157.11102,83884,51,854,427.0,490.7321061,774,80,84814,28271.33333,48162.79602,83884,185,0,0,0,0,72,92,35.3049168,47.0732224,0,11595,1454.125,4097.537534,16800000.0,0,0,0,1,0,0,0,0,1,1661.857143,8.666666667,2901.75,72,0,0,0,0,0,0,3,26,4,11607,8192,229,2,20,0.0,0.0,0,0,0.0,0.0,0,0,ddos,ddos,1
443,185048,10,7,531,4077,197,0,53.1,76.59627203,3626,0,582.4285714286,1346.3020781809,24901.6471402015,91.8680558558,11565.5,19347.1340720015,61549,1,185048,20560.8888888889,22609.4785789304,61549,3,87154,14525.6666666667,21343.8856225071,46688,93,0,0,0,0,212,152,54.0400328563,37.8280229994,0,3626,256.0,845.440643897,714769.882352941,0,0,0,1,0,0,0,0,0,271.0588235294,53.1,582.4285714286,212,0,0,0,0,0,0,10,531,7,4077,8192,351,9,20,0.0,0.0,0,0,0.0,0.0,0,0,benign,benign,0
80,5366803,3,1,12,0,6,0,4.0,3.4641016151,0,0,0.0,0.0,2.2359680428,0.7453226809,1788934.33333333,3064817.09243559,5327809,45,5366803,2683401.5,3739756.95094113,5327809,38994,0,0.0,0.0,0,0,0,0,0,0,72,32,0.5589920107,0.1863306702,0,6,2.4,3.286335345,10.8,0,0,0,1,0,0,0,0,0,3.0,4.0,0.0,72,0,0,0,0,0,0,3,12,1,0,8192,29200,2,20,0.0,0.0,0,0,0.0,0.0,0,0,benign,benign,0
2042,70,1,1,2,6,2,2,2.0,0.0,6,6,6.0,0.0,114285.7143,28571.42857,70.0,0.0,70,70,0,0.0,0.0,0,0,0,0.0,0.0,0,0,0,0,0,0,24,20,14285.71429,14285.71429,2,6,3.333333333,2.309401077,5.333333333,0,0,0,1,0,0,0,0,1,5.0,2.0,6.0,24,0,0,0,0,0,0,1,2,1,6,1024,0,0,24,0.0,0.0,0,0,0.0,0.0,0,0,portscan,portscan,1
5960,44,1,1,2,6,2,2,2.0,0.0,6,6,6.0,0.0,181818.1818,45454.54545,44.0,0.0,44,44,0,0.0,0.0,0,0,0,0.0,0.0,0,0,0,0,0,0,24,20,22727.27273,22727.27273,2,6,3.333333333,2.309401077,5.333333333,0,0,0,1,0,0,0,0,1,5.0,2.0,6.0,24,0,0,0,0,0,0,1,2,1,6,1024,0,0,24,0.0,0.0,0,0,0.0,0.0,0,0,portscan,portscan,1
1007,49,1,1,2,6,2,2,2.0,0.0,6,6,6.0,0.0,163265.3061,40816.32653,49.0,0.0,49,49,0,0.0,0.0,0,0,0,0.0,0.0,0,0,0,0,0,0,24,20,20408.16327,20408.16327,2,6,3.333333333,2.309401077,5.333333333,0,0,0,1,0,0,0,0,1,5.0,2.0,6.0,24,0,0,0,0,0,0,1,2,1,6,1024,0,0,24,0.0,0.0,0,0,0.0,0.0,0,0,portscan,portscan,1
443,10087175,8,8,410,6892,198,0,51.25,85.7700413898,2920,0,861.5,1054.8570654697,723.8894933418,1.5861725409,672478.333333333,2568988.05808584,9958674,26,10087175,1441025.0,3756016.29522956,9958674,183,56499,8071.2857142857,12095.2975258195,28656,184,0,0,0,0,172,172,0.7930862704,0.7930862704,0,2920,429.5294117647,816.3411601199,666412.889705882,0,0,0,1,0,0,0,0,1,456.375,51.25,861.5,172,0,0,0,0,0,0,8,410,8,6892,8192,1025,7,20,0.0,0.0,0,0,0.0,0.0,0,0,benign,benign,0
80,5972894,3,1,0,0,0,0,0.0,0.0,0,0,0.0,0.0,0.0,0.6696921124,1990964.66666667,3427947.41465944,5949194,65,5972894,2986447.0,4189956.9892802,5949194,23700,0,0.0,0.0,0,0,0,0,0,0,104,40,0.5022690843,0.1674230281,0,0,0.0,0.0,0.0,0,0,0,1,0,0,0,0,0,0.0,0.0,0.0,104,0,0,0,0,0,0,3,0,1,0,29200,28960,0,32,0.0,0.0,0,0,0.0,0.0,0,0,benign,benign,0
80,4653457,4,0,24,0,6,6,6.0,0.0,0,0,0.0,0.0,5.157456059,0.85957601,1551152.333,2686116.065,4652812,312,4653457,1551152.333,2686116.065,4652812,312,0,0.0,0.0,0,0,0,0,0,0,80,0,0.85957601,0.0,6,6,6.0,0.0,0.0,0,0,0,0,1,0,0,0,0,7.5,6.0,0.0,80,0,0,0,0,0,0,4,24,0,0,256,-1,3,20,0.0,0.0,0,0,0.0,0.0,0,0,ddos,ddos,1
3031,132,1,1,2,6,2,2,2.0,0.0,6,6,6.0,0.0,60606.06061,15151.51515,132.0,0.0,132,132,0,0.0,0.0,0,0,0,0.0,0.0,0,0,0,0,0,0,24,20,7575.757576,7575.757576,2,6,3.333333333,2.309401077,5.333333333,0,0,0,1,0,0,0,0,1,5.0,2.0,6.0,24,0,0,0,0,0,0,1,2,1,6,1024,0,0,24,0.0,0.0,0,0,0.0,0.0,0,0,portscan,portscan,1
443,88462048,23,24,392,30159,115,0,17.0434782609,35.6198084075,3480,42,1256.625,801.0639019454,345.3571411777,0.5313012875,1923088.0,9427168.88443814,58800184,1,88461949,4020997.68181818,13475980.7043593,58800269,1,88439238,3845184.26086956,13200155.845582,58823490,3,1,0,0,0,736,768,0.2599985024,0.2713027851,0,3480,637.4375,840.3490385839,706186.506648936,0,1,0,0,1,0,0,0,1,651.0,17.0434782609,1256.625,736,0,0,0,0,0,0,23,392,24,30159,477,122,4,32,1527095.0,2126567.07587605,3030805,23385,42692035.5,22780362.0734198,58800184,26583887,benign,benign,0
5631,86,1,1,2,6,2,2,2.0,0.0,6,6,6.0,0.0,93023.25581,23255.81395,86.0,0.0,86,86,0,0.0,0.0,0,0,0,0.0,0.0,0,0,0,0,0,0,24,20,11627.90698,11627.90698,2,6,3.333333333,2.309401077,5.333333333,0,0,0,1,0,0,0,0,1,5.0,2.0,6.0,24,0,0,0,0,0,0,1,2,1,6,1024,0,0,24,0.0,0.0,0,0,0.0,0.0,0,0,portscan,portscan,1
80,1019998,4,0,24,0,6,6,6.0,0.0,0,0,0.0,0.0,23.5294579,3.921576317,339999.3333,588891.7897,1019993,1,1019998,339999.3333,588891.7897,1019993,1,0,0.0,0.0,0,0,0,0,0,0,80,0,3.921576317,0.0,6,6,6.0,0.0,0.0,0,0,0,0,1,0,0,0,0,7.5,6.0,0.0,80,0,0,0,0,0,0,4,24,0,0,256,-1,3,20,0.0,0.0,0,0,0.0,0.0,0,0,ddos,ddos,1
53,48115,1,1,56,106,56,56,56.0,0.0,106,106,106.0,0.0,3366.9333887561,41.5670788735,48115.0,0.0,48115,48115,0,0.0,0.0,0,0,0,0.0,0.0,0,0,0,0,0,0,20,20,20.7835394368,20.7835394368,56,106,72.6666666667,28.8675134595,833.3333333333,0,0,0,0,0,0,0,0,1,109.0,56.0,106.0,20,0,0,0,0,0,0,1,56,1,106,-1,-1,0,20,0.0,0.0,0,0,0.0,0.0,0,0,benign,benign,0
80,123,2,0,12,0,6,6,6.0,0.0,0,0,0.0,0.0,97560.9756097561,16260.162601626,123.0,0.0,123,123,123,123.0,0.0,123,123,0,0.0,0.0,0,0,0,0,0,0,40,0,16260.162601626,0.0,6,6,6.0,0.0,0.0,0,0,0,0,1,0,0,0,0,9.0,6.0,0.0,40,0,0,0,0,0,0,2,12,0,0,256,-1,1,20,0.0,0.0,0,0,0.0,0.0,0,0,benign,benign,0
80,9598757,4,0,24,0,6,6,6.0,0.0,0,0,0.0,0.0,2.50032374,0.416720623,3199585.667,5540112.977,9596757,3,9598757,3199585.667,5540112.977,9596757,3,0,0.0,0.0,0,0,0,0,0,0,80,0,0.416720623,0.0,6,6,6.0,0.0,0.0,0,0,0,0,1,0,0,0,0,7.5,6.0,0.0,80,0,0,0,0,0,0,4,24,0,0,256,-1,3,20,2000.0,0.0,2000,2000,9596757.0,0.0,9596757,9596757,ddos,ddos,1
80,43635,3,5,26,11601,20,0,8.666666667,10.26320288,5840,0,2320.2,2436.833027,266460.4102,183.3390627,6233.571429,11776.53701,30915,47,31153,15576.5,21758.38276,30962,191,43588,10897.0,14651.50852,31155,63,0,0,0,0,72,112,68.7521485,114.5869142,0,5840,1291.888889,2110.95076,4456113.111,0,0,0,1,0,0,0,0,1,1453.375,8.666666667,2320.2,72,0,0,0,0,0,0,3,26,5,11601,8192,229,2,20,0.0,0.0,0,0,0.0,0.0,0,0,ddos,ddos,1
3268,76614,18,13,4192,6798,1337,0,232.8888888889,425.0125103887,3069,0,522.9230769231,942.6004333349,143446.367504634,404.6257864098,2553.8,9380.6257103267,42431,1,76614,4506.7058823529,12314.2949441122,42698,1,34059,2838.25,8980.5296475208,31326,1,0,0,0,0,592,432,234.9440050121,169.6817813977,0,3069,343.4375,683.6683754428,467402.447580645,0,0,0,1,0,0,0,0,0,354.5161290323,232.8888888889,522.9230769231,592,0,0,0,0,0,0,18,4192,13,6798,29200,2081,10,32,0.0,0.0,0,0,0.0,0.0,0,0,benign,benign,0
123,66016274,2,2,96,96,48,48,48.0,0.0,48,48,48.0,0.0,2.9083737746,0.0605911203,22005424.6666667,38085374.4117576,65982627,16291,65999983,65999983.0,0.0,65999983,65999983,65998918,65998918.0,0.0,65998918,65998918,0,0,0,0,40,40,0.0302955602,0.0302955602,48,48,48.0,0.0,0.0,0,0,0,0,0,0,0,0,1,60.0,48.0,48.0,40,0,0,0,0,0,0,2,96,2,96,-1,-1,1,20,17356.0,0.0,17356,17356,65982627.0,0.0,65982627,65982627,benign,benign,0
443,10334701,7,5,613,2710,342,0,87.5714285714,144.0114082783,1451,0,542.0,712.3773578659,321.5380880395,1.1611366405,939518.272727273,3075830.98930215,10213397,49,10334701,1722450.16666667,4159764.43919756,10213397,176,56990,14247.5,16741.2822786468,32985,51,0,0,0,0,152,108,0.677329707,0.4838069336,0,1451,255.6153846154,485.408168188,235621.08974359,0,0,0,1,0,0,0,0,0,276.9166666667,87.5714285714,542.0,152,0,0,0,0,0,0,7,613,5,2710,8192,11256,6,20,0.0,0.0,0,0,0.0,0.0,0,0,benign,benign,0
62376,4,2,0,12,0,6,6,6.0,0.0,0,0,0.0,0.0,3000000.0,500000.0,4.0,0.0,4,4,4,4.0,0.0,4,4,0,0.0,0.0,0,0,0,0,0,0,40,0,500000.0,0.0,6,6,6.0,0.0,0.0,0,0,0,0,1,0,0,0,0,9.0,6.0,0.0,40,0,0,0,0,0,0,2,12,0,0,4967,-1,1,20,0.0,0.0,0,0,0.0,0.0,0,0,benign,benign,0
80,68432,4,5,440,2279,428,0,110.0,212.018867085,1460,0,455.8,660.3318862511,39732.8735094693,131.5174187515,8554.0,15577.6687784607,35045,48,68256,22752.0,19461.1554641547,35354,338,35941,8985.25,17647.3561641208,35456,48,0,0,0,0,92,112,58.4521861118,73.0652326397,0,1460,271.9,497.4245783143,247431.211111111,0,0,0,1,0,0,0,0,1,302.1111111111,110.0,455.8,92,0,0,0,0,0,0,4,440,5,2279,8192,237,3,20,0.0,0.0,0,0,0.0,0.0,0,0,benign,benign,0
443,90062870,3,3,18,0,6,6,6.0,0.0,0,0,0.0,0.0,0.1998603864,0.0666201288,18012574.0,24632686.4251379,44997381,23148,90039014,45019507.0,1445.3262607453,45020529,45018485,90039664,45019832.0,1986.9700551342,45021237,45018427,0,0,0,0,60,96,0.0333100644,0.0333100644,0,6,3.4285714286,3.2071349029,10.2857142857,0,0,0,0,1,0,0,0,1,4.0,6.0,0.0,60,0,0,0,0,0,0,3,18,3,0,256,65,2,20,23177.0,41.0121933088,23206,23148,44996330.0,1486.3384540541,44997381,44995279,benign,benign,0
80,3790155,5,0,30,0,6,6,6.0,0.0,0,0,0.0,0.0,7.915243572,1.319207262,947538.75,1894332.17,3789037,245,3790155,947538.75,1894332.17,3789037,245,0,0.0,0.0,0,0,0,0,0,0,100,0,1.319207262,0.0,6,6,6.0,0.0,0.0,0,0,0,0,1,0,0,0,0,7.2,6.0,0.0,100,0,0,0,0,0,0,5,30,0,0,256,-1,4,20,0.0,0.0,0,0,0.0,0.0,0,0,ddos,ddos,1
443,10410455,8,6,363,5264,207,0,45.375,77.8587319628,2920,0,877.3333333333,1142.6330411233,540.514319499,1.3448019323,800804.230769231,2840067.05191583,10252920,19,10410455,1487207.85714286,3865400.07717896,10252920,62,91081,18216.2,23898.1488550892,45750,191,0,0,0,0,172,132,0.768458247,0.5763436853,0,2920,375.1333333333,805.9760601431,649597.409523809,0,0,0,1,0,0,0,0,0,401.9285714286,45.375,877.3333333333,172,0,0,0,0,0,0,8,363,6,5264,8192,110,7,20,0.0,0.0,0,0,0.0,0.0,0,0,benign,benign,0
80,1082000,4,0,24,0,6,6,6.0,0.0,0,0,0.0,0.0,22.18114603,3.696857671,360666.6667,624688.6611,1081995,1,1082000,360666.6667,624688.6611,1081995,1,0,0.0,0.0,0,0,0,0,0,0,80,0,3.696857671,0.0,6,6,6.0,0.0,0.0,0,0,0,0,1,0,0,0,0,7.5,6.0,0.0,80,0,0,0,0,0,0,4,24,0,0,256,-1,3,20,0.0,0.0,0,0,0.0,0.0,0,0,ddos,ddos,1
1036,42,1,1,2,6,2,2,2.0,0.0,6,6,6.0,0.0,190476.1905,47619.04762,42.0,0.0,42,42,0,0.0,0.0,0,0,0,0.0,0.0,0,0,0,0,0,0,24,20,23809.52381,23809.52381,2,6,3.333333333,2.309401077,5.333333333,0,0,0,1,0,0,0,0,1,5.0,2.0,6.0,24,0,0,0,0,0,0,1,2,1,6,1024,0,0,24,0.0,0.0,0,0,0.0,0.0,0,0,portscan,portscan,1
19842,49,1,1,2,6,2,2,2.0,0.0,6,6,6.0,0.0,163265.3061,40816.32653,49.0,0.0,49,49,0,0.0,0.0,0,0,0,0.0,0.0,0,0,0,0,0,0,24,20,20408.16327,20408.16327,2,6,3.333333333,2.309401077,5.333333333,0,0,0,1,0,0,0,0,1,5.0,2.0,6.0,24,0,0,0,0,0,0,1,2,1,6,1024,0,0,24,0.0,0.0,0,0,0.0,0.0,0,0,portscan,portscan,1
80,843025,3,5,26,11607,20,0,8.666666667,10.26320288,7300,0,2321.4,3346.363967,13799.11628,9.489635539,120432.1429,318154.7048,841939,3,834,417.0,513.3595231,780,54,842939,210734.75,420802.9933,841939,3,0,0,0,0,72,112,3.558613327,5.931022212,0,7300,1292.555556,2662.264877,7087654.278,0,0,0,1,0,0,0,0,1,1454.125,8.666666667,2321.4,72,0,0,0,0,0,0,3,26,5,11607,8192,229,2,20,0.0,0.0,0,0,0.0,0.0,0,0,ddos,ddos,1
443,158980,12,12,1016,4893,444,0,84.6666666667,131.8589696562,1418,0,407.75,542.5922837303,37168.1972575167,150.9623852057,6912.1739130435,11763.7261476741,37388,1,158980,14452.7272727273,16158.3411530448,38155,3,120411,10946.4545454545,16808.7747760724,46113,1,0,0,0,0,392,392,75.4811926028,75.4811926028,0,1418,236.36,414.035815681,171425.656666667,0,0,0,1,0,0,0,0,1,246.2083333333,84.6666666667,407.75,392,0,0,0,0,0,0,12,1016,12,4893,29200,357,7,32,0.0,0.0,0,0,0.0,0.0,0,0,benign,benign,0
443,63690725,37,49,2886,37356,696,0,78.0,163.1308268436,2860,0,762.3673469388,785.8140071999,631.8345410576,1.3502750989,749302.647058823,6368973.43774726,58700130,1,63690725,1769186.80555556,9786541.84413823,58777647,4,63461829,1322121.4375,8474922.85076619,58736644,1,0,0,0,0,752,992,0.58093231,0.7693427889,0,2860,462.5517241379,687.8369492875,473119.668805132,0,0,0,1,0,0,0,0,1,467.9302325581,78.0,762.3673469388,752,0,0,0,0,0,0,37,2886,49,37356,8192,390,36,20,4761996.0,0.0,4761996,4761996,58700130.0,0.0,58700130,58700130,benign,benign,0
9091,43,1,1,2,6,2,2,2.0,0.0,6,6,6.0,0.0,186046.5116,46511.62791,43.0,0.0,43,43,0,0.0,0.0,0,0,0,0.0,0.0,0,0,0,0,0,0,24,20,23255.81395,23255.81395,2,6,3.333333333,2.309401077,5.333333333,0,0,0,1,0,0,0,0,1,5.0,2.0,6.0,24,0,0,0,0,0,0,1,2,1,6,1024,0,0,24,0.0,0.0,0,0,0.0,0.0,0,0,portscan,portscan,1
123,68016449,2,2,96,96,48,48,48.0,0.0,48,48,48.0,0.0,2.8228465735,0.0588093036,22672149.6666667,39240389.8910319,67983049,16640,67999689,67999689.0,0.0,67999689,67999689,67999809,67999809.0,0.0,67999809,67999809,0,0,0,0,40,52,0.0294046518,0.0294046518,48,48,48.0,0.0,0.0,0,0,0,0,0,0,0,0,1,60.0,48.0,48.0,40,0,0,0,0,0,0,2,96,2,96,-1,-1,1,20,16640.0,0.0,16640,16640,67983049.0,0.0,67983049,67983049,benign,benign,0
443,60948370,18,13,1189,3577,437,0,66.0555555556,144.4056672435,1448,0,275.1538461538,493.4461885815,78.1973332511,0.5086272201,2031612.33333333,4046466.79559651,10251737,37,60948370,3585198.23529412,4928422.18021759,10336036,37,60863161,5071930.08333333,5210399.97282834,10337531,204,0,0,0,0,584,424,0.2953319342,0.2132952858,0,1448,148.9375,342.1610578604,117074.189516129,0,0,0,1,0,0,0,0,0,153.7419354839,66.0555555556,275.1538461538,584,0,0,0,0,0,0,18,1189,13,3577,29200,83,4,32,177250.833333333,226104.734289591,638784,84299,9980790.16666667,413192.924712617,10251737,9151346,benign,benign,0
80,415949,3,5,26,11607,20,0,8.666666667,10.26320288,7215,0,2321.4,3327.769794,27967.371,19.23312714,59421.28571,156785.5579,414977,4,854,427.0,485.0752519,770,84,415932,103983.0,207329.73,414977,4,0,0,0,0,72,112,7.212422677,12.02070446,0,7215,1292.555556,2650.585648,7025604.278,0,0,0,1,0,0,0,0,1,1454.125,8.666666667,2321.4,72,0,0,0,0,0,0,3,26,5,11607,8192,229,2,20,0.0,0.0,0,0,0.0,0.0,0,0,ddos,ddos,1
53,30480,1,1,54,82,54,54,54.0,0.0,82,82,82.0,0.0,4461.9422572179,65.6167979003,30480.0,0.0,30480,30480,0,0.0,0.0,0,0,0,0.0,0.0,0,0,0,0,0,0,20,32,32.8083989501,32.8083989501,54,82,63.3333333333,16.1658075373,261.3333333333,0,0,0,0,0,0,0,0,1,95.0,54.0,82.0,20,0,0,0,0,0,0,1,54,1,82,-1,-1,0,20,0.0,0.0,0,0,0.0,0.0,0,0,benign,benign,0
443,30474104,13,15,1026,13824,517,0,78.9230769231,182.2724433088,2896,0,921.6,1032.092313147,487.2989867069,0.9188129042,1128670.51851852,3155008.1461358,10005188,3,20635531,1719627.58333333,3896474.16743001,10159789,215,30319601,2165685.78571429,4246510.86494286,10159841,3,0,0,0,0,424,488,0.4265917055,0.4922211987,0,2896,512.0689655172,856.250794829,733165.42364532,0,0,0,1,0,0,0,0,1,530.3571428571,78.9230769231,921.6,424,0,0,0,0,0,0,13,1026,15,13824,29200,122,3,32,275081.666666667,208633.604295505,515991,154601,9882952.0,173860.083575846,10005188,9683917,benign,benign,0
443,327,2,0,0,0,0,0,0.0,0.0,0,0,0.0,0.0,0.0,6116.2079510703,327.0,0.0,327,327,327,327.0,0.0,327,327,0,0.0,0.0,0,0,0,0,0,0,64,0,6116.2079510703,0.0,0,0,0.0,0.0,0.0,0,0,0,0,1,0,0,0,0,0.0,0.0,0.0,64,0,0,0,0,0,0,2,0,0,0,463,-1,0,32,0.0,0.0,0,0,0.0,0.0,0,0,benign,benign,0
80,862146,3,5,26,11607,20,0,8.666666667,10.26320288,5840,0,2321.4,3173.373883,13493.07426,9.279170813,123163.7143,325248.6247,860758,7,1100,550.0,680.2367235,1031,69,861943,215485.75,430181.7096,860758,7,0,0,0,0,72,112,3.479689055,5.799481758,0,5840,1292.555556,2554.159212,6523729.278,0,0,0,1,0,0,0,0,1,1454.125,8.666666667,2321.4,72,0,0,0,0,0,0,3,26,5,11607,8192,229,2,20,0.0,0.0,0,0,0.0,0.0,0,0,ddos,ddos,1
53,78003,1,1,55,95,55,55,55.0,0.0,95,95,95.0,0.0,1923.0029614246,25.6400394857,78003.0,0.0,78003,78003,0,0.0,0.0,0,0,0,0.0,0.0,0,0,0,0,0,0,32,20,12.8200197428,12.8200197428,55,95,68.3333333333,23.0940107676,533.3333333333,0,0,0,0,0,0,0,0,1,102.5,55.0,95.0,32,0,0,0,0,0,0,1,55,1,95,-1,-1,0,32,0.0,0.0,0,0,0.0,0.0,0,0,benign,benign,0
443,10174419,6,5,334,166,241,0,55.6666666667,95.1013494471,85,0,33.2,40.4561491,49.1428552333,1.0811428151,1017441.9,3186947.25920445,10087574,3,10174419,2034883.8,4517470.03410279,10115940,367,58296,14574.0,16470.9027277398,28891,3,0,0,0,0,132,112,0.5897142628,0.4914285523,0,241,41.6666666667,70.7355296263,5003.5151515152,0,0,0,1,0,0,0,0,0,45.4545454545,55.6666666667,33.2,132,0,0,0,0,0,0,6,334,5,166,8192,4392,5,20,0.0,0.0,0,0,0.0,0.0,0,0,benign,benign,0
443,381558,30,41,1534,44749,843,0,51.1333333333,156.2585685007,1430,0,1091.4390243903,582.3756540576,121300.03826417,186.0791806226,5450.8285714286,11148.9209264959,45712,1,381558,13157.1724137931,20760.252465553,92588,3,337075,8426.875,18810.090669212,82786,1,0,0,0,0,612,832,78.6250058969,107.4541747257,0,1430,642.8194444444,686.3064302746,471016.516236307,0,0,0,1,0,0,0,0,1,651.8732394366,51.1333333333,1091.4390243903,612,0,0,0,0,0,0,30,1534,41,44749,8192,373,29,20,0.0,0.0,0,0,0.0,0.0,0,0,benign,benign,0
1666,42,1,1,2,6,2,2,2.0,0.0,6,6,6.0,0.0,190476.1905,47619.04762,42.0,0.0,42,42,0,0.0,0.0,0,0,0,0.0,0.0,0,0,0,0,0,0,24,20,23809.52381,23809.52381,2,6,3.333333333,2.309401077,5.333333333,0,0,0,1,0,0,0,0,1,5.0,2.0,6.0,24,0,0,0,0,0,0,1,2,1,6,1024,0,0,24,0.0,0.0,0,0,0.0,0.0,0,0,portscan,portscan,1
8873,6,1,1,2,6,2,2,2.0,0.0,6,6,6.0,0.0,1333333.333,333333.3333,6.0,0.0,6,6,0,0.0,0.0,0,0,0,0.0,0.0,0,0,0,0,0,0,24,20,166666.6667,166666.6667,2,6,3.333333333,2.309401077,5.333333333,0,0,0,1,0,0,0,0,1,5.0,2.0,6.0,24,0,0,0,0,0,0,1,2,1,6,1024,0,0,24,0.0,0.0,0,0,0.0,0.0,0,0,portscan,portscan,1
53,73244,1,1,48,87,48,48,48.0,0.0,87,87,87.0,0.0,1843.1543880728,27.3059909344,73244.0,0.0,73244,73244,0,0.0,0.0,0,0,0,0.0,0.0,0,0,0,0,0,0,20,20,13.6529954672,13.6529954672,48,87,61.0,22.5166604984,507.0,0,0,0,0,0,0,0,0,1,91.5,48.0,87.0,20,0,0,0,0,0,0,1,48,1,87,-1,-1,0,20,0.0,0.0,0,0,0.0,0.0,0,0,benign,benign,0
443,5419649,8,5,347,4299,190,0,43.375,73.5681171238,2609,0,859.8,1147.3740453749,857.2510876627,2.3986793241,451637.416666667,1523601.50769666,5289514,3,5419649,774235.571428571,1991184.14020492,5289514,3,63004,15751.0,17069.5232700467,35971,194,0,0,0,0,264,168,1.4761103533,0.9225689708,0,2609,331.8571428571,758.2001823289,574867.516483517,0,0,0,1,0,0,0,0,0,357.3846153846,43.375,859.8,264,0,0,0,0,0,0,8,347,5,4299,29200,939,3,32,130132.0,0.0,130132,130132,5289514.0,0.0,5289514,5289514,benign,benign,0
49161,44,1,1,2,6,2,2,2.0,0.0,6,6,6.0,0.0,181818.1818,45454.54545,44.0,0.0,44,44,0,0.0,0.0,0,0,0,0.0,0.0,0,0,0,0,0,0,24,20,22727.27273,22727.27273,2,6,3.333333333,2.309401077,5.333333333,0,0,0,1,0,0,0,0,1,5.0,2.0,6.0,24,0,0,0,0,0,0,1,2,1,6,1024,0,0,24,0.0,0.0,0,0,0.0,0.0,0,0,portscan,portscan,1
443,61934672,9,8,853,2056,533,0,94.7777777778,181.3648103807,1185,0,257.0,441.4877445314,46.9688448499,0.2744827647,3870917.0,11655101.539789,44996643,2,61934672,7741834.0,16036186.6336516,44996643,114,61026603,8718086.14285714,17074126.4294909,45046972,2,0,0,0,0,192,184,0.1453144048,0.1291683598,0,1185,161.6111111111,322.3659117304,103919.781045752,0,0,0,1,0,0,0,0,0,171.1176470588,94.7777777778,257.0,192,0,0,0,0,0,0,9,853,8,2056,8192,114,8,20,103675.5,75512.6402696926,157071,50280,30434867.0,20593461.111439,44996643,15873091,benign,benign,0
137,19876660,14,14,808,820,68,50,57.7142857143,9.2439466382,62,56,58.5714285714,3.0813155461,81.905108806,1.408687375,736172.592592593,3229892.07654738,16584176,1,19876564,1528966.46153846,4614188.59449797,16584428,1,19876487,1528960.53846154,4614167.77442799,16584350,1,0,0,0,0,280,280,0.7043436875,0.7043436875,50,68,58.4827586207,6.9004176357,47.6157635468,0,0,0,0,0,0,0,0,1,60.5714285714,57.7142857143,58.5714285714,280,0,0,0,0,0,0,14,808,14,820,-1,-1,13,20,272.0,0.0,272,272,16584176.0,0.0,16584176,16584176,benign,benign,0
443,10923717,7,5,667,3180,517,0,95.2857142857,191.3780850269,1460,0,636.0,757.5711187737,352.1695042081,1.0985271772,993065.181818182,3239880.33035996,10761535,37,10923717,1820619.5,4380224.19607662,10761535,2038,85282,21320.5,20315.3575651525,40018,190,0,0,0,0,152,112,0.64080752,0.4577196571,0,1460,295.9230769231,537.2017717671,288585.743589744,0,0,0,1,0,0,0,0,0,320.5833333333,95.2857142857,636.0,152,0,0,0,0,0,0,7,667,5,3180,8192,60,6,20,0.0,0.0,0,0,0.0,0.0,0,0,benign,benign,0
80,39967007,7,7,461,1780,431,0,65.8571428571,161.0283914629,1768,0,254.2857142857,667.4912519491,56.0712489679,0.3502889271,3074385.15384615,4778931.46442305,9999928,9,30098177,5016362.83333333,5477541.42712876,10026659,391,39943441,6657240.16666667,5147583.27984593,10026332,996,0,0,0,0,152,188,0.1751444635,0.1751444635,0,1768,149.4,461.1345945445,212645.114285714,0,0,0,1,0,0,0,0,1,160.0714285714,65.8571428571,254.2857142857,152,0,0,0,0,0,0,7,461,7,1780,8192,946,6,20,32911.6666666667,13379.3544064478,48264,23740,9999814.0,192.2810443075,9999928,9999592,benign,benign,0
14442,75,1,1,2,6,2,2,2.0,0.0,6,6,6.0,0.0,106666.6667,26666.66667,75.0,0.0,75,75,0,0.0,0.0,0,0,0,0.0,0.0,0,0,0,0,0,0,24,20,13333.33333,13333.33333,2,6,3.333333333,2.309401077,5.333333333,0,0,0,1,0,0,0,0,1,5.0,2.0,6.0,24,0,0,0,0,0,0,1,2,1,6,1024,0,0,24,0.0,0.0,0,0,0.0,0.0,0,0,portscan,portscan,1
443,15647611,13,14,3164,13462,1093,0,243.3846153846,381.2189962173,1591,0,961.5714285714,665.1502680755,1062.5264137765,1.7255030177,601831.192307692,2296400.06037281,11657315,2,3990296,332524.666666667,606238.35322006,1913620,27,15562366,1197105.07692308,3204981.65680015,11657382,2,0,0,0,0,272,292,0.8307977493,0.8947052684,0,1591,593.7857142857,648.014652163,419922.989417989,0,0,0,1,0,0,0,0,1,615.7777777778,243.3846153846,961.5714285714,272,0,0,0,0,0,0,13,3164,14,13462,8192,86,12,20,0.0,0.0,0,0,0.0,0.0,0,0,benign,benign,0
80,109,2,0,12,0,6,6,6.0,0.0,0,0,0.0,0.0,110091.743119266,18348.623853211,109.0,0.0,109,109,109,109.0,0.0,109,109,0,0.0,0.0,0,0,0,0,0,0,40,0,18348.623853211,0.0,6,6,6.0,0.0,0.0,0,0,0,0,1,0,0,0,0,9.0,6.0,0.0,40,0,0,0,0,0,0,2,12,0,0,256,-1,1,20,0.0,0.0,0,0,0.0,0.0,0,0,benign,benign,0
1218,32,1,1,2,6,2,2,2.0,0.0,6,6,6.0,0.0,250000.0,62500.0,32.0,0.0,32,32,0,0.0,0.0,0,0,0,0.0,0.0,0,0,0,0,0,0,24,20,31250.0,31250.0,2,6,3.333333333,2.309401077,5.333333333,0,0,0,1,0,0,0,0,1,5.0,2.0,6.0,24,0,0,0,0,0,0,1,2,1,6,1024,0,0,24,0.0,0.0,0,0,0.0,0.0,0,0,portscan,portscan,1
80,10764737,5,0,30,0,6,6,6.0,0.0,0,0,0.0,0.0,2.78687719,0.464479532,2691184.25,5381704.52,10800000,1,10800000,2691184.25,5381704.52,10800000,1,0,0.0,0.0,0,0,0,0,0,0,100,0,0.464479532,0.0,6,6,6.0,0.0,0.0,0,0,0,0,1,0,0,0,0,7.2,6.0,0.0,100,0,0,0,0,0,0,5,30,0,0,256,-1,4,20,996.0,0.0,996,996,10800000.0,0.0,10800000,10800000,ddos,ddos,1
80,1400256,5,0,30,0,6,6,6.0,0.0,0,0,0.0,0.0,21.42465378,3.57077563,350064.0,698782.1601,1398237,4,1400256,350064.0,698782.1601,1398237,4,0,0.0,0.0,0,0,0,0,0,0,100,0,3.57077563,0.0,6,6,6.0,0.0,0.0,0,0,0,0,1,0,0,0,0,7.2,6.0,0.0,100,0,0,0,0,0,0,5,30,0,0,256,-1,4,20,0.0,0.0,0,0,0.0,0.0,0,0,ddos,ddos,1
443,20062776,21,25,11527,24793,2887,0,548.9047619048,1111.8258363953,2920,2,991.72,871.6694958526,1810.3177745692,2.2928033488,445839.466666667,1831182.67770948,9714571,4,20058266,1002913.3,2679592.93192701,9714571,192,20030483,834603.458333333,2524771.70652691,10002672,4,0,0,0,0,432,504,1.0467145723,1.2460887765,0,2920,772.7659574468,997.8955947124,995795.617946346,0,0,0,1,0,0,0,0,1,789.5652173913,548.9047619048,991.72,432,0,0,0,0,0,0,21,11527,25,24793,8192,52560,20,20,1278505.0,599250.369638601,1702239,854771,8750628.0,1363221.26395461,9714571,7786685,benign,benign,0
41511,42,1,1,2,6,2,2,2.0,0.0,6,6,6.0,0.0,190476.1905,47619.04762,42.0,0.0,42,42,0,0.0,0.0,0,0,0,0.0,0.0,0,0,0,0,0,0,24,20,23809.52381,23809.52381,2,6,3.333333333,2.309401077,5.333333333,0,0,0,1,0,0,0,0,1,5.0,2.0,6.0,24,0,0,0,0,0,0,1,2,1,6,1024,0,0,24,0.0,0.0,0,0,0.0,0.0,0,0,portscan,portscan,1
3800,57,1,1,2,6,2,2,2.0,0.0,6,6,6.0,0.0,140350.8772,35087.7193,57.0,0.0,57,57,0,0.0,0.0,0,0,0,0.0,0.0,0,0,0,0,0,0,24,20,17543.85965,17543.85965,2,6,3.333333333,2.309401077,5.333333333,0,0,0,1,0,0,0,0,1,5.0,2.0,6.0,24,0,0,0,0,0,0,1,2,1,6,1024,0,0,24,0.0,0.0,0,0,0.0,0.0,0,0,portscan,portscan,1
444,50,1,1,2,6,2,2,2.0,0.0,6,6,6.0,0.0,160000.0,40000.0,50.0,0.0,50,50,0,0.0,0.0,0,0,0,0.0,0.0,0,0,0,0,0,0,24,20,20000.0,20000.0,2,6,3.333333333,2.309401077,5.333333333,0,0,0,1,0,0,0,0,1,5.0,2.0,6.0,24,0,0,0,0,0,0,1,2,1,6,1024,0,0,24,0.0,0.0,0,0,0.0,0.0,0,0,portscan,portscan,1
5080,43,1,1,2,6,2,2,2.0,0.0,6,6,6.0,0.0,186046.5116,46511.62791,43.0,0.0,43,43,0,0.0,0.0,0,0,0,0.0,0.0,0,0,0,0,0,0,24,20,23255.81395,23255.81395,2,6,3.333333333,2.309401077,5.333333333,0,0,0,1,0,0,0,0,1,5.0,2.0,6.0,24,0,0,0,0,0,0,1,2,1,6,1024,0,0,24,0.0,0.0,0,0,0.0,0.0,0,0,portscan,portscan,1
443,63310162,1149,1871,62335,3103289,1678,0,54.2515230635,256.1604705669,4629,0,1658.6258685195,822.6995065834,50001.8306697746,47.7016628073,20970.5736999006,1057096.65873395,58082060,0,63310162,55148.224738676,1716437.96367987,58158355,0,63081210,33733.2673796791,1344024.9528616,58119243,0,0,0,0,0,23028,37432,18.1487452204,29.5529175869,0,4629,1047.8728897716,1025.2468230022,1051131.04807605,0,0,0,1,0,0,0,0,1,1048.2198675497,54.2515230635,1658.6258685195,23028,0,0,0,0,0,0,1149,62335,1871,3103289,8192,1380,1145,20,4998534.0,0.0,4998534,4998534,58082060.0,0.0,58082060,58082060,benign,benign,0
80,259361,3,5,26,11601,20,0,8.666666667,10.26320288,5840,0,2320.2,2658.195854,44829.40766,30.84503838,37051.57143,81507.26148,218808,48,40304,20152.0,28154.1636,40060,244,259217,64804.25,104396.5638,218808,48,0,0,0,0,72,112,11.56688939,19.27814899,0,5840,1291.888889,2240.544155,5020038.111,0,0,0,1,0,0,0,0,1,1453.375,8.666666667,2320.2,72,0,0,0,0,0,0,3,26,5,11601,8192,229,2,20,0.0,0.0,0,0,0.0,0.0,0,0,ddos,ddos,1
1039,80,1,1,2,6,2,2,2.0,0.0,6,6,6.0,0.0,100000.0,25000.0,80.0,0.0,80,80,0,0.0,0.0,0,0,0,0.0,0.0,0,0,0,0,0,0,24,20,12500.0,12500.0,2,6,3.333333333,2.309401077,5.333333333,0,0,0,1,0,0,0,0,1,5.0,2.0,6.0,24,0,0,0,0,0,0,1,2,1,6,1024,0,0,24,0.0,0.0,0,0,0.0,0.0,0,0,portscan,portscan,1
8086,55,1,1,2,6,2,2,2.0,0.0,6,6,6.0,0.0,145454.5455,36363.63636,55.0,0.0,55,55,0,0.0,0.0,0,0,0,0.0,0.0,0,0,0,0,0,0,24,20,18181.81818,18181.81818,2,6,3.333333333,2.309401077,5.333333333,0,0,0,1,0,0,0,0,1,5.0,2.0,6.0,24,0,0,0,0,0,0,1,2,1,6,1024,0,0,24,0.0,0.0,0,0,0.0,0.0,0,0,portscan,portscan,1
5080,62,1,1,2,6,2,2,2.0,0.0,6,6,6.0,0.0,129032.2581,32258.06452,62.0,0.0,62,62,0,0.0,0.0,0,0,0,0.0,0.0,0,0,0,0,0,0,24,20,16129.03226,16129.03226,2,6,3.333333333,2.309401077,5.333333333,0,0,0,1,0,0,0,0,1,5.0,2.0,6.0,24,0,0,0,0,0,0,1,2,1,6,1024,0,0,24,0.0,0.0,0,0,0.0,0.0,0,0,portscan,portscan,1
5280,44,1,1,2,6,2,2,2.0,0.0,6,6,6.0,0.0,181818.1818,45454.54545,44.0,0.0,44,44,0,0.0,0.0,0,0,0,0.0,0.0,0,0,0,0,0,0,24,20,22727.27273,22727.27273,2,6,3.333333333,2.309401077,5.333333333,0,0,0,1,0,0,0,0,1,5.0,2.0,6.0,24,0,0,0,0,0,0,1,2,1,6,1024,0,0,24,0.0,0.0,0,0,0.0,0.0,0,0,portscan,portscan,1
80,33188,3,4,26,11607,20,0,8.666666667,10.26320288,11595,0,2901.75,5795.50069,350518.2596,210.9196095,5531.333333,12048.84059,30041,65,2870,1435.0,1937.47258,2805,65,33011,11003.66667,16537.83085,30041,187,0,0,0,0,72,92,90.39411836,120.5254911,0,11595,1454.125,4097.537534,16800000.0,0,0,0,1,0,0,0,0,1,1661.857143,8.666666667,2901.75,72,0,0,0,0,0,0,3,26,4,11607,8192,229,2,20,0.0,0.0,0,0,0.0,0.0,0,0,ddos,ddos,1
80,116156623,18,15,706,2340,610,0,39.2222222222,142.4543499865,1460,0,156.0,409.7302248344,26.2232141511,0.2840991684,3629894.46875,4785470.05570812,10202243,1,116156623,6832742.52941177,4799272.73759142,10352050,1,112811270,8057947.85714286,4340561.41246399,10349195,1,0,0,0,0,380,312,0.1549631828,0.1291359856,0,1460,89.5882352941,292.0737886891,85307.0980392157,0,0,0,1,0,0,0,0,0,92.303030303,39.2222222222,156.0,380,0,0,0,0,0,0,18,706,15,2340,29200,512,17,20,160333.0,44480.4435342095,294413,146249,10095117.3636364,44610.7933605147,10202243,10003476,benign,benign,0
443,2307031,8,11,889,7395,533,0,111.125,186.6068728638,1460,0,672.2727272727,674.9001542316,3590.7623261239,8.2356934085,128168.388888889,468606.844151161,2000192,1,306782,43826.0,75359.0381175344,211246,137,2276161,227616.1,624493.185092689,2000192,1,0,0,0,0,172,232,3.4676603825,4.768033026,0,1460,414.2,582.0865914965,338824.8,0,0,0,1,0,0,0,0,1,436.0,111.125,672.2727272727,172,0,0,0,0,0,0,8,889,11,7395,8192,31,7,20,0.0,0.0,0,0,0.0,0.0,0,0,benign,benign,0
443,73,2,0,12,0,6,6,6.0,0.0,0,0,0.0,0.0,164383.561643836,27397.2602739726,73.0,0.0,73,73,73,73.0,0.0,73,73,0,0.0,0.0,0,0,0,0,0,0,40,0,27397.2602739726,0.0,6,6,6.0,0.0,0.0,0,0,0,0,1,0,0,0,0,9.0,6.0,0.0,40,0,0,0,0,0,0,2,12,0,0,256,-1,1,20,0.0,0.0,0,0,0.0,0.0,0,0,benign,benign,0
53,30604,1,1,56,124,56,56,56.0,0.0,124,124,124.0,0.0,5881.5841066527,65.3509345184,30604.0,0.0,30604,30604,0,0.0,0.0,0,0,0,0.0,0.0,0,0,0,0,0,0,20,20,32.6754672592,32.6754672592,56,124,78.6666666667,39.2598183049,1541.3333333333,0,0,0,0,0,0,0,0,1,118.0,56.0,124.0,20,0,0,0,0,0,0,1,56,1,124,-1,-1,0,20,0.0,0.0,0,0,0.0,0.0,0,0,benign,benign,0
53,31147,1,1,65,81,65,65,65.0,0.0,81,81,81.0,0.0,4687.449834655,64.2116415706,31147.0,0.0,31147,31147,0,0.0,0.0,0,0,0,0.0,0.0,0,0,0,0,0,0,32,20,32.1058207853,32.1058207853,65,81,70.3333333333,9.237604307,85.3333333333,0,0,0,0,0,0,0,0,1,105.5,65.0,81.0,32,0,0,0,0,0,0,1,65,1,81,-1,-1,0,32,0.0,0.0,0,0,0.0,0.0,0,0,benign,benign,0
53,31023,2,2,76,180,38,38,38.0,0.0,90,90,90.0,0.0,8251.9421074687,128.9365954292,10341.0,17905.9412486471,31017,3,3,3.0,0.0,3,3,3,3.0,0.0,3,3,0,0,0,0,40,40,64.4682977146,64.4682977146,38,90,58.8,28.4815729903,811.2,0,0,0,0,0,0,0,0,1,73.5,38.0,90.0,40,0,0,0,0,0,0,2,76,2,180,-1,-1,1,20,0.0,0.0,0,0,0.0,0.0,0,0,benign,benign,0
34572,27,1,1,2,6,2,2,2.0,0.0,6,6,6.0,0.0,296296.2963,74074.07407,27.0,0.0,27,27,0,0.0,0.0,0,0,0,0.0,0.0,0,0,0,0,0,0,24,20,37037.03704,37037.03704,2,6,3.333333333,2.309401077,5.333333333,0,0,0,1,0,0,0,0,1,5.0,2.0,6.0,24,0,0,0,0,0,0,1,2,1,6,1024,0,0,24,0.0,0.0,0,0,0.0,0.0,0,0,portscan,portscan,1
53,23537,1,1,56,122,56,56,56.0,0.0,122,122,122.0,0.0,7562.5610740536,84.9725963377,23537.0,0.0,23537,23537,0,0.0,0.0,0,0,0,0.0,0.0,0,0,0,0,0,0,32,20,42.4862981688,42.4862981688,56,122,78.0,38.1051177665,1452.0,0,0,0,0,0,0,0,0,1,117.0,56.0,122.0,32,0,0,0,0,0,0,1,56,1,122,-1,-1,0,32,0.0,0.0,0,0,0.0,0.0,0,0,benign,benign,0
9001,38,1,1,2,6,2,2,2.0,0.0,6,6,6.0,0.0,210526.3158,52631.57895,38.0,0.0,38,38,0,0.0,0.0,0,0,0,0.0,0.0,0,0,0,0,0,0,24,20,26315.78947,26315.78947,2,6,3.333333333,2.309401077,5.333333333,0,0,0,1,0,0,0,0,1,5.0,2.0,6.0,24,0,0,0,0,0,0,1,2,1,6,1024,0,0,24,0.0,0.0,0,0,0.0,0.0,0,0,portscan,portscan,1
425,56,1,1,2,6,2,2,2.0,0.0,6,6,6.0,0.0,142857.1429,35714.28571,56.0,0.0,56,56,0,0.0,0.0,0,0,0,0.0,0.0,0,0,0,0,0,0,24,20,17857.14286,17857.14286,2,6,3.333333333,2.309401077,5.333333333,0,0,0,1,0,0,0,0,1,5.0,2.0,6.0,24,0,0,0,0,0,0,1,2,1,6,1024,0,0,24,0.0,0.0,0,0,0.0,0.0,0,0,portscan,portscan,1
80,1294261,3,5,26,11607,20,0,8.666666667,10.26320288,5840,0,2321.4,3173.373883,8988.140723,6.181133481,184894.4286,488734.4825,1293240,3,775,387.5,159.0990258,500,275,1294216,323554.0,646457.4298,1293240,3,0,0,0,0,72,112,2.317925055,3.863208426,0,5840,1292.555556,2554.159212,6523729.278,0,0,0,1,0,0,0,0,1,1454.125,8.666666667,2321.4,72,0,0,0,0,0,0,3,26,5,11607,8192,229,2,20,0.0,0.0,0,0,0.0,0.0,0,0,ddos,ddos,1
1311,48,1,1,2,6,2,2,2.0,0.0,6,6,6.0,0.0,166666.6667,41666.66667,48.0,0.0,48,48,0,0.0,0.0,0,0,0,0.0,0.0,0,0,0,0,0,0,24,20,20833.33333,20833.33333,2,6,3.333333333,2.309401077,5.333333333,0,0,0,1,0,0,0,0,1,5.0,2.0,6.0,24,0,0,0,0,0,0,1,2,1,6,1024,0,0,24,0.0,0.0,0,0,0.0,0.0,0,0,portscan,portscan,1
19283,17,1,1,2,6,2,2,2.0,0.0,6,6,6.0,0.0,470588.2353,117647.0588,17.0,0.0,17,17,0,0.0,0.0,0,0,0,0.0,0.0,0,0,0,0,0,0,24,20,58823.52941,58823.52941,2,6,3.333333333,2.309401077,5.333333333,0,0,0,1,0,0,0,0,1,5.0,2.0,6.0,24,0,0,0,0,0,0,1,2,1,6,1024,0,0,24,0.0,0.0,0,0,0.0,0.0,0,0,portscan,portscan,1
53,30629,1,1,55,110,55,55,55.0,0.0,110,110,110.0,0.0,5387.0514871527,65.2975937837,30629.0,0.0,30629,30629,0,0.0,0.0,0,0,0,0.0,0.0,0,0,0,0,0,0,20,20,32.6487968918,32.6487968918,55,110,73.3333333333,31.7542648054,1008.3333333333,0,0,0,0,0,0,0,0,1,110.0,55.0,110.0,20,0,0,0,0,0,0,1,55,1,110,-1,-1,0,20,0.0,0.0,0,0,0.0,0.0,0,0,benign,benign,0
1152,40,1,1,2,6,2,2,2.0,0.0,6,6,6.0,0.0,200000.0,50000.0,40.0,0.0,40,40,0,0.0,0.0,0,0,0,0.0,0.0,0,0,0,0,0,0,24,20,25000.0,25000.0,2,6,3.333333333,2.309401077,5.333333333,0,0,0,1,0,0,0,0,1,5.0,2.0,6.0,24,0,0,0,0,0,0,1,2,1,6,1024,0,0,24,0.0,0.0,0,0,0.0,0.0,0,0,portscan,portscan,1
53,14032804,2,2,134,322,81,53,67.0,19.7989898732,209,113,161.0,67.8822509939,32.4952874707,0.2850463813,4677601.33333333,8080839.99877119,14008542,521,14009063,14009063.0,0.0,14009063,14009063,14032283,14032283.0,0.0,14032283,14032283,0,0,0,0,52,52,0.1425231907,0.1425231907,53,209,101.8,64.8320908193,4203.2,0,0,0,0,0,0,0,0,1,127.25,67.0,161.0,52,0,0,0,0,0,0,2,134,2,322,-1,-1,1,20,521.0,0.0,521,521,14008542.0,0.0,14008542,14008542,benign,benign,0
443,119977035,46,51,2484,49223,217,0,54.0,71.3376945707,2820,0,965.1568627451,775.2737419144,430.9741443435,0.8084880577,1249760.78125,8481489.34707922,59248304,2,119977035,2666156.33333333,12306656.50985,59248304,42,61018801,1220376.02,8381269.95258453,59286197,2,0,0,0,0,956,1032,0.3834067078,0.4250813499,0,2820,527.6224489796,722.5510008084,522079.948769199,0,0,0,1,0,0,0,0,1,533.0618556701,54.0,965.1568627451,956,0,0,0,0,0,0,46,2484,51,49223,8192,161,43,20,902914.5,1096538.06275045,1678284,127545,59085603.0,230093.960811665,59248304,58922902,benign,benign,0
726,49,1,1,2,6,2,2,2.0,0.0,6,6,6.0,0.0,163265.3061,40816.32653,49.0,0.0,49,49,0,0.0,0.0,0,0,0,0.0,0.0,0,0,0,0,0,0,24,20,20408.16327,20408.16327,2,6,3.333333333,2.309401077,5.333333333,0,0,0,1,0,0,0,0,1,5.0,2.0,6.0,24,0,0,0,0,0,0,1,2,1,6,1024,0,0,24,0.0,0.0,0,0,0.0,0.0,0,0,portscan,portscan,1
53,48518,1,1,54,82,54,54,54.0,0.0,82,82,82.0,0.0,2803.0833917309,41.2218145843,48518.0,0.0,48518,48518,0,0.0,0.0,0,0,0,0.0,0.0,0,0,0,0,0,0,32,20,20.6109072921,20.6109072921,54,82,63.3333333333,16.1658075373,261.3333333333,0,0,0,0,0,0,0,0,1,95.0,54.0,82.0,32,0,0,0,0,0,0,1,54,1,82,-1,-1,0,32,0.0,0.0,0,0,0.0,0.0,0,0,benign,benign,0
123,68086730,2,2,96,96,48,48,48.0,0.0,48,48,48.0,0.0,2.8199327534,0.058748599,22695576.6666667,39159682.3855316,67913283,86718,68000012,68000012.0,0.0,68000012,68000012,68000001,68000001.0,0.0,68000001,68000001,0,0,0,0,40,40,0.0293742995,0.0293742995,48,48,48.0,0.0,0.0,0,0,0,0,0,0,0,0,1,60.0,48.0,48.0,40,0,0,0,0,0,0,2,96,2,96,-1,-1,1,20,86729.0,0.0,86729,86729,67913283.0,0.0,67913283,67913283,benign,benign,0
3351,15,1,1,2,6,2,2,2.0,0.0,6,6,6.0,0.0,533333.3333,133333.3333,15.0,0.0,15,15,0,0.0,0.0,0,0,0,0.0,0.0,0,0,0,0,0,0,24,20,66666.66667,66666.66667,2,6,3.333333333,2.309401077,5.333333333,0,0,0,1,0,0,0,0,1,5.0,2.0,6.0,24,0,0,0,0,0,0,1,2,1,6,1024,0,0,24,0.0,0.0,0,0,0.0,0.0,0,0,portscan,portscan,1
443,3772358,7,9,353,5482,203,0,50.4285714286,81.0634671988,1460,0,609.1111111111,686.0075517887,1546.7779038999,4.2413789996,251490.533333333,931730.495412539,3619015,1,153342,25557.0,31844.4813868903,79675,149,3743610,467951.25,1292516.32734498,3666581,1,0,0,0,0,152,192,1.8556033123,2.3857756872,0,1460,343.2352941176,567.8054826932,322403.066176471,0,0,0,1,0,0,0,0,1,364.6875,50.4285714286,609.1111111111,152,0,0,0,0,0,0,7,353,9,5482,8192,9,6,20,0.0,0.0,0,0,0.0,0.0,0,0,benign,benign,0
123,67081236,2,2,96,96,48,48,48.0,0.0,48,48,48.0,0.0,2.8622012868,0.0596291935,22360412.0,38588826.7295369,66918951,81106,67000057,67000057.0,0.0,67000057,67000057,67000130,67000130.0,0.0,67000130,67000130,0,0,0,0,40,52,0.0298145967,0.0298145967,48,48,48.0,0.0,0.0,0,0,0,0,0,0,0,0,1,60.0,48.0,48.0,40,0,0,0,0,0,0,2,96,2,96,-1,-1,1,20,81106.0,0.0,81106,81106,66918951.0,0.0,66918951,66918951,benign,benign,0
3367,72,1,1,2,6,2,2,2.0,0.0,6,6,6.0,0.0,111111.1111,27777.77778,72.0,0.0,72,72,0,0.0,0.0,0,0,0,0.0,0.0,0,0,0,0,0,0,24,20,13888.88889,13888.88889,2,6,3.333333333,2.309401077,5.333333333,0,0,0,1,0,0,0,0,1,5.0,2.0,6.0,24,0,0,0,0,0,0,1,2,1,6,1024,0,0,24,0.0,0.0,0,0,0.0,0.0,0,0,portscan,portscan,1
80,115679141,16,14,518,752,434,0,32.375,107.1104570058,746,0,53.7142857143,199.2599494944,10.9786430727,0.2593380253,3988935.89655172,4872435.85081992,10014912,89,115679141,7711942.73333333,4156806.05196645,10051961,394,110511387,8500875.92307692,3759382.29579769,10056348,23632,0,0,0,0,332,424,0.1383136135,0.1210244118,0,746,40.9677419355,152.0288314478,23112.7655913978,0,0,0,1,0,0,0,0,0,42.3333333333,32.375,53.7142857143,332,0,0,0,0,0,0,16,518,14,752,8192,343,15,20,47256.7272727273,33178.0595396744,147198,36379,9999180.81818182,17268.5613171347,10014912,9949610,benign,benign,0
1201,2,1,1,2,6,2,2,2.0,0.0,6,6,6.0,0.0,4000000.0,1000000.0,2.0,0.0,2,2,0,0.0,0.0,0,0,0,0.0,0.0,0,0,0,0,0,0,24,20,500000.0,500000.0,2,6,3.333333333,2.309401077,5.333333333,0,0,0,1,0,0,0,0,1,5.0,2.0,6.0,24,0,0,0,0,0,0,1,2,1,6,1024,0,0,24,0.0,0.0,0,0,0.0,0.0,0,0,portscan,portscan,1
5962,59,1,1,2,6,2,2,2.0,0.0,6,6,6.0,0.0,135593.2203,33898.30508,59.0,0.0,59,59,0,0.0,0.0,0,0,0,0.0,0.0,0,0,0,0,0,0,24,20,16949.15254,16949.15254,2,6,3.333333333,2.309401077,5.333333333,0,0,0,1,0,0,0,0,1,5.0,2.0,6.0,24,0,0,0,0,0,0,1,2,1,6,1024,0,0,24,0.0,0.0,0,0,0.0,0.0,0,0,portscan,portscan,1
8085,53,1,1,2,6,2,2,2.0,0.0,6,6,6.0,0.0,150943.3962,37735.84906,53.0,0.0,53,53,0,0.0,0.0,0,0,0,0.0,0.0,0,0,0,0,0,0,24,20,18867.92453,18867.92453,2,6,3.333333333,2.309401077,5.333333333,0,0,0,1,0,0,0,0,1,5.0,2.0,6.0,24,0,0,0,0,0,0,1,2,1,6,1024,0,0,24,0.0,0.0,0,0,0.0,0.0,0,0,portscan,portscan,1
80,10750733,5,0,30,0,6,6,6.0,0.0,0,0,0.0,0.0,2.790507401,0.465084567,2687683.25,5373342.69,10700000,1,10800000,2687683.25,5373342.69,10700000,1,0,0.0,0.0,0,0,0,0,0,0,100,0,0.465084567,0.0,6,6,6.0,0.0,0.0,0,0,0,0,1,0,0,0,0,7.2,6.0,0.0,100,0,0,0,0,0,0,5,30,0,0,256,-1,4,20,3036.0,0.0,3036,3036,10700000.0,0.0,10700000,10700000,ddos,ddos,1
80,29514,2,0,12,0,6,6,6.0,0.0,0,0,0.0,0.0,406.5867046148,67.7644507691,29514.0,0.0,29514,29514,29514,29514.0,0.0,29514,29514,0,0.0,0.0,0,0,0,0,0,0,40,0,67.7644507691,0.0,6,6,6.0,0.0,0.0,0,0,0,0,1,0,0,0,0,9.0,6.0,0.0,40,0,0,0,0,0,0,2,12,0,0,253,-1,1,20,0.0,0.0,0,0,0.0,0.0,0,0,benign,benign,0
53,48023,1,1,56,111,56,56,56.0,0.0,111,111,111.0,0.0,3477.5003644087,41.646710951,48023.0,0.0,48023,48023,0,0.0,0.0,0,0,0,0.0,0.0,0,0,0,0,0,0,20,20,20.8233554755,20.8233554755,56,111,74.3333333333,31.7542648054,1008.3333333333,0,0,0,0,0,0,0,0,1,111.5,56.0,111.0,20,0,0,0,0,0,0,1,56,1,111,-1,-1,0,20,0.0,0.0,0,0,0.0,0.0,0,0,benign,benign,0
443,54762,8,5,547,4225,192,0,68.375,83.5018177732,1460,0,845.0,681.1475611055,87140.7180161426,237.3908914941,4563.5,6104.6225778652,16826,4,54762,7823.1428571429,6710.0609641685,17162,4,37927,9481.75,10873.7030299403,20490,48,0,0,0,0,172,112,146.0867024579,91.3041890362,0,1460,340.8571428571,546.711266384,298893.208791209,0,0,0,1,0,0,0,0,0,367.0769230769,68.375,845.0,172,0,0,0,0,0,0,8,547,5,4225,8192,60,7,20,0.0,0.0,0,0,0.0,0.0,0,0,benign,benign,0
80,2041538,5,0,30,0,6,6,6.0,0.0,0,0,0.0,0.0,14.69480362,2.449133937,510384.5,1018104.441,2037541,998,2041538,510384.5,1018104.441,2037541,998,0,0.0,0.0,0,0,0,0,0,0,100,0,2.449133937,0.0,6,6,6.0,0.0,0.0,0,0,0,0,1,0,0,0,0,7.2,6.0,0.0,100,0,0,0,0,0,0,5,30,0,0,256,-1,4,20,0.0,0.0,0,0,0.0,0.0,0,0,ddos,ddos,1
783,59,1,1,2,6,2,2,2.0,0.0,6,6,6.0,0.0,135593.2203,33898.30508,59.0,0.0,59,59,0,0.0,0.0,0,0,0,0.0,0.0,0,0,0,0,0,0,24,20,16949.15254,16949.15254,2,6,3.333333333,2.309401077,5.333333333,0,0,0,1,0,0,0,0,1,5.0,2.0,6.0,24,0,0,0,0,0,0,1,2,1,6,1024,0,0,24,0.0,0.0,0,0,0.0,0.0,0,0,portscan,portscan,1
3007,45,1,1,2,6,2,2,2.0,0.0,6,6,6.0,0.0,177777.7778,44444.44444,45.0,0.0,45,45,0,0.0,0.0,0,0,0,0.0,0.0,0,0,0,0,0,0,24,20,22222.22222,22222.22222,2,6,3.333333333,2.309401077,5.333333333,0,0,0,1,0,0,0,0,1,5.0,2.0,6.0,24,0,0,0,0,0,0,1,2,1,6,1024,0,0,24,0.0,0.0,0,0,0.0,0.0,0,0,portscan,portscan,1
53,61136,1,1,38,102,38,38,38.0,0.0,102,102,102.0,0.0,2289.9764459566,32.713949228,61136.0,0.0,61136,61136,0,0.0,0.0,0,0,0,0.0,0.0,0,0,0,0,0,0,20,20,16.356974614,16.356974614,38,102,59.3333333333,36.9504172281,1365.3333333333,0,0,0,0,0,0,0,0,1,89.0,38.0,102.0,20,0,0,0,0,0,0,1,38,1,102,-1,-1,0,20,0.0,0.0,0,0,0.0,0.0,0,0,benign,benign,0
443,32160286,17,13,4778,10316,853,0,281.0588235294,377.2943927804,1689,2,793.5384615385,640.4711306771,469.336622193,0.9328275252,1108975.37931034,2699194.57192623,9956670,3,22203613,1387725.8125,2704769.89775,8083194,183,32124323,2677026.91666667,3794426.60854339,10004816,3,0,0,0,0,352,264,0.5286022643,0.4042252609,0,1689,486.9032258065,559.1595094329,312659.356989247,0,0,0,1,0,0,0,0,0,503.1333333333,281.0588235294,793.5384615385,352,0,0,0,0,0,0,17,4778,13,10316,8192,38456,16,20,2375975.66666667,3819135.50338376,6784742,82820,8344118.66666667,1499216.1502523,9956670,6992492,benign,benign,0
443,10472326,8,8,1057,4974,692,0,132.125,238.3385572188,3005,0,621.75,1085.2846565368,575.8988022336,1.5278363183,698155.066666667,2567597.95865667,9978083,3,494240,70605.7142857143,56048.985844867,139756,512,10355938,1479419.71428571,3756593.13991036,9996710,3,0,0,0,0,180,168,0.7639181592,0.7639181592,0,3005,354.7647058824,780.031692418,608449.441176471,0,0,0,1,0,0,0,0,1,376.9375,132.125,621.75,180,0,0,0,0,0,0,8,1057,8,4974,29200,256,7,20,494240.0,0.0,494240,494240,9978083.0,0.0,9978083,9978083,benign,benign,0
41145,16141,4,2,5191,12,4096,0,1297.75,1935.5981633593,6,6,6.0,0.0,322346.818660554,371.724180658,3228.2,6303.3540833433,14481,44,16141,5380.3333333333,7923.2715675618,14525,564,1051,1051.0,0.0,1051,1051,0,0,0,0,128,40,247.8161204386,123.9080602193,0,4096,743.2857142857,1533.4599999441,2351499.57142857,0,0,0,0,1,0,0,0,0,867.1666666667,1297.75,6.0,128,0,0,0,0,0,0,4,5191,2,12,75,0,2,32,0.0,0.0,0,0,0.0,0.0,0,0,benign,benign,0
443,10297831,9,13,1331,10662,658,0,147.8888888889,254.8207430943,1689,2,820.1538461538,746.9032563585,1164.6141794326,2.1363722128,490372.904761905,2178651.02948673,9997948,3,299880,37485.0,61903.4719197097,183355,24,10265328,855444.0,2879400.06299538,9997980,3,0,0,0,0,192,264,0.8739704507,1.2624017621,0,1689,521.4347826087,670.8744514768,450072.529644269,0,0,0,1,0,0,0,0,1,545.1363636364,147.8888888889,820.1538461538,192,0,0,0,0,0,0,9,1331,13,10662,8192,31584,8,20,299880.0,0.0,299880,299880,9997948.0,0.0,9997948,9997948,benign,benign,0
80,570820,3,5,26,11607,20,0,8.666666667,10.26320288,8675,0,2321.4,3769.536019,20379.45412,14.0149259,81545.71429,215265.6195,569722,4,860,430.0,394.5655839,709,151,570771,142692.75,284686.4465,569722,4,0,0,0,0,72,112,5.255597211,8.759328685,0,8675,1292.555556,2931.429562,8593279.278,0,0,0,1,0,0,0,0,1,1454.125,8.666666667,2321.4,72,0,0,0,0,0,0,3,26,5,11607,8192,229,2,20,0.0,0.0,0,0,0.0,0.0,0,0,ddos,ddos,1
3971,46,1,1,2,6,2,2,2.0,0.0,6,6,6.0,0.0,173913.0435,43478.26087,46.0,0.0,46,46,0,0.0,0.0,0,0,0,0.0,0.0,0,0,0,0,0,0,24,20,21739.13043,21739.13043,2,6,3.333333333,2.309401077,5.333333333,0,0,0,1,0,0,0,0,1,5.0,2.0,6.0,24,0,0,0,0,0,0,1,2,1,6,1024,0,0,24,0.0,0.0,0,0,0.0,0.0,0,0,portscan,portscan,1
53,537356,1,1,43,136,43,43,43.0,0.0,136,136,136.0,0.0,333.1124989765,3.7219273629,537356.0,0.0,537356,537356,0,0.0,0.0,0,0,0,0.0,0.0,0,0,0,0,0,0,20,20,1.8609636814,1.8609636814,43,136,74.0,53.6935750346,2883.0,0,0,0,0,0,0,0,0,1,111.0,43.0,136.0,20,0,0,0,0,0,0,1,43,1,136,-1,-1,0,20,0.0,0.0,0,0,0.0,0.0,0,0,benign,benign,0
53,18848242,2,2,102,313,53,49,51.0,2.8284271247,221,92,156.5,91.2167747731,22.0179685723,0.2122213838,6282747.33333333,10754537.7533714,18700997,53907,18794335,18794335.0,0.0,18794335,18794335,18754904,18754904.0,0.0,18754904,18754904,0,0,0,0,40,40,0.1061106919,0.1061106919,49,221,92.8,73.9202272724,5464.2,0,0,0,0,0,0,0,0,1,116.0,51.0,156.5,40,0,0,0,0,0,0,2,102,2,313,-1,-1,1,20,93338.0,0.0,93338,93338,18700997.0,0.0,18700997,18700997,benign,benign,0
80,656782,3,5,26,11607,20,0,8.666666667,10.26320288,10135,0,2321.4,4413.201989,17712.11757,12.18060178,93826.0,247685.747,655524,5,1004,502.0,642.0529573,956,48,656745,164186.25,327558.7978,655524,5,0,0,0,0,72,112,4.567725668,7.612876114,0,10135,1292.555556,3350.634907,11200000.0,0,0,0,1,0,0,0,0,1,1454.125,8.666666667,2321.4,72,0,0,0,0,0,0,3,26,5,11607,8192,229,2,20,0.0,0.0,0,0,0.0,0.0,0,0,ddos,ddos,1
80,1620968,3,6,26,11607,20,0,8.666666667,10.26320288,4380,0,1934.5,2177.344966,7176.575972,5.552237922,202621.0,572617.5488,1619777,15,856,428.0,489.3178926,774,82,1620953,324190.6,724254.9084,1619777,17,0,0,0,0,72,132,1.850745974,3.701491948,0,4380,1163.3,1903.962654,3625073.789,0,0,0,1,0,0,0,0,2,1292.555556,8.666666667,1934.5,72,0,0,0,0,0,0,3,26,6,11607,8192,229,2,20,0.0,0.0,0,0,0.0,0.0,0,0,ddos,ddos,1
80,10786670,5,0,30,0,6,6,6.0,0.0,0,0,0.0,0.0,2.781210513,0.463535085,2696667.5,5392669.02,10800000,5,10800000,2696667.5,5392669.02,10800000,5,0,0.0,0.0,0,0,0,0,0,0,100,0,0.463535085,0.0,6,6,6.0,0.0,0.0,0,0,0,0,1,0,0,0,0,7.2,6.0,0.0,100,0,0,0,0,0,0,5,30,0,0,256,-1,4,20,999.0,0.0,999,999,10800000.0,0.0,10800000,10800000,ddos,ddos,1
10243,44,1,1,2,6,2,2,2.0,0.0,6,6,6.0,0.0,181818.1818,45454.54545,44.0,0.0,44,44,0,0.0,0.0,0,0,0,0.0,0.0,0,0,0,0,0,0,24,20,22727.27273,22727.27273,2,6,3.333333333,2.309401077,5.333333333,0,0,0,1,0,0,0,0,1,5.0,2.0,6.0,24,0,0,0,0,0,0,1,2,1,6,1024,0,0,24,0.0,0.0,0,0,0.0,0.0,0,0,portscan,portscan,1
80,1015876,3,4,26,11601,20,0,8.666666667,10.26320288,8675,0,2900.25,4088.041942,11445.2945,6.890604759,169312.6667,407661.57,1001385,65,14015,7007.5,8478.917413,13003,1012,1015811,338603.6667,574027.5709,1001385,261,0,0,0,0,72,92,2.953116325,3.937488434,0,8675,1453.375,3091.095642,9554872.268,0,0,0,1,0,0,0,0,1,1661.0,8.666666667,2900.25,72,0,0,0,0,0,0,3,26,4,11601,8192,229,2,20,0.0,0.0,0,0,0.0,0.0,0,0,ddos,ddos,1
1079,60,1,1,2,6,2,2,2.0,0.0,6,6,6.0,0.0,133333.3333,33333.33333,60.0,0.0,60,60,0,0.0,0.0,0,0,0,0.0,0.0,0,0,0,0,0,0,24,20,16666.66667,16666.66667,2,6,3.333333333,2.309401077,5.333333333,0,0,0,1,0,0,0,0,1,5.0,2.0,6.0,24,0,0,0,0,0,0,1,2,1,6,1024,0,0,24,0.0,0.0,0,0,0.0,0.0,0,0,portscan,portscan,1
443,90072491,3,3,18,0,6,6,6.0,0.0,0,0,0.0,0.0,0.1998390385,0.0666130128,18014498.2,24632732.4708322,44999864,22947,90043315,45021657.5,2779.6367568443,45023623,45019692,90048732,45024366.0,2199.1020894902,45025921,45022811,0,0,0,0,60,96,0.0333065064,0.0333065064,0,6,3.4285714286,3.2071349029,10.2857142857,0,0,0,0,1,0,0,0,1,4.0,6.0,0.0,60,0,0,0,0,0,0,3,18,3,0,256,1013,2,20,23353.0,574.1707063235,23759,22947,44998304.5,2205.4660505209,44999864,44996745,benign,benign,0
2010,45,1,1,2,6,2,2,2.0,0.0,6,6,6.0,0.0,177777.7778,44444.44444,45.0,0.0,45,45,0,0.0,0.0,0,0,0,0.0,0.0,0,0,0,0,0,0,24,20,22222.22222,22222.22222,2,6,3.333333333,2.309401077,5.333333333,0,0,0,1,0,0,0,0,1,5.0,2.0,6.0,24,0,0,0,0,0,0,1,2,1,6,1024,0,0,24,0.0,0.0,0,0,0.0,0.0,0,0,portscan,portscan,1
80,9218368,4,0,24,0,6,6,6.0,0.0,0,0,0.0,0.0,2.603497712,0.433916285,3072789.333,5321657.407,9217710,91,9218368,3072789.333,5321657.407,9217710,91,0,0.0,0.0,0,0,0,0,0,0,80,0,0.433916285,0.0,6,6,6.0,0.0,0.0,0,0,0,0,1,0,0,0,0,7.5,6.0,0.0,80,0,0,0,0,0,0,4,24,0,0,256,-1,3,20,658.0,0.0,658,658,9217710.0,0.0,9217710,9217710,ddos,ddos,1
53,46397,1,1,47,241,47,47,47.0,0.0,241,241,241.0,0.0,6207.2978856392,43.1062353169,46397.0,0.0,46397,46397,0,0.0,0.0,0,0,0,0.0,0.0,0,0,0,0,0,0,32,20,21.5531176585,21.5531176585,47,241,111.6666666667,112.0059522228,12545.3333333333,0,0,0,0,0,0,0,0,1,167.5,47.0,241.0,32,0,0,0,0,0,0,1,47,1,241,-1,-1,0,32,0.0,0.0,0,0,0.0,0.0,0,0,benign,benign,0
62366,4,3,0,18,0,6,6,6.0,0.0,0,0,0.0,0.0,4500000.0,750000.0,2.0,1.4142135624,3,1,4,2.0,1.4142135624,3,1,0,0.0,0.0,0,0,0,0,0,0,60,0,750000.0,0.0,6,6,6.0,0.0,0.0,0,0,0,0,1,0,0,0,0,8.0,6.0,0.0,60,0,0,0,0,0,0,3,18,0,0,10603,-1,2,20,0.0,0.0,0,0,0.0,0.0,0,0,benign,benign,0
306,48,1,1,2,6,2,2,2.0,0.0,6,6,6.0,0.0,166666.6667,41666.66667,48.0,0.0,48,48,0,0.0,0.0,0,0,0,0.0,0.0,0,0,0,0,0,0,24,20,20833.33333,20833.33333,2,6,3.333333333,2.309401077,5.333333333,0,0,0,1,0,0,0,0,1,5.0,2.0,6.0,24,0,0,0,0,0,0,1,2,1,6,1024,0,0,24,0.0,0.0,0,0,0.0,0.0,0,0,portscan,portscan,1
3260,92,1,1,2,6,2,2,2.0,0.0,6,6,6.0,0.0,86956.52174,21739.13043,92.0,0.0,92,92,0,0.0,0.0,0,0,0,0.0,0.0,0,0,0,0,0,0,24,20,10869.56522,10869.56522,2,6,3.333333333,2.309401077,5.333333333,0,0,0,1,0,0,0,0,1,5.0,2.0,6.0,24,0,0,0,0,0,0,1,2,1,6,1024,0,0,24,0.0,0.0,0,0,0.0,0.0,0,0,portscan,portscan,1
49798,999881,2,0,12,0,6,6,6.0,0.0,0,0,0.0,0.0,12.00142817,2.0002380283,999881.0,0.0,999881,999881,999881,999881.0,0.0,999881,999881,0,0.0,0.0,0,0,0,0,0,0,40,0,2.0002380283,0.0,6,6,6.0,0.0,0.0,0,0,0,0,1,0,0,0,0,9.0,6.0,0.0,40,0,0,0,0,0,0,2,12,0,0,4966,-1,1,20,0.0,0.0,0,0,0.0,0.0,0,0,benign,benign,0
3323,36,1,1,2,6,2,2,2.0,0.0,6,6,6.0,0.0,222222.2222,55555.55556,36.0,0.0,36,36,0,0.0,0.0,0,0,0,0.0,0.0,0,0,0,0,0,0,24,20,27777.77778,27777.77778,2,6,3.333333333,2.309401077,5.333333333,0,0,0,1,0,0,0,0,1,5.0,2.0,6.0,24,0,0,0,0,0,0,1,2,1,6,1024,0,0,24,0.0,0.0,0,0,0.0,0.0,0,0,portscan,portscan,1
443,65446520,14,15,1547,4770,1173,0,110.5,311.1790852177,2856,0,318.0,735.780052539,96.5215568376,0.4431098858,2337375.71428571,4132341.99643386,10001841,5,60873587,4682583.61538462,5145524.9227925,10089475,5636,65359027,4668501.92857143,4957122.16947036,10089181,143,0,0,0,0,304,384,0.2139151173,0.2291947685,0,2856,210.5666666667,563.109818611,317092.667816092,0,0,0,1,0,0,0,0,1,217.8275862069,110.5,318.0,304,0,0,0,0,0,0,14,1547,15,4770,8192,250,12,20,198201.666666667,270034.232188933,749403,87144,9947396.16666667,121869.62490041,10001841,9698721,benign,benign,0
53,23082,1,1,50,78,50,50,50.0,0.0,78,78,78.0,0.0,5545.4466683996,86.6476041937,23082.0,0.0,23082,23082,0,0.0,0.0,0,0,0,0.0,0.0,0,0,0,0,0,0,32,20,43.3238020969,43.3238020969,50,78,59.3333333333,16.1658075373,261.3333333333,0,0,0,0,0,0,0,0,1,89.0,50.0,78.0,32,0,0,0,0,0,0,1,50,1,78,-1,-1,0,32,0.0,0.0,0,0,0.0,0.0,0,0,benign,benign,0
123,66042745,2,2,96,96,48,48,48.0,0.0,48,48,48.0,0.0,2.9072080514,0.0605668344,22014248.3333333,38055664.8292197,65957145,42770,65999975,65999975.0,0.0,65999975,65999975,65999915,65999915.0,0.0,65999915,65999915,0,0,0,0,40,40,0.0302834172,0.0302834172,48,48,48.0,0.0,0.0,0,0,0,0,0,0,0,0,1,60.0,48.0,48.0,40,0,0,0,0,0,0,2,96,2,96,-1,-1,1,20,42830.0,0.0,42830,42830,65957145.0,0.0,65957145,65957145,benign,benign,0
1113,42,1,1,2,6,2,2,2.0,0.0,6,6,6.0,0.0,190476.1905,47619.04762,42.0,0.0,42,42,0,0.0,0.0,0,0,0,0.0,0.0,0,0,0,0,0,0,24,20,23809.52381,23809.52381,2,6,3.333333333,2.309401077,5.333333333,0,0,0,1,0,0,0,0,1,5.0,2.0,6.0,24,0,0,0,0,0,0,1,2,1,6,1024,0,0,24,0.0,0.0,0,0,0.0,0.0,0,0,portscan,portscan,1
53,62520706,2,2,100,291,50,50,50.0,0.0,225,66,145.5,112.4299782087,6.2539280986,0.0639788041,20840235.3333333,35919313.832531,62316188,24035,62340223,62340223.0,0.0,62340223,62340223,62496671,62496671.0,0.0,62496671,62496671,0,0,0,0,52,52,0.031989402,0.031989402,50,225,88.2,76.7867176014,5896.2,0,0,0,0,0,0,0,0,1,110.25,50.0,145.5,52,0,0,0,0,0,0,2,100,2,291,-1,-1,1,20,24035.0,0.0,24035,24035,62316188.0,0.0,62316188,62316188,benign,benign,0
443,12930866,5,4,580,168,517,0,116.0,225.1010884025,156,0,42.0,76.0526133673,57.8460870293,0.6960090685,1616358.25,4491468.42945644,12731841,161,12930866,3232716.5,6394542.43209903,12824457,161,145417,48472.3333333333,46403.8106229794,92801,240,0,0,0,0,112,92,0.3866717047,0.3093373638,0,517,74.8,162.760765133,26491.0666666667,0,0,0,1,0,0,0,0,0,83.1111111111,116.0,42.0,112,0,0,0,0,0,0,5,580,4,168,8192,62,4,20,0.0,0.0,0,0,0.0,0.0,0,0,benign,benign,0
443,31089619,2,1,12,0,6,6,6.0,0.0,0,0,0.0,0.0,0.3859809282,0.0964952321,15544809.5,21951074.3115121,31066563,23056,31089619,31089619.0,0.0,31089619,31089619,0,0.0,0.0,0,0,0,0,0,0,40,32,0.0643301547,0.0321650774,0,6,4.5,3.0,9.0,0,0,0,0,1,0,0,0,0,6.0,6.0,0.0,40,0,0,0,0,0,0,2,12,1,0,256,1585,1,20,0.0,0.0,0,0,0.0,0.0,0,0,benign,benign,0
53,47971,1,1,47,175,47,47,47.0,0.0,175,175,175.0,0.0,4627.7959600592,41.691855496,47971.0,0.0,47971,47971,0,0.0,0.0,0,0,0,0.0,0.0,0,0,0,0,0,0,32,32,20.845927748,20.845927748,47,175,89.6666666667,73.9008344563,5461.3333333333,0,0,0,0,0,0,0,0,1,134.5,47.0,175.0,32,0,0,0,0,0,0,1,47,1,175,-1,-1,0,32,0.0,0.0,0,0,0.0,0.0,0,0,benign,benign,0
53,53366,1,1,71,120,71,71,71.0,0.0,120,120,120.0,0.0,3579.0578270809,37.4770453097,53366.0,0.0,53366,53366,0,0.0,0.0,0,0,0,0.0,0.0,0,0,0,0,0,0,20,32,18.7385226549,18.7385226549,71,120,87.3333333333,28.2901631903,800.3333333333,0,0,0,0,0,0,0,0,1,131.0,71.0,120.0,20,0,0,0,0,0,0,1,71,1,120,-1,-1,0,20,0.0,0.0,0,0,0.0,0.0,0,0,benign,benign,0
32785,43,1,1,2,6,2,2,2.0,0.0,6,6,6.0,0.0,186046.5116,46511.62791,43.0,0.0,43,43,0,0.0,0.0,0,0,0,0.0,0.0,0,0,0,0,0,0,24,20,23255.81395,23255.81395,2,6,3.333333333,2.309401077,5.333333333,0,0,0,1,0,0,0,0,1,5.0,2.0,6.0,24,0,0,0,0,0,0,1,2,1,6,1024,0,0,24,0.0,0.0,0,0,0.0,0.0,0,0,portscan,portscan,1
6123,45,1,1,2,6,2,2,2.0,0.0,6,6,6.0,0.0,177777.7778,44444.44444,45.0,0.0,45,45,0,0.0,0.0,0,0,0,0.0,0.0,0,0,0,0,0,0,24,20,22222.22222,22222.22222,2,6,3.333333333,2.309401077,5.333333333,0,0,0,1,0,0,0,0,1,5.0,2.0,6.0,24,0,0,0,0,0,0,1,2,1,6,1024,0,0,24,0.0,0.0,0,0,0.0,0.0,0,0,portscan,portscan,1
53,94137,1,1,41,121,41,41,41.0,0.0,121,121,121.0,0.0,1720.8961407311,21.2456313671,94137.0,0.0,94137,94137,0,0.0,0.0,0,0,0,0.0,0.0,0,0,0,0,0,0,20,20,10.6228156835,10.6228156835,41,121,67.6666666667,46.1880215352,2133.3333333333,0,0,0,0,0,0,0,0,1,101.5,41.0,121.0,20,0,0,0,0,0,0,1,41,1,121,-1,-1,0,20,0.0,0.0,0,0,0.0,0.0,0,0,benign,benign,0
443,138,2,0,12,0,6,6,6.0,0.0,0,0,0.0,0.0,86956.5217391304,14492.7536231884,138.0,0.0,138,138,138,138.0,0.0,138,138,0,0.0,0.0,0,0,0,0,0,0,40,0,14492.7536231884,0.0,6,6,6.0,0.0,0.0,0,0,0,0,1,0,0,0,0,9.0,6.0,0.0,40,0,0,0,0,0,0,2,12,0,0,252,-1,1,20,0.0,0.0,0,0,0.0,0.0,0,0,benign,benign,0
80,2004943,4,0,24,0,6,6,6.0,0.0,0,0,0.0,0.0,11.97041512,1.995069187,668314.3333,1156185.463,2003362,3,2004943,668314.3333,1156185.463,2003362,3,0,0.0,0.0,0,0,0,0,0,0,80,0,1.995069187,0.0,6,6,6.0,0.0,0.0,0,0,0,0,1,0,0,0,0,7.5,6.0,0.0,80,0,0,0,0,0,0,4,24,0,0,256,-1,3,20,0.0,0.0,0,0,0.0,0.0,0,0,ddos,ddos,1
443,168269,7,8,1374,7779,1026,0,196.2857142857,374.2947654304,1832,0,972.375,792.4379989266,54395.0460274917,89.1429793961,12019.2142857143,16493.8263190461,36986,3,133532,22255.3333333333,25377.8085473641,60987,119,135618,19374.0,25099.2800627163,59992,3,0,0,0,0,152,168,41.6000570515,47.5429223446,0,1832,572.0625,722.6801476679,522266.595833333,0,0,0,1,0,0,0,0,1,610.2,196.2857142857,972.375,152,0,0,0,0,0,0,7,1374,8,7779,8192,31806,6,20,0.0,0.0,0,0,0.0,0.0,0,0,benign,benign,0
80,2823963,5,0,30,0,6,6,6.0,0.0,0,0,0.0,0.0,10.62336865,1.770561441,705990.75,1411316.244,2822965,1,2823963,705990.75,1411316.244,2822965,1,0,0.0,0.0,0,0,0,0,0,0,100,0,1.770561441,0.0,6,6,6.0,0.0,0.0,0,0,0,0,1,0,0,0,0,7.2,6.0,0.0,100,0,0,0,0,0,0,5,30,0,0,256,-1,4,20,0.0,0.0,0,0,0.0,0.0,0,0,ddos,ddos,1
80,3115931,5,0,30,0,6,6,6.0,0.0,0,0,0.0,0.0,9.627941055,1.604656843,778982.75,1555972.803,3112941,1,3115931,778982.75,1555972.803,3112941,1,0,0.0,0.0,0,0,0,0,0,0,100,0,1.604656843,0.0,6,6,6.0,0.0,0.0,0,0,0,0,1,0,0,0,0,7.2,6.0,0.0,100,0,0,0,0,0,0,5,30,0,0,256,-1,4,20,0.0,0.0,0,0,0.0,0.0,0,0,ddos,ddos,1
10215,21,1,1,2,6,2,2,2.0,0.0,6,6,6.0,0.0,380952.381,95238.09524,21.0,0.0,21,21,0,0.0,0.0,0,0,0,0.0,0.0,0,0,0,0,0,0,24,20,47619.04762,47619.04762,2,6,3.333333333,2.309401077,5.333333333,0,0,0,1,0,0,0,0,1,5.0,2.0,6.0,24,0,0,0,0,0,0,1,2,1,6,1024,0,0,24,0.0,0.0,0,0,0.0,0.0,0,0,portscan,portscan,1
1001,57,1,1,2,6,2,2,2.0,0.0,6,6,6.0,0.0,140350.8772,35087.7193,57.0,0.0,57,57,0,0.0,0.0,0,0,0,0.0,0.0,0,0,0,0,0,0,24,20,17543.85965,17543.85965,2,6,3.333333333,2.309401077,5.333333333,0,0,0,1,0,0,0,0,1,5.0,2.0,6.0,24,0,0,0,0,0,0,1,2,1,6,1024,0,0,24,0.0,0.0,0,0,0.0,0.0,0,0,portscan,portscan,1
5061,62,1,1,2,6,2,2,2.0,0.0,6,6,6.0,0.0,129032.2581,32258.06452,62.0,0.0,62,62,0,0.0,0.0,0,0,0,0.0,0.0,0,0,0,0,0,0,24,20,16129.03226,16129.03226,2,6,3.333333333,2.309401077,5.333333333,0,0,0,1,0,0,0,0,1,5.0,2.0,6.0,24,0,0,0,0,0,0,1,2,1,6,1024,0,0,24,0.0,0.0,0,0,0.0,0.0,0,0,portscan,portscan,1
53,600610,1,1,42,74,42,42,42.0,0.0,74,74,74.0,0.0,193.1369774063,3.3299478863,600610.0,0.0,600610,600610,0,0.0,0.0,0,0,0,0.0,0.0,0,0,0,0,0,0,20,20,1.6649739432,1.6649739432,42,74,52.6666666667,18.4752086141,341.3333333333,0,0,0,0,0,0,0,0,1,79.0,42.0,74.0,20,0,0,0,0,0,0,1,42,1,74,-1,-1,0,20,0.0,0.0,0,0,0.0,0.0,0,0,benign,benign,0
443,132659,14,12,887,8012,254,0,63.3571428571,84.4662947279,3028,0,667.6666666667,962.4782720885,67081.7660317054,195.9912256236,5306.36,8820.883425523,25403,3,132659,10204.5384615385,11914.7397832502,32361,3,101098,9190.7272727273,14398.5085136684,38992,4,0,0,0,0,292,252,105.5337368742,90.4574887493,0,3028,329.5925925926,700.4190097176,490586.789173789,0,0,0,1,0,0,0,0,0,342.2692307692,63.3571428571,667.6666666667,292,0,0,0,0,0,0,14,887,12,8012,8192,64,13,20,0.0,0.0,0,0,0.0,0.0,0,0,benign,benign,0
53,573,1,1,55,134,55,55,55.0,0.0,134,134,134.0,0.0,329842.931937173,3490.4013961606,573.0,0.0,573,573,0,0.0,0.0,0,0,0,0.0,0.0,0,0,0,0,0,0,32,32,1745.2006980803,1745.2006980803,55,134,81.3333333333,45.610671266,2080.3333333333,0,0,0,0,0,0,0,0,1,122.0,55.0,134.0,32,0,0,0,0,0,0,1,55,1,134,-1,-1,0,32,0.0,0.0,0,0,0.0,0.0,0,0,benign,benign,0
80,282236,3,4,26,11607,20,0,8.666666667,10.26320288,11595,0,2901.75,5795.50069,41217.27916,24.8019388,47039.33333,114573.2889,280910,20,1066,533.0,725.4915575,1046,20,282143,94047.66667,161828.095,280910,188,0,0,0,0,72,92,10.62940234,14.17253646,0,11595,1454.125,4097.537534,16800000.0,0,0,0,1,0,0,0,0,1,1661.857143,8.666666667,2901.75,72,0,0,0,0,0,0,3,26,4,11607,8192,229,2,20,0.0,0.0,0,0,0.0,0.0,0,0,ddos,ddos,1
52822,71,1,1,2,6,2,2,2.0,0.0,6,6,6.0,0.0,112676.0563,28169.01408,71.0,0.0,71,71,0,0.0,0.0,0,0,0,0.0,0.0,0,0,0,0,0,0,24,20,14084.50704,14084.50704,2,6,3.333333333,2.309401077,5.333333333,0,0,0,1,0,0,0,0,1,5.0,2.0,6.0,24,0,0,0,0,0,0,1,2,1,6,1024,0,0,24,0.0,0.0,0,0,0.0,0.0,0,0,portscan,portscan,1
80,5097271,3,1,0,0,0,0,0.0,0.0,0,0,0.0,0.0,0.0,0.7847336349,1699090.33333333,2911104.86724892,5060478,59,5097271,2548635.5,3552281.73004514,5060478,36793,0,0.0,0.0,0,0,0,0,0,0,104,40,0.5885502262,0.1961834087,0,0,0.0,0.0,0.0,0,0,0,1,0,0,0,0,0,0.0,0.0,0.0,104,0,0,0,0,0,0,3,0,1,0,29200,42408,0,32,0.0,0.0,0,0,0.0,0.0,0,0,benign,benign,0
53,23334,1,1,54,116,54,54,54.0,0.0,116,116,116.0,0.0,7285.5061283963,85.7118368047,23334.0,0.0,23334,23334,0,0.0,0.0,0,0,0,0.0,0.0,0,0,0,0,0,0,20,32,42.8559184023,42.8559184023,54,116,74.6666666667,35.7957166898,1281.3333333333,0,0,0,0,0,0,0,0,1,112.0,54.0,116.0,20,0,0,0,0,0,0,1,54,1,116,-1,-1,0,20,0.0,0.0,0,0,0.0,0.0,0,0,benign,benign,0
80,167005,6,0,36,0,6,6,6.0,0.0,0,0,0.0,0.0,215.5624083,35.92706805,33401.0,72582.02318,163226,4,167005,33401.0,72582.02318,163226,4,0,0.0,0.0,0,0,0,0,0,0,120,0,35.92706805,0.0,6,6,6.0,0.0,0.0,0,0,0,0,1,0,0,0,0,7.0,6.0,0.0,120,0,0,0,0,0,0,6,36,0,0,256,-1,5,20,0.0,0.0,0,0,0.0,0.0,0,0,ddos,ddos,1
53,23541,1,1,55,71,55,55,55.0,0.0,71,71,71.0,0.0,5352.3639607493,84.9581581071,23541.0,0.0,23541,23541,0,0.0,0.0,0,0,0,0.0,0.0,0,0,0,0,0,0,32,32,42.4790790536,42.4790790536,55,71,60.3333333333,9.237604307,85.3333333333,0,0,0,0,0,0,0,0,1,90.5,55.0,71.0,32,0,0,0,0,0,0,1,55,1,71,-1,-1,0,32,0.0,0.0,0,0,0.0,0.0,0,0,benign,benign,0
80,574381,3,4,26,11601,20,0,8.666666667,10.26320288,8760,0,2900.25,4128.319301,20242.66123,12.18703265,95730.16667,221586.2753,547553,9,26591,13295.5,17904.65081,25956,635,574372,191457.3333,308671.1429,547553,189,0,0,0,0,72,92,5.223013992,6.964018657,0,8760,1453.375,3113.952607,9696700.839,0,0,0,1,0,0,0,0,1,1661.0,8.666666667,2900.25,72,0,0,0,0,0,0,3,26,4,11601,8192,229,2,20,0.0,0.0,0,0,0.0,0.0,0,0,ddos,ddos,1
9050,43,1,1,2,6,2,2,2.0,0.0,6,6,6.0,0.0,186046.5116,46511.62791,43.0,0.0,43,43,0,0.0,0.0,0,0,0,0.0,0.0,0,0,0,0,0,0,24,20,23255.81395,23255.81395,2,6,3.333333333,2.309401077,5.333333333,0,0,0,1,0,0,0,0,1,5.0,2.0,6.0,24,0,0,0,0,0,0,1,2,1,6,1024,0,0,24,0.0,0.0,0,0,0.0,0.0,0,0,portscan,portscan,1
5730,36,1,1,2,6,2,2,2.0,0.0,6,6,6.0,0.0,222222.2222,55555.55556,36.0,0.0,36,36,0,0.0,0.0,0,0,0,0.0,0.0,0,0,0,0,0,0,24,20,27777.77778,27777.77778,2,6,3.333333333,2.309401077,5.333333333,0,0,0,1,0,0,0,0,1,5.0,2.0,6.0,24,0,0,0,0,0,0,1,2,1,6,1024,0,0,24,0.0,0.0,0,0,0.0,0.0,0,0,portscan,portscan,1
80,7133794,5,0,30,0,6,6,6.0,0.0,0,0,0.0,0.0,4.205335898,0.700889316,1783448.5,3565618.362,7131876,2,7133794,1783448.5,3565618.362,7131876,2,0,0.0,0.0,0,0,0,0,0,0,100,0,0.700889316,0.0,6,6,6.0,0.0,0.0,0,0,0,0,1,0,0,0,0,7.2,6.0,0.0,100,0,0,0,0,0,0,5,30,0,0,256,-1,4,20,1918.0,0.0,1918,1918,7131876.0,0.0,7131876,7131876,ddos,ddos,1
80,843082,3,5,26,11601,20,0,8.666666667,10.26320288,8760,0,2320.2,3668.897,13791.06659,9.488993953,120440.2857,308015.7887,818695,14,24010,12005.0,15571.90554,23016,994,842887,210721.75,405468.7685,818695,172,0,0,0,0,72,112,3.558372732,5.930621221,0,8760,1291.888889,2866.607422,8217438.111,0,0,0,1,0,0,0,0,1,1453.375,8.666666667,2320.2,72,0,0,0,0,0,0,3,26,5,11601,8192,229,2,20,0.0,0.0,0,0,0.0,0.0,0,0,ddos,ddos,1
443,62546793,12,10,844,5613,467,0,70.3333333333,140.1624598511,1460,0,561.3,625.4980326819,103.2347094119,0.351736659,2978418.71428571,10220008.4982568,44980630,21,62546793,5686072.09090909,13863118.7315183,44980630,366,61039217,6782135.22222222,15268747.8769985,45045709,48,0,0,0,0,252,224,0.1918563594,0.1598802995,0,1460,280.7391304348,483.1024940557,233388.019762846,0,0,0,1,0,0,0,0,0,293.5,70.3333333333,561.3,252,0,0,0,0,0,0,12,844,10,5613,8192,114,11,20,150103.5,140521.209304859,249467,50740,30394840.5,20627421.3288191,44980630,15809051,benign,benign,0
53,32721,1,1,43,59,43,43,43.0,0.0,59,59,59.0,0.0,3117.2641422939,61.1228263195,32721.0,0.0,32721,32721,0,0.0,0.0,0,0,0,0.0,0.0,0,0,0,0,0,0,20,32,30.5614131597,30.5614131597,43,59,48.3333333333,9.237604307,85.3333333333,0,0,0,0,0,0,0,0,1,72.5,43.0,59.0,20,0,0,0,0,0,0,1,43,1,59,-1,-1,0,20,0.0,0.0,0,0,0.0,0.0,0,0,benign,benign,0
53,92758829,2,2,93,259,48,45,46.5,2.1213203436,153,106,129.5,33.2340187158,3.794787017,0.0431225797,30919609.6666667,53315007.6609821,92482335,23447,92735382,92735382.0,0.0,92735382,92735382,92505782,92505782.0,0.0,92505782,92505782,0,0,0,0,40,52,0.0215612899,0.0215612899,45,153,80.0,48.161187693,2319.5,0,0,0,0,0,0,0,0,1,100.0,46.5,129.5,40,0,0,0,0,0,0,2,93,2,259,-1,-1,1,20,253047.0,0.0,253047,253047,92482335.0,0.0,92482335,92482335,benign,benign,0
80,75487,3,5,26,11607,20,0,8.666666667,10.26320288,7215,0,2321.4,3327.769794,154106.005,105.9785129,10783.85714,28007.88874,74297,4,951,475.5,488.6107858,821,130,75439,18859.75,36960.64243,74297,4,0,0,0,0,72,112,39.74194232,66.23657054,0,7215,1292.555556,2650.585648,7025604.278,0,0,0,1,0,0,0,0,1,1454.125,8.666666667,2321.4,72,0,0,0,0,0,0,3,26,5,11607,8192,229,2,20,0.0,0.0,0,0,0.0,0.0,0,0,ddos,ddos,1
4006,44,1,1,2,6,2,2,2.0,0.0,6,6,6.0,0.0,181818.1818,45454.54545,44.0,0.0,44,44,0,0.0,0.0,0,0,0,0.0,0.0,0,0,0,0,0,0,24,20,22727.27273,22727.27273,2,6,3.333333333,2.309401077,5.333333333,0,0,0,1,0,0,0,0,1,5.0,2.0,6.0,24,0,0,0,0,0,0,1,2,1,6,1024,0,0,24,0.0,0.0,0,0,0.0,0.0,0,0,portscan,portscan,1
80,4043938,5,0,30,0,6,6,6.0,0.0,0,0,0.0,0.0,7.418511362,1.23641856,1010984.5,2019279.227,4039902,1,4043938,1010984.5,2019279.227,4039902,1,0,0.0,0.0,0,0,0,0,0,0,100,0,1.23641856,0.0,6,6,6.0,0.0,0.0,0,0,0,0,1,0,0,0,0,7.2,6.0,0.0,100,0,0,0,0,0,0,5,30,0,0,256,-1,4,20,0.0,0.0,0,0,0.0,0.0,0,0,ddos,ddos,1
80,1416867,3,6,26,11607,20,0,8.666666667,10.26320288,5840,0,1934.5,2538.919278,8210.368369,6.352042923,177108.375,500399.1778,1415533,3,963,481.5,437.6990976,791,172,1416851,283370.2,632898.378,1415533,3,0,0,0,0,72,132,2.117347641,4.234695282,0,5840,1163.3,2138.329153,4572451.567,0,0,0,1,0,0,0,0,2,1292.555556,8.666666667,1934.5,72,0,0,0,0,0,0,3,26,6,11607,8192,229,2,20,0.0,0.0,0,0,0.0,0.0,0,0,ddos,ddos,1
80,112931,3,5,26,11607,20,0,8.666666667,10.26320288,5840,0,2321.4,3173.373883,103009.8024,70.83971629,16133.0,42155.84914,111732,3,935,467.5,570.6351724,871,64,112770,28192.5,55694.30163,111732,3,0,0,0,0,72,112,26.56489361,44.27482268,0,5840,1292.555556,2554.159212,6523729.278,0,0,0,1,0,0,0,0,1,1454.125,8.666666667,2321.4,72,0,0,0,0,0,0,3,26,5,11607,8192,229,2,20,0.0,0.0,0,0,0.0,0.0,0,0,ddos,ddos,1
443,28491,2,0,12,0,6,6,6.0,0.0,0,0,0.0,0.0,421.1856375698,70.1976062616,28491.0,0.0,28491,28491,28491,28491.0,0.0,28491,28491,0,0.0,0.0,0,0,0,0,0,0,40,0,70.1976062616,0.0,6,6,6.0,0.0,0.0,0,0,0,0,1,0,0,0,0,9.0,6.0,0.0,40,0,0,0,0,0,0,2,12,0,0,253,-1,1,20,0.0,0.0,0,0,0.0,0.0,0,0,benign,benign,0
10002,32,1,1,2,6,2,2,2.0,0.0,6,6,6.0,0.0,250000.0,62500.0,32.0,0.0,32,32,0,0.0,0.0,0,0,0,0.0,0.0,0,0,0,0,0,0,24,20,31250.0,31250.0,2,6,3.333333333,2.309401077,5.333333333,0,0,0,1,0,0,0,0,1,5.0,2.0,6.0,24,0,0,0,0,0,0,1,2,1,6,1024,0,0,24,0.0,0.0,0,0,0.0,0.0,0,0,portscan,portscan,1
443,5958298,9,6,375,3861,194,0,41.6666666667,69.8140387028,2856,0,643.5,1098.9663780116,710.9412788686,2.5174974464,425592.714285714,1426763.12846125,5375204,4,5958298,744787.25,1875132.76058087,5375204,4,495576,99115.2,121118.879456095,298236,443,0,0,0,0,204,132,1.5104984679,1.0069989786,0,2856,264.75,705.0449158269,497088.333333333,0,0,0,1,0,0,0,0,0,282.4,41.6666666667,643.5,204,0,0,0,0,0,0,9,375,6,3861,8192,232,7,20,583090.0,0.0,583090,583090,5375204.0,0.0,5375204,5375204,benign,benign,0
443,5191517,9,6,352,3659,195,0,39.1111111111,71.6718990338,1448,0,609.8333333333,703.0750789686,772.6065425578,2.8893288802,370822.642857143,1284116.96575846,4829836,1,5191517,648939.625,1690387.91621788,4829836,3,215208,43041.6,58049.4215199428,109841,191,0,0,0,0,296,200,1.7335973281,1.1557315521,0,1448,250.6875,500.1538055105,250153.829166667,0,0,0,1,0,0,0,0,0,267.4,39.1111111111,609.8333333333,296,0,0,0,0,0,0,9,352,6,3659,29200,119,3,32,0.0,0.0,0,0,0.0,0.0,0,0,benign,benign,0
53,11793876,2,2,104,370,55,49,52.0,4.2426406871,258,112,185.0,103.2375900532,40.1903496357,0.3391590687,3931292.0,6697324.65789856,11664696,62468,11727164,11727164.0,0.0,11727164,11727164,11731408,11731408.0,0.0,11731408,11731408,0,0,0,0,52,40,0.1695795343,0.1695795343,49,258,105.8,88.8690047204,7897.7,0,0,0,0,0,0,0,0,1,132.25,52.0,185.0,52,0,0,0,0,0,0,2,104,2,370,-1,-1,1,20,62468.0,0.0,62468,62468,11664696.0,0.0,11664696,11664696,benign,benign,0
80,4063937,5,0,30,0,6,6,6.0,0.0,0,0,0.0,0.0,7.382004199,1.230334033,1015984.25,2028633.212,4058933,1,4063937,1015984.25,2028633.212,4058933,1,0,0.0,0.0,0,0,0,0,0,0,100,0,1.230334033,0.0,6,6,6.0,0.0,0.0,0,0,0,0,1,0,0,0,0,7.2,6.0,0.0,100,0,0,0,0,0,0,5,30,0,0,256,-1,4,20,0.0,0.0,0,0,0.0,0.0,0,0,ddos,ddos,1
32783,120,1,1,2,6,2,2,2.0,0.0,6,6,6.0,0.0,66666.66667,16666.66667,120.0,0.0,120,120,0,0.0,0.0,0,0,0,0.0,0.0,0,0,0,0,0,0,24,20,8333.333333,8333.333333,2,6,3.333333333,2.309401077,5.333333333,0,0,0,1,0,0,0,0,1,5.0,2.0,6.0,24,0,0,0,0,0,0,1,2,1,6,1024,0,0,24,0.0,0.0,0,0,0.0,0.0,0,0,portscan,portscan,1
51658,650091,2,0,12,0,6,6,6.0,0.0,0,0,0.0,0.0,18.4589542079,3.076492368,650091.0,0.0,650091,650091,650091,650091.0,0.0,650091,650091,0,0.0,0.0,0,0,0,0,0,0,40,0,3.076492368,0.0,6,6,6.0,0.0,0.0,0,0,0,0,1,0,0,0,0,9.0,6.0,0.0,40,0,0,0,0,0,0,2,12,0,0,11256,-1,1,20,0.0,0.0,0,0,0.0,0.0,0,0,benign,benign,0
443,5441756,9,9,375,6363,194,0,41.6666666667,69.8140387028,1460,0,707.0,661.1342526295,1238.2032564488,3.3077558053,320103.294117647,1219742.33208052,5048486,4,5441756,680219.5,1767041.83482339,5048486,4,368500,46062.5,79903.8378713528,231865,5,0,0,0,0,204,192,1.6538779026,1.6538779026,0,1460,354.6315789474,560.7801322489,314474.356725146,0,0,0,1,0,0,0,0,1,374.3333333333,41.6666666667,707.0,204,0,0,0,0,0,0,9,375,9,6363,8192,946,7,20,393266.0,0.0,393266,393266,5048486.0,0.0,5048486,5048486,benign,benign,0
80,796014,3,5,26,11601,20,0,8.666666667,10.26320288,8760,0,2320.2,3668.897,14606.52702,10.0500745,113716.2857,297556.1884,788485,29,7106,3553.0,4935.605333,7043,63,795985,198996.25,393006.1486,788485,177,0,0,0,0,72,112,3.768777936,6.28129656,0,8760,1291.888889,2866.607422,8217438.111,0,0,0,1,0,0,0,0,1,1453.375,8.666666667,2320.2,72,0,0,0,0,0,0,3,26,5,11601,8192,229,2,20,0.0,0.0,0,0,0.0,0.0,0,0,ddos,ddos,1
80,1928981,5,0,30,0,6,6,6.0,0.0,0,0,0.0,0.0,15.55225272,2.59204212,482245.25,963817.9493,1927972,0,1928981,482245.25,963817.9493,1927972,0,0,0.0,0.0,0,0,0,0,0,0,100,0,2.59204212,0.0,6,6,6.0,0.0,0.0,0,0,0,0,1,0,0,0,0,7.2,6.0,0.0,100,0,0,0,0,0,0,5,30,0,0,256,-1,4,20,0.0,0.0,0,0,0.0,0.0,0,0,ddos,ddos,1
80,66692,3,5,427,2279,421,0,142.3333333333,241.3510582809,1460,0,455.8,660.3318862511,40574.5816589696,119.9544173214,9527.4285714286,16150.6461156321,33813,1,32691,16345.5,22990.1627767182,32602,89,34179,8544.75,16964.3801021434,33991,1,0,0,0,0,72,112,44.9829064955,74.9715108259,0,1460,300.6666666667,518.0002413127,268324.25,0,0,0,1,0,0,0,0,1,338.25,142.3333333333,455.8,72,0,0,0,0,0,0,3,427,5,2279,8192,237,2,20,0.0,0.0,0,0,0.0,0.0,0,0,benign,benign,0
53,79282,1,1,40,56,40,40,40.0,0.0,56,56,56.0,0.0,1210.8675361368,25.2264070029,79282.0,0.0,79282,79282,0,0.0,0.0,0,0,0,0.0,0.0,0,0,0,0,0,0,20,20,12.6132035014,12.6132035014,40,56,45.3333333333,9.237604307,85.3333333333,0,0,0,0,0,0,0,0,1,68.0,40.0,56.0,20,0,0,0,0,0,0,1,40,1,56,-1,-1,0,20,0.0,0.0,0,0,0.0,0.0,0,0,benign,benign,0
61532,33,1,1,2,6,2,2,2.0,0.0,6,6,6.0,0.0,242424.2424,60606.06061,33.0,0.0,33,33,0,0.0,0.0,0,0,0,0.0,0.0,0,0,0,0,0,0,24,20,30303.0303,30303.0303,2,6,3.333333333,2.309401077,5.333333333,0,0,0,1,0,0,0,0,1,5.0,2.0,6.0,24,0,0,0,0,0,0,1,2,1,6,1024,0,0,24,0.0,0.0,0,0,0.0,0.0,0,0,portscan,portscan,1
443,5777548,7,4,635,168,517,0,90.7142857143,190.7072051477,168,0,42.0,84.0,138.9862966089,1.9039218714,577754.8,1717839.20488941,5465073,49,5777548,962924.666666667,2243898.17279124,5542099,49,275348,91782.6666666667,90587.1424504236,182106,934,0,0,0,0,232,136,1.2115866454,0.6923352259,0,517,66.9166666667,150.8487854131,22755.3560606061,0,0,0,1,0,0,0,0,0,73.0,90.7142857143,42.0,232,0,0,0,0,0,0,7,635,4,168,29200,340,3,32,312426.0,0.0,312426,312426,5465073.0,0.0,5465073,5465073,benign,benign,0
19101,45,1,1,2,6,2,2,2.0,0.0,6,6,6.0,0.0,177777.7778,44444.44444,45.0,0.0,45,45,0,0.0,0.0,0,0,0,0.0,0.0,0,0,0,0,0,0,24,20,22222.22222,22222.22222,2,6,3.333333333,2.309401077,5.333333333,0,0,0,1,0,0,0,0,1,5.0,2.0,6.0,24,0,0,0,0,0,0,1,2,1,6,1024,0,0,24,0.0,0.0,0,0,0.0,0.0,0,0,portscan,portscan,1
443,10129585,7,9,1529,5604,868,0,218.4285714286,342.2279246072,1460,0,622.6666666667,678.2331826149,704.1749489244,1.5795316393,675305.666666667,2564734.46401017,9946051,3,183531,30588.5,31940.7111739861,88431,238,10100722,1262590.25,3531186.47850439,10001753,3,0,0,0,0,152,192,0.6910450922,0.8884865471,0,1460,419.5882352941,570.8108332477,325825.007352941,0,0,0,1,0,0,0,0,1,445.8125,218.4285714286,622.6666666667,152,0,0,0,0,0,0,7,1529,9,5604,8192,21,6,20,183531.0,0.0,183531,183531,9946051.0,0.0,9946051,9946051,benign,benign,0
80,186931,3,5,26,11601,20,0,8.666666667,10.26320288,4380,0,2320.2,2207.341206,62199.42118,42.7965399,26704.42857,66520.40311,177383,4,8821,4410.5,6231.732063,8817,4,186869,46717.25,87202.37704,177383,160,0,0,0,0,72,112,16.04870246,26.74783744,0,4380,1291.888889,1980.710254,3923213.111,0,0,0,1,0,0,0,0,1,1453.375,8.666666667,2320.2,72,0,0,0,0,0,0,3,26,5,11601,8192,229,2,20,0.0,0.0,0,0,0.0,0.0,0,0,ddos,ddos,1
1600,11,1,1,2,6,2,2,2.0,0.0,6,6,6.0,0.0,727272.7273,181818.1818,11.0,0.0,11,11,0,0.0,0.0,0,0,0,0.0,0.0,0,0,0,0,0,0,24,20,90909.09091,90909.09091,2,6,3.333333333,2.309401077,5.333333333,0,0,0,1,0,0,0,0,1,5.0,2.0,6.0,24,0,0,0,0,0,0,1,2,1,6,1024,0,0,24,0.0,0.0,0,0,0.0,0.0,0,0,portscan,portscan,1
62397,12441,3,0,18,0,6,6,6.0,0.0,0,0,0.0,0.0,1446.8290330359,241.1381721727,6220.5,8792.8728240547,12438,3,12441,6220.5,8792.8728240547,12438,3,0,0.0,0.0,0,0,0,0,0,0,60,0,241.1381721727,0.0,6,6,6.0,0.0,0.0,0,0,0,0,1,0,0,0,0,8.0,6.0,0.0,60,0,0,0,0,0,0,3,18,0,0,32,-1,2,20,0.0,0.0,0,0,0.0,0.0,0,0,benign,benign,0
554,94,1,1,2,6,2,2,2.0,0.0,6,6,6.0,0.0,85106.38298,21276.59574,94.0,0.0,94,94,0,0.0,0.0,0,0,0,0.0,0.0,0,0,0,0,0,0,24,20,10638.29787,10638.29787,2,6,3.333333333,2.309401077,5.333333333,0,0,0,1,0,0,0,0,1,5.0,2.0,6.0,24,0,0,0,0,0,0,1,2,1,6,1024,0,0,24,0.0,0.0,0,0,0.0,0.0,0,0,portscan,portscan,1
443,653020,9,8,532,4201,204,0,59.1111111111,80.8724991027,2313,0,525.125,869.7335285674,7247.8637714006,26.0328933264,40813.75,65634.0000868452,210451,48,653020,81627.5,88157.6991516583,246759,49,406250,58035.7142857143,84286.5590663072,215957,48,0,0,0,0,192,172,13.7821199963,12.2507733301,0,2313,262.9444444444,610.7063867766,372962.290849673,0,0,0,1,0,0,0,0,0,278.4117647059,59.1111111111,525.125,192,0,0,0,0,0,0,9,532,8,4201,8192,351,8,20,0.0,0.0,0,0,0.0,0.0,0,0,benign,benign,0
443,90589486,12,10,1108,760,517,0,92.3333333333,160.6268025485,417,0,76.0,129.7459055231,20.6204945241,0.2428537899,4313785.04761905,13526871.6814268,45006517,1,90500746,8227340.54545455,18232386.7636147,45113488,1,90501065,10055673.8888889,19862571.4460369,45095257,3,0,0,0,0,252,236,0.1324657036,0.1103880863,0,517,81.2173913043,142.0095888317,20166.7233201581,0,0,0,1,0,0,0,0,0,84.9090909091,92.3333333333,76.0,252,0,0,0,0,0,0,12,1108,10,760,8192,123,11,20,248949.5,227437.360634747,409772,88127,45001423.5,7203.2967799474,45006517,44996330,benign,benign,0
80,60026,3,6,26,11601,20,0,8.666666667,10.26320288,5840,0,1933.5,2189.772933,193699.3969,149.9350282,7503.25,15479.14175,43316,45,16142,8071.0,11135.51759,15945,197,59928,11985.6,18828.49399,43316,45,0,0,0,0,72,132,49.97834272,99.95668544,0,5840,1162.7,1911.59573,3654198.233,0,0,0,1,0,0,0,0,2,1291.888889,8.666666667,1933.5,72,0,0,0,0,0,0,3,26,6,11601,8192,229,2,20,0.0,0.0,0,0,0.0,0.0,0,0,ddos,ddos,1
80,2775933,4,0,24,0,6,6,6.0,0.0,0,0,0.0,0.0,8.64574181,1.440956968,925311.0,1601822.314,2774936,3,2775933,925311.0,1601822.314,2774936,3,0,0.0,0.0,0,0,0,0,0,0,80,0,1.440956968,0.0,6,6,6.0,0.0,0.0,0,0,0,0,1,0,0,0,0,7.5,6.0,0.0,80,0,0,0,0,0,0,4,24,0,0,256,-1,3,20,0.0,0.0,0,0,0.0,0.0,0,0,ddos,ddos,1
6100,43,1,1,2,6,2,2,2.0,0.0,6,6,6.0,0.0,186046.5116,46511.62791,43.0,0.0,43,43,0,0.0,0.0,0,0,0,0.0,0.0,0,0,0,0,0,0,24,20,23255.81395,23255.81395,2,6,3.333333333,2.309401077,5.333333333,0,0,0,1,0,0,0,0,1,5.0,2.0,6.0,24,0,0,0,0,0,0,1,2,1,6,1024,0,0,24,0.0,0.0,0,0,0.0,0.0,0,0,portscan,portscan,1
80,1109742,3,5,26,11601,20,0,8.666666667,10.26320288,8760,0,2320.2,3668.897,10477.21002,7.208882785,158534.5714,417334.1613,1104954,72,4154,2077.0,2776.101223,4040,114,1109670,277417.5,551694.0261,1104954,189,0,0,0,0,72,112,2.703331045,4.505551741,0,8760,1291.888889,2866.607422,8217438.111,0,0,0,1,0,0,0,0,1,1453.375,8.666666667,2320.2,72,0,0,0,0,0,0,3,26,5,11601,8192,229,2,20,0.0,0.0,0,0,0.0,0.0,0,0,ddos,ddos,1
23,46,1,1,2,6,2,2,2.0,0.0,6,6,6.0,0.0,173913.0435,43478.26087,46.0,0.0,46,46,0,0.0,0.0,0,0,0,0.0,0.0,0,0,0,0,0,0,24,20,21739.13043,21739.13043,2,6,3.333333333,2.309401077,5.333333333,0,0,0,1,0,0,0,0,1,5.0,2.0,6.0,24,0,0,0,0,0,0,1,2,1,6,1024,0,0,24,0.0,0.0,0,0,0.0,0.0,0,0,portscan,portscan,1
80,5121523,4,0,24,0,6,6,6.0,0.0,0,0,0.0,0.0,4.686106066,0.781017678,1707174.333,2956908.353,5121518,1,5121523,1707174.333,2956908.353,5121518,1,0,0.0,0.0,0,0,0,0,0,0,80,0,0.781017678,0.0,6,6,6.0,0.0,0.0,0,0,0,0,1,0,0,0,0,7.5,6.0,0.0,80,0,0,0,0,0,0,4,24,0,0,256,-1,3,20,5.0,0.0,5,5,5121518.0,0.0,5121518,5121518,ddos,ddos,1
80,74034,3,5,26,11607,20,0,8.666666667,10.26320288,7300,0,2321.4,3346.363967,157130.5076,108.0584596,10576.28571,27486.03533,72906,2,898,449.0,496.3889604,800,98,73988,18497.0,36274.80451,72906,2,0,0,0,0,72,112,40.52192236,67.53653727,0,7300,1292.555556,2662.264877,7087654.278,0,0,0,1,0,0,0,0,1,1454.125,8.666666667,2321.4,72,0,0,0,0,0,0,3,26,5,11607,8192,229,2,20,0.0,0.0,0,0,0.0,0.0,0,0,ddos,ddos,1
443,22257,1,3,6,317,6,6,6.0,0.0,242,6,105.6666666667,122.1979268782,14512.2882688592,179.7187401716,7419.0,12808.5363722792,22209,1,0,0.0,0.0,0,0,22210,11105.0,15703.4273965908,22209,1,0,0,0,0,20,60,44.9296850429,134.7890551287,6,242,65.8,102.2066534038,10446.2,1,0,0,0,1,0,0,0,3,82.25,6.0,105.6666666667,20,0,0,0,0,0,0,1,6,3,317,0,119,0,20,0.0,0.0,0,0,0.0,0.0,0,0,benign,benign,0
53,50438,1,1,44,60,44,44,44.0,0.0,60,60,60.0,0.0,2061.9374281296,39.6526428486,50438.0,0.0,50438,50438,0,0.0,0.0,0,0,0,0.0,0.0,0,0,0,0,0,0,20,40,19.8263214243,19.8263214243,44,60,49.3333333333,9.237604307,85.3333333333,0,0,0,0,0,0,0,0,1,74.0,44.0,60.0,20,0,0,0,0,0,0,1,44,1,60,-1,-1,0,20,0.0,0.0,0,0,0.0,0.0,0,0,benign,benign,0
80,1800592,3,4,26,11607,20,0,8.666666667,10.26320288,11595,0,2901.75,5795.50069,6460.652941,3.887610297,300098.6667,734493.4575,1799377,14,984,492.0,609.5260454,923,61,1800578,600192.6667,1038524.18,1799377,183,0,0,0,0,72,92,1.666118699,2.221491598,0,11595,1454.125,4097.537534,16800000.0,0,0,0,1,0,0,0,0,1,1661.857143,8.666666667,2901.75,72,0,0,0,0,0,0,3,26,4,11607,8192,229,2,20,0.0,0.0,0,0,0.0,0.0,0,0,ddos,ddos,1
80,1587404,4,0,24,0,6,6,6.0,0.0,0,0,0.0,0.0,15.11902452,2.51983742,529134.6667,915706.1076,1586501,394,1587404,529134.6667,915706.1076,1586501,394,0,0.0,0.0,0,0,0,0,0,0,80,0,2.51983742,0.0,6,6,6.0,0.0,0.0,0,0,0,0,1,0,0,0,0,7.5,6.0,0.0,80,0,0,0,0,0,0,4,24,0,0,256,-1,3,20,0.0,0.0,0,0,0.0,0.0,0,0,ddos,ddos,1
80,6030395,3,1,12,0,6,0,4.0,3.4641016151,0,0,0.0,0.0,1.9899194,0.6633064667,2010131.66666667,3450190.39107429,5994013,1,6030395,3015197.5,4212681.27990719,5994013,36382,0,0.0,0.0,0,0,0,0,0,0,72,32,0.49747985,0.1658266167,0,6,2.4,3.286335345,10.8,0,0,0,1,0,0,0,0,0,3.0,4.0,0.0,72,0,0,0,0,0,0,3,12,1,0,8192,29200,2,20,0.0,0.0,0,0,0.0,0.0,0,0,benign,benign,0
443,10470482,8,7,595,4575,326,0,74.375,130.5613566763,1460,2,653.5714285714,755.4927436543,493.7690547579,1.4325988049,747891.571428571,2709457.41568528,10160775,1,10470482,1495783.14285714,3821275.63234973,10160775,175,181870,30311.6666666667,44788.2272641669,88405,1,0,0,0,0,172,144,0.764052696,0.668546109,0,1460,323.125,571.9980040758,327181.716666667,0,0,0,1,0,0,0,0,0,344.6666666667,74.375,653.5714285714,172,0,0,0,0,0,0,8,595,7,4575,8192,34884,7,20,0.0,0.0,0,0,0.0,0.0,0,0,benign,benign,0
443,31120107,2,1,12,0,6,6,6.0,0.0,0,0,0.0,0.0,0.3856027873,0.0964006968,15560053.5,21970119.5255565,31095274,24833,31120107,31120107.0,0.0,31120107,31120107,0,0.0,0.0,0,0,0,0,0,0,40,32,0.0642671312,0.0321335656,0,6,4.5,3.0,9.0,0,0,0,0,1,0,0,0,0,6.0,6.0,0.0,40,0,0,0,0,0,0,2,12,1,0,256,1494,1,20,0.0,0.0,0,0,0.0,0.0,0,0,benign,benign,0
1309,48,1,1,2,6,2,2,2.0,0.0,6,6,6.0,0.0,166666.6667,41666.66667,48.0,0.0,48,48,0,0.0,0.0,0,0,0,0.0,0.0,0,0,0,0,0,0,24,20,20833.33333,20833.33333,2,6,3.333333333,2.309401077,5.333333333,0,0,0,1,0,0,0,0,1,5.0,2.0,6.0,24,0,0,0,0,0,0,1,2,1,6,1024,0,0,24,0.0,0.0,0,0,0.0,0.0,0,0,portscan,portscan,1
34571,59,1,1,2,6,2,2,2.0,0.0,6,6,6.0,0.0,135593.2203,33898.30508,59.0,0.0,59,59,0,0.0,0.0,0,0,0,0.0,0.0,0,0,0,0,0,0,24,20,16949.15254,16949.15254,2,6,3.333333333,2.309401077,5.333333333,0,0,0,1,0,0,0,0,1,5.0,2.0,6.0,24,0,0,0,0,0,0,1,2,1,6,1024,0,0,24,0.0,0.0,0,0,0.0,0.0,0,0,portscan,portscan,1
990,40,1,1,2,6,2,2,2.0,0.0,6,6,6.0,0.0,200000.0,50000.0,40.0,0.0,40,40,0,0.0,0.0,0,0,0,0.0,0.0,0,0,0,0,0,0,24,20,25000.0,25000.0,2,6,3.333333333,2.309401077,5.333333333,0,0,0,1,0,0,0,0,1,5.0,2.0,6.0,24,0,0,0,0,0,0,1,2,1,6,1024,0,0,24,0.0,0.0,0,0,0.0,0.0,0,0,portscan,portscan,1
80,712047,3,6,26,11607,20,0,8.666666667,10.26320288,5840,0,1934.5,2538.919278,16337.40469,12.63961508,89005.875,251366.8986,711107,2,759,379.5,468.8117959,711,48,711973,142394.6,317920.0548,711107,2,0,0,0,0,72,132,4.213205027,8.426410054,0,5840,1163.3,2138.329153,4572451.567,0,0,0,1,0,0,0,0,2,1292.555556,8.666666667,1934.5,72,0,0,0,0,0,0,3,26,6,11607,8192,229,2,20,0.0,0.0,0,0,0.0,0.0,0,0,ddos,ddos,1
53,94598,1,1,55,129,55,55,55.0,0.0,129,129,129.0,0.0,1945.0728345208,21.1420960274,94598.0,0.0,94598,94598,0,0.0,0.0,0,0,0,0.0,0.0,0,0,0,0,0,0,20,20,10.5710480137,10.5710480137,55,129,79.6666666667,42.72391992,1825.3333333333,0,0,0,0,0,0,0,0,1,119.5,55.0,129.0,20,0,0,0,0,0,0,1,55,1,129,-1,-1,0,20,0.0,0.0,0,0,0.0,0.0,0,0,benign,benign,0
8200,38,1,1,2,6,2,2,2.0,0.0,6,6,6.0,0.0,210526.3158,52631.57895,38.0,0.0,38,38,0,0.0,0.0,0,0,0,0.0,0.0,0,0,0,0,0,0,24,20,26315.78947,26315.78947,2,6,3.333333333,2.309401077,5.333333333,0,0,0,1,0,0,0,0,1,5.0,2.0,6.0,24,0,0,0,0,0,0,1,2,1,6,1024,0,0,24,0.0,0.0,0,0,0.0,0.0,0,0,portscan,portscan,1
443,11053691,12,14,3367,11941,2757,0,280.5833333333,787.8237525941,1451,0,852.9285714286,687.9524205692,1384.8767800728,2.3521554927,442147.64,2091177.8065432,10473825,2,579847,52713.3636363636,105994.819278371,362778,115,11025343,848103.307692308,2894701.87236471,10473825,2,0,0,0,0,276,288,1.0856102274,1.2665452653,0,2757,566.962962963,770.3751574336,593477.883190883,0,0,0,1,0,0,0,0,1,588.7692307692,280.5833333333,852.9285714286,276,0,0,0,0,0,0,12,3367,14,11941,8192,16060,9,20,0.0,0.0,0,0,0.0,0.0,0,0,benign,benign,0
80,569171,3,5,26,11607,20,0,8.666666667,10.26320288,7215,0,2321.4,3327.769794,20438.49739,14.05552988,81310.14286,214674.9788,568147,5,828,414.0,370.5239533,676,152,569122,142280.5,283911.2299,568147,5,0,0,0,0,72,112,5.270823707,8.784706178,0,7215,1292.555556,2650.585648,7025604.278,0,0,0,1,0,0,0,0,1,1454.125,8.666666667,2321.4,72,0,0,0,0,0,0,3,26,5,11607,8192,229,2,20,0.0,0.0,0,0,0.0,0.0,0,0,ddos,ddos,1
80,559156,2,4,20,11601,20,0,10.0,14.14213562,5840,0,2900.25,3345.636997,20783.10883,10.73045805,111831.2,245023.9269,550093,49,8745,8745.0,0.0,8745,8745,559107,186369.0,315023.6543,550093,201,0,0,0,0,52,92,3.576819349,7.153638698,0,5840,1660.142857,2826.468375,7988923.476,0,0,0,1,0,0,0,0,2,1936.833333,10.0,2900.25,52,0,0,0,0,0,0,2,20,4,11601,8192,229,1,20,0.0,0.0,0,0,0.0,0.0,0,0,ddos,ddos,1
80,6032863,4,0,24,0,6,6,6.0,0.0,0,0,0.0,0.0,3.978210677,0.663035113,2010954.333,3479606.793,6028858,988,6032863,2010954.333,3479606.793,6028858,988,0,0.0,0.0,0,0,0,0,0,0,80,0,0.663035113,0.0,6,6,6.0,0.0,0.0,0,0,0,0,1,0,0,0,0,7.5,6.0,0.0,80,0,0,0,0,0,0,4,24,0,0,256,-1,3,20,4005.0,0.0,4005,4005,6028858.0,0.0,6028858,6028858,ddos,ddos,1
443,103888,5,5,1136,698,562,0,227.2,286.2126831571,549,0,139.6,236.0091099937,17653.6269829047,96.2575080856,11543.1111111111,16463.2302833044,34014,112,68203,17050.75,19395.0087629954,34126,154,69874,17468.5,18639.1855419347,33668,360,0,0,0,0,112,112,48.1287540428,48.1287540428,0,562,166.7272727273,244.9967717784,60023.4181818182,0,0,0,1,0,0,0,0,1,183.4,227.2,139.6,112,0,0,0,0,0,0,5,1136,5,698,8192,132,4,20,0.0,0.0,0,0,0.0,0.0,0,0,benign,benign,0
6901,49,1,1,2,6,2,2,2.0,0.0,6,6,6.0,0.0,163265.3061,40816.32653,49.0,0.0,49,49,0,0.0,0.0,0,0,0,0.0,0.0,0,0,0,0,0,0,24,20,20408.16327,20408.16327,2,6,3.333333333,2.309401077,5.333333333,0,0,0,1,0,0,0,0,1,5.0,2.0,6.0,24,0,0,0,0,0,0,1,2,1,6,1024,0,0,24,0.0,0.0,0,0,0.0,0.0,0,0,portscan,portscan,1
137,2,2,0,124,0,62,62,62.0,0.0,0,0,0.0,0.0,62000000.0,1000000.0,2.0,0.0,2,2,2,2.0,0.0,2,2,0,0.0,0.0,0,0,0,0,0,0,40,0,1000000.0,0.0,62,62,62.0,0.0,0.0,0,0,0,0,0,0,0,0,0,93.0,62.0,0.0,40,0,0,0,0,0,0,2,124,0,0,-1,-1,1,20,0.0,0.0,0,0,0.0,0.0,0,0,benign,benign,0
9111,48,1,1,2,6,2,2,2.0,0.0,6,6,6.0,0.0,166666.6667,41666.66667,48.0,0.0,48,48,0,0.0,0.0,0,0,0,0.0,0.0,0,0,0,0,0,0,24,20,20833.33333,20833.33333,2,6,3.333333333,2.309401077,5.333333333,0,0,0,1,0,0,0,0,1,5.0,2.0,6.0,24,0,0,0,0,0,0,1,2,1,6,1024,0,0,24,0.0,0.0,0,0,0.0,0.0,0,0,portscan,portscan,1
443,5531059,10,9,381,6363,194,0,38.1,66.7806525541,1460,0,707.0,661.1342526295,1219.2963408996,3.4351468679,307281.055555556,1192390.34245889,5079734,3,5531059,614562.111111111,1676428.70564054,5079734,3,427006,53375.75,91692.4446174742,268396,47,0,0,0,0,224,192,1.8079720357,1.6271748322,0,1460,337.2,551.3621982728,304000.273684211,0,0,0,1,0,0,0,0,0,354.9473684211,38.1,707.0,224,0,0,0,0,0,0,10,381,9,6363,8192,946,8,20,451322.0,0.0,451322,451322,5079734.0,0.0,5079734,5079734,benign,benign,0
1132,53,1,1,2,6,2,2,2.0,0.0,6,6,6.0,0.0,150943.3962,37735.84906,53.0,0.0,53,53,0,0.0,0.0,0,0,0,0.0,0.0,0,0,0,0,0,0,24,20,18867.92453,18867.92453,2,6,3.333333333,2.309401077,5.333333333,0,0,0,1,0,0,0,0,1,5.0,2.0,6.0,24,0,0,0,0,0,0,1,2,1,6,1024,0,0,24,0.0,0.0,0,0,0.0,0.0,0,0,portscan,portscan,1
80,128953,3,4,26,11607,20,0,8.666666667,10.26320288,11595,0,2901.75,5795.50069,90211.16221,54.28334354,21492.16667,52122.99783,127887,57,823,411.5,351.4320702,660,163,128896,42965.33333,73545.04986,127887,177,0,0,0,0,72,92,23.26429009,31.01905345,0,11595,1454.125,4097.537534,16800000.0,0,0,0,1,0,0,0,0,1,1661.857143,8.666666667,2901.75,72,0,0,0,0,0,0,3,26,4,11607,8192,229,2,20,0.0,0.0,0,0,0.0,0.0,0,0,ddos,ddos,1
80,5823237,4,0,24,0,6,6,6.0,0.0,0,0,0.0,0.0,4.121419066,0.686903178,1941079.0,3361528.701,5822638,227,5823237,1941079.0,3361528.701,5822638,227,0,0.0,0.0,0,0,0,0,0,0,80,0,0.686903178,0.0,6,6,6.0,0.0,0.0,0,0,0,0,1,0,0,0,0,7.5,6.0,0.0,80,0,0,0,0,0,0,4,24,0,0,256,-1,3,20,599.0,0.0,599,599,5822638.0,0.0,5822638,5822638,ddos,ddos,1
443,331,2,0,0,0,0,0,0.0,0.0,0,0,0.0,0.0,0.0,6042.2960725076,331.0,0.0,331,331,331,331.0,0.0,331,331,0,0.0,0.0,0,0,0,0,0,0,64,0,6042.2960725076,0.0,0,0,0.0,0.0,0.0,0,0,0,0,1,0,0,0,0,0.0,0.0,0.0,64,0,0,0,0,0,0,2,0,0,0,1512,-1,0,32,0.0,0.0,0,0,0.0,0.0,0,0,benign,benign,0
2909,55,1,1,2,6,2,2,2.0,0.0,6,6,6.0,0.0,145454.5455,36363.63636,55.0,0.0,55,55,0,0.0,0.0,0,0,0,0.0,0.0,0,0,0,0,0,0,24,20,18181.81818,18181.81818,2,6,3.333333333,2.309401077,5.333333333,0,0,0,1,0,0,0,0,1,5.0,2.0,6.0,24,0,0,0,0,0,0,1,2,1,6,1024,0,0,24,0.0,0.0,0,0,0.0,0.0,0,0,portscan,portscan,1
3703,81,1,1,2,6,2,2,2.0,0.0,6,6,6.0,0.0,98765.4321,24691.35802,81.0,0.0,81,81,0,0.0,0.0,0,0,0,0.0,0.0,0,0,0,0,0,0,24,20,12345.67901,12345.67901,2,6,3.333333333,2.309401077,5.333333333,0,0,0,1,0,0,0,0,1,5.0,2.0,6.0,24,0,0,0,0,0,0,1,2,1,6,1024,0,0,24,0.0,0.0,0,0,0.0,0.0,0,0,portscan,portscan,1
80,990943,3,4,26,11601,20,0,8.666666667,10.26320288,8760,0,2900.25,4128.319301,11733.26821,7.063978453,165157.1667,393225.0344,967614,75,23097,11548.5,15862.52642,22765,332,990849,330283.0,552063.8059,967614,157,0,0,0,0,72,92,3.027419337,4.036559116,0,8760,1453.375,3113.952607,9696700.839,0,0,0,1,0,0,0,0,1,1661.0,8.666666667,2900.25,72,0,0,0,0,0,0,3,26,4,11601,8192,229,2,20,0.0,0.0,0,0,0.0,0.0,0,0,ddos,ddos,1
80,70306,3,4,427,2279,421,0,142.3333333333,241.3510582809,2267,0,569.75,1131.5035351248,38488.8914175177,99.5647597645,11717.6666666667,17719.973054908,36520,5,36648,18324.0,25846.1670659307,36600,48,33786,11262.0,18546.4159071234,32668,5,0,0,0,0,72,92,42.6706113276,56.8941484368,0,2267,338.25,792.9450980815,628761.928571429,0,0,0,1,0,0,0,0,1,386.5714285714,142.3333333333,569.75,72,0,0,0,0,0,0,3,427,4,2279,8192,237,2,20,0.0,0.0,0,0,0.0,0.0,0,0,benign,benign,0
49871,30201,5,1,461,6,319,6,92.2,128.0983996777,6,6,6.0,0.0,15463.0641369491,198.6689182477,6040.2,10453.2606013626,24157,1,30201,7550.25,11431.202309906,24157,1,0,0.0,0.0,0,0,1,0,0,0,100,20,165.5574318731,33.1114863746,6,319,112.2857142857,142.4087009113,20280.2380952381,0,1,0,0,1,0,0,0,0,131.0,92.2,6.0,100,0,0,0,0,0,0,5,461,1,6,343,0,4,20,0.0,0.0,0,0,0.0,0.0,0,0,benign,benign,0
32776,64,1,1,2,6,2,2,2.0,0.0,6,6,6.0,0.0,125000.0,31250.0,64.0,0.0,64,64,0,0.0,0.0,0,0,0,0.0,0.0,0,0,0,0,0,0,24,20,15625.0,15625.0,2,6,3.333333333,2.309401077,5.333333333,0,0,0,1,0,0,0,0,1,5.0,2.0,6.0,24,0,0,0,0,0,0,1,2,1,6,1024,0,0,24,0.0,0.0,0,0,0.0,0.0,0,0,portscan,portscan,1
80,273428,3,5,26,11607,20,0,8.666666667,10.26320288,7300,0,2321.4,3346.363967,42545.02099,29.25815937,39061.14286,102775.6999,272134,3,955,477.5,536.6940469,857,98,273254,68313.5,135880.9352,272134,3,0,0,0,0,72,112,10.97180976,18.28634961,0,7300,1292.555556,2662.264877,7087654.278,0,0,0,1,0,0,0,0,1,1454.125,8.666666667,2321.4,72,0,0,0,0,0,0,3,26,5,11607,8192,229,2,20,0.0,0.0,0,0,0.0,0.0,0,0,ddos,ddos,1
80,818064,4,0,24,0,6,6,6.0,0.0,0,0,0.0,0.0,29.33755794,4.88959299,272688.0,471439.3808,817059,2,818064,272688.0,471439.3808,817059,2,0,0.0,0.0,0,0,0,0,0,0,80,0,4.88959299,0.0,6,6,6.0,0.0,0.0,0,0,0,0,1,0,0,0,0,7.5,6.0,0.0,80,0,0,0,0,0,0,4,24,0,0,256,-1,3,20,0.0,0.0,0,0,0.0,0.0,0,0,ddos,ddos,1
53,30442,1,1,53,92,53,53,53.0,0.0,92,92,92.0,0.0,4763.1561658235,65.6987057355,30442.0,0.0,30442,30442,0,0.0,0.0,0,0,0,0.0,0.0,0,0,0,0,0,0,32,20,32.8493528677,32.8493528677,53,92,66.0,22.5166604984,507.0,0,0,0,0,0,0,0,0,1,99.0,53.0,92.0,32,0,0,0,0,0,0,1,53,1,92,-1,-1,0,32,0.0,0.0,0,0,0.0,0.0,0,0,benign,benign,0
53,23718,1,1,62,78,62,62,62.0,0.0,78,78,78.0,0.0,5902.6899401299,84.3241420019,23718.0,0.0,23718,23718,0,0.0,0.0,0,0,0,0.0,0.0,0,0,0,0,0,0,20,20,42.1620710009,42.1620710009,62,78,67.3333333333,9.237604307,85.3333333333,0,0,0,0,0,0,0,0,1,101.0,62.0,78.0,20,0,0,0,0,0,0,1,62,1,78,-1,-1,0,20,0.0,0.0,0,0,0.0,0.0,0,0,benign,benign,0
443,10214575,8,6,355,4869,199,0,44.375,75.50201038,1685,0,811.5,802.2258410198,511.4260749958,1.3705905532,785736.538461538,2788720.24745921,10066997,30,10214575,1459225.0,3795769.97442363,10066997,94,72183,14436.6,17777.1841077264,34552,194,0,0,0,0,172,132,0.7831946018,0.5873959514,0,1685,348.2666666667,621.3658304398,386095.495238095,0,0,0,1,0,0,0,0,0,373.1428571429,44.375,811.5,172,0,0,0,0,0,0,8,355,6,4869,8192,55,7,20,0.0,0.0,0,0,0.0,0.0,0,0,benign,benign,0
9100,81,1,1,2,6,2,2,2.0,0.0,6,6,6.0,0.0,98765.4321,24691.35802,81.0,0.0,81,81,0,0.0,0.0,0,0,0,0.0,0.0,0,0,0,0,0,0,24,20,12345.67901,12345.67901,2,6,3.333333333,2.309401077,5.333333333,0,0,0,1,0,0,0,0,1,5.0,2.0,6.0,24,0,0,0,0,0,0,1,2,1,6,1024,0,0,24,0.0,0.0,0,0,0.0,0.0,0,0,portscan,portscan,1
56738,8,1,1,2,6,2,2,2.0,0.0,6,6,6.0,0.0,1000000.0,250000.0,8.0,0.0,8,8,0,0.0,0.0,0,0,0,0.0,0.0,0,0,0,0,0,0,24,20,125000.0,125000.0,2,6,3.333333333,2.309401077,5.333333333,0,0,0,1,0,0,0,0,1,5.0,2.0,6.0,24,0,0,0,0,0,0,1,2,1,6,1024,0,0,24,0.0,0.0,0,0,0.0,0.0,0,0,portscan,portscan,1
54045,43,1,1,2,6,2,2,2.0,0.0,6,6,6.0,0.0,186046.5116,46511.62791,43.0,0.0,43,43,0,0.0,0.0,0,0,0,0.0,0.0,0,0,0,0,0,0,24,20,23255.81395,23255.81395,2,6,3.333333333,2.309401077,5.333333333,0,0,0,1,0,0,0,0,1,5.0,2.0,6.0,24,0,0,0,0,0,0,1,2,1,6,1024,0,0,24,0.0,0.0,0,0,0.0,0.0,0,0,portscan,portscan,1
4900,50,1,1,2,6,2,2,2.0,0.0,6,6,6.0,0.0,160000.0,40000.0,50.0,0.0,50,50,0,0.0,0.0,0,0,0,0.0,0.0,0,0,0,0,0,0,24,20,20000.0,20000.0,2,6,3.333333333,2.309401077,5.333333333,0,0,0,1,0,0,0,0,1,5.0,2.0,6.0,24,0,0,0,0,0,0,1,2,1,6,1024,0,0,24,0.0,0.0,0,0,0.0,0.0,0,0,portscan,portscan,1
80,3119909,4,0,24,0,6,6,6.0,0.0,0,0,0.0,0.0,7.692532058,1.282088676,1039969.667,1800415.21,3118910,3,3119909,1039969.667,1800415.21,3118910,3,0,0.0,0.0,0,0,0,0,0,0,80,0,1.282088676,0.0,6,6,6.0,0.0,0.0,0,0,0,0,1,0,0,0,0,7.5,6.0,0.0,80,0,0,0,0,0,0,4,24,0,0,256,-1,3,20,0.0,0.0,0,0,0.0,0.0,0,0,ddos,ddos,1
80,870759,3,4,26,11607,20,0,8.666666667,10.26320288,11595,0,2901.75,5795.50069,13359.60926,8.038963709,145126.5,355103.8051,869979,6,696,348.0,275.7716447,543,153,870743,290247.6667,502062.2028,869979,6,0,0,0,0,72,92,3.445270161,4.593693548,0,11595,1454.125,4097.537534,16800000.0,0,0,0,1,0,0,0,0,1,1661.857143,8.666666667,2901.75,72,0,0,0,0,0,0,3,26,4,11607,8192,229,2,20,0.0,0.0,0,0,0.0,0.0,0,0,ddos,ddos,1
80,6775847,4,0,24,0,6,6,6.0,0.0,0,0,0.0,0.0,3.54199261,0.590332102,2258615.667,3911164.168,6774839,3,6775847,2258615.667,3911164.168,6774839,3,0,0.0,0.0,0,0,0,0,0,0,80,0,0.590332102,0.0,6,6,6.0,0.0,0.0,0,0,0,0,1,0,0,0,0,7.5,6.0,0.0,80,0,0,0,0,0,0,4,24,0,0,256,-1,3,20,1008.0,0.0,1008,1008,6774839.0,0.0,6774839,6774839,ddos,ddos,1
5850,110,1,1,2,6,2,2,2.0,0.0,6,6,6.0,0.0,72727.27273,18181.81818,110.0,0.0,110,110,0,0.0,0.0,0,0,0,0.0,0.0,0,0,0,0,0,0,24,20,9090.909091,9090.909091,2,6,3.333333333,2.309401077,5.333333333,0,0,0,1,0,0,0,0,1,5.0,2.0,6.0,24,0,0,0,0,0,0,1,2,1,6,1024,0,0,24,0.0,0.0,0,0,0.0,0.0,0,0,portscan,portscan,1
49161,44,1,1,2,6,2,2,2.0,0.0,6,6,6.0,0.0,181818.1818,45454.54545,44.0,0.0,44,44,0,0.0,0.0,0,0,0,0.0,0.0,0,0,0,0,0,0,24,20,22727.27273,22727.27273,2,6,3.333333333,2.309401077,5.333333333,0,0,0,1,0,0,0,0,1,5.0,2.0,6.0,24,0,0,0,0,0,0,1,2,1,6,1024,0,0,24,0.0,0.0,0,0,0.0,0.0,0,0,portscan,portscan,1
80,782087,3,5,26,11607,20,0,8.666666667,10.26320288,10135,0,2321.4,4413.201989,14874.30427,10.22904101,111726.7143,295024.8378,780780,46,878,439.0,379.0092347,707,171,782041,195510.25,390180.0037,780780,162,0,0,0,0,72,112,3.83589038,6.393150634,0,10135,1292.555556,3350.634907,11200000.0,0,0,0,1,0,0,0,0,1,1454.125,8.666666667,2321.4,72,0,0,0,0,0,0,3,26,5,11607,8192,229,2,20,0.0,0.0,0,0,0.0,0.0,0,0,ddos,ddos,1
80,5526888,3,1,0,0,0,0,0.0,0.0,0,0,0.0,0.0,0.0,0.7237345863,1842296.0,3170889.86939881,5503700,56,5526888,2763444.0,3875307.19957425,5503700,23188,0,0.0,0.0,0,0,0,0,0,0,104,40,0.5428009397,0.1809336466,0,0,0.0,0.0,0.0,0,0,0,1,0,0,0,0,0,0.0,0.0,0.0,104,0,0,0,0,0,0,3,0,1,0,29200,28960,0,32,0.0,0.0,0,0,0.0,0.0,0,0,benign,benign,0
53,30951,1,1,45,77,45,45,45.0,0.0,77,77,77.0,0.0,3941.714322639,64.6182675842,30951.0,0.0,30951,30951,0,0.0,0.0,0,0,0,0.0,0.0,0,0,0,0,0,0,32,32,32.3091337921,32.3091337921,45,77,55.6666666667,18.4752086141,341.3333333333,0,0,0,0,0,0,0,0,1,83.5,45.0,77.0,32,0,0,0,0,0,0,1,45,1,77,-1,-1,0,32,0.0,0.0,0,0,0.0,0.0,0,0,benign,benign,0
53,63422597,2,2,91,409,48,43,45.5,3.5355339059,283,126,204.5,111.0157646463,7.8836254529,0.0630690036,21140865.6666667,36378429.7215937,63146931,48360,63374237,63374237.0,0.0,63374237,63374237,63195291,63195291.0,0.0,63195291,63195291,0,0,0,0,40,52,0.0315345018,0.0315345018,43,283,108.6,103.6788310119,10749.3,0,0,0,0,0,0,0,0,1,135.75,45.5,204.5,40,0,0,0,0,0,0,2,91,2,409,-1,-1,1,20,227306.0,0.0,227306,227306,63146931.0,0.0,63146931,63146931,benign,benign,0
9876,64,1,1,2,6,2,2,2.0,0.0,6,6,6.0,0.0,125000.0,31250.0,64.0,0.0,64,64,0,0.0,0.0,0,0,0,0.0,0.0,0,0,0,0,0,0,24,20,15625.0,15625.0,2,6,3.333333333,2.309401077,5.333333333,0,0,0,1,0,0,0,0,1,5.0,2.0,6.0,24,0,0,0,0,0,0,1,2,1,6,1024,0,0,24,0.0,0.0,0,0,0.0,0.0,0,0,portscan,portscan,1
53,62217,1,1,54,108,54,54,54.0,0.0,108,108,108.0,0.0,2603.7899609432,32.1455550734,62217.0,0.0,62217,62217,0,0.0,0.0,0,0,0,0.0,0.0,0,0,0,0,0,0,20,20,16.0727775367,16.0727775367,54,108,72.0,31.1769145362,972.0,0,0,0,0,0,0,0,0,1,108.0,54.0,108.0,20,0,0,0,0,0,0,1,54,1,108,-1,-1,0,20,0.0,0.0,0,0,0.0,0.0,0,0,benign,benign,0
443,33811,2,0,12,0,6,6,6.0,0.0,0,0,0.0,0.0,354.9140812162,59.1523468694,33811.0,0.0,33811,33811,33811,33811.0,0.0,33811,33811,0,0.0,0.0,0,0,0,0,0,0,40,0,59.1523468694,0.0,6,6,6.0,0.0,0.0,0,0,0,0,1,0,0,0,0,9.0,6.0,0.0,40,0,0,0,0,0,0,2,12,0,0,253,-1,1,20,0.0,0.0,0,0,0.0,0.0,0,0,benign,benign,0
3325,58,1,1,2,6,2,2,2.0,0.0,6,6,6.0,0.0,137931.0345,34482.75862,58.0,0.0,58,58,0,0.0,0.0,0,0,0,0.0,0.0,0,0,0,0,0,0,24,20,17241.37931,17241.37931,2,6,3.333333333,2.309401077,5.333333333,0,0,0,1,0,0,0,0,1,5.0,2.0,6.0,24,0,0,0,0,0,0,1,2,1,6,1024,0,0,24,0.0,0.0,0,0,0.0,0.0,0,0,portscan,portscan,1
80,986820,3,4,26,11601,20,0,8.666666667,10.26320288,10135,0,2900.25,4871.82583,11782.29059,7.093492228,164470.0,400559.5481,982104,115,4405,2202.5,2228.093468,3778,627,986691,328897.0,565697.7445,982104,196,0,0,0,0,72,92,3.040068098,4.05342413,0,10135,1453.375,3544.652026,12600000.0,0,0,0,1,0,0,0,0,1,1661.0,8.666666667,2900.25,72,0,0,0,0,0,0,3,26,4,11601,8192,229,2,20,0.0,0.0,0,0,0.0,0.0,0,0,ddos,ddos,1
5825,60,1,1,2,6,2,2,2.0,0.0,6,6,6.0,0.0,133333.3333,33333.33333,60.0,0.0,60,60,0,0.0,0.0,0,0,0,0.0,0.0,0,0,0,0,0,0,24,20,16666.66667,16666.66667,2,6,3.333333333,2.309401077,5.333333333,0,0,0,1,0,0,0,0,1,5.0,2.0,6.0,24,0,0,0,0,0,0,1,2,1,6,1024,0,0,24,0.0,0.0,0,0,0.0,0.0,0,0,portscan,portscan,1
443,259342,14,13,1206,4560,598,0,86.1428571429,160.305409066,1430,0,350.7692307692,533.6837630792,22233.1901504577,104.1096312977,9974.6923076923,22095.0765353175,93520,1,259342,19949.3846153846,28508.7856941752,93520,1,218681,18223.4166666667,39085.2128128886,130176,1,0,0,0,0,292,272,53.982771784,50.1268595137,0,1430,205.9285714286,397.580826031,158070.513227513,0,0,0,1,0,0,0,0,0,213.5555555556,86.1428571429,350.7692307692,292,0,0,0,0,0,0,14,1206,13,4560,8192,361,13,20,0.0,0.0,0,0,0.0,0.0,0,0,benign,benign,0
51448,193,2,1,37,6,31,6,18.5,17.6776695297,6,6,6.0,0.0,222797.92746114,15544.0414507772,96.5,50.2045814642,132,61,193,193.0,0.0,193,193,0,0.0,0.0,0,0,1,0,0,0,40,20,10362.6943005181,5181.3471502591,6,31,18.5,14.4337567297,208.3333333333,0,1,0,0,1,0,0,0,0,24.6666666667,18.5,6.0,40,0,0,0,0,0,0,2,37,1,6,110,0,1,20,0.0,0.0,0,0,0.0,0.0,0,0,benign,benign,0
443,11052596,10,10,6304,4987,2869,0,630.4,969.294153266,1451,0,498.7,629.3181583622,1021.569955149,1.8095296345,581715.578947368,2349198.05537725,10269815,73,782781,86975.6666666667,171600.517220957,537527,115,11024913,1224990.33333333,3415154.53960132,10316598,77,0,0,0,0,212,208,0.9047648172,0.9047648172,0,2869,537.6666666667,787.7314474701,620520.833333333,0,0,0,1,0,0,0,0,1,564.55,630.4,498.7,212,0,0,0,0,0,0,10,6304,10,4987,8192,21900,9,20,0.0,0.0,0,0,0.0,0.0,0,0,benign,benign,0
80,22577181,5,0,30,0,6,6,6.0,0.0,0,0,0.0,0.0,1.32877528,0.221462547,5644295.25,11300000.0,22600000,3,22600000,5644295.25,11300000.0,22600000,3,0,0.0,0.0,0,0,0,0,0,0,100,0,0.221462547,0.0,6,6,6.0,0.0,0.0,0,0,0,0,1,0,0,0,0,7.2,6.0,0.0,100,0,0,0,0,0,0,5,30,0,0,256,-1,4,20,2996.0,0.0,2996,2996,22600000.0,0.0,22600000,22600000,ddos,ddos,1
80,8719814,5,0,30,0,6,6,6.0,0.0,0,0,0.0,0.0,3.440440358,0.573406726,2179953.5,4357257.175,8715839,1,8719814,2179953.5,4357257.175,8715839,1,0,0.0,0.0,0,0,0,0,0,0,100,0,0.573406726,0.0,6,6,6.0,0.0,0.0,0,0,0,0,1,0,0,0,0,7.2,6.0,0.0,100,0,0,0,0,0,0,5,30,0,0,256,-1,4,20,3975.0,0.0,3975,3975,8715839.0,0.0,8715839,8715839,ddos,ddos,1
32784,66,1,1,2,6,2,2,2.0,0.0,6,6,6.0,0.0,121212.1212,30303.0303,66.0,0.0,66,66,0,0.0,0.0,0,0,0,0.0,0.0,0,0,0,0,0,0,24,20,15151.51515,15151.51515,2,6,3.333333333,2.309401077,5.333333333,0,0,0,1,0,0,0,0,1,5.0,2.0,6.0,24,0,0,0,0,0,0,1,2,1,6,1024,0,0,24,0.0,0.0,0,0,0.0,0.0,0,0,portscan,portscan,1
80,1249792,3,6,26,11601,20,0,8.666666667,10.26320288,4380,0,1933.5,1757.789948,9303.148044,7.201198279,156224.0,438384.9345,1241150,4,8069,4034.5,5699.987763,8065,4,1249695,249939.0,554115.1809,1241150,17,0,0,0,0,72,132,2.400399426,4.800798853,0,4380,1162.7,1645.241762,2706820.456,0,0,0,1,0,0,0,0,2,1291.888889,8.666666667,1933.5,72,0,0,0,0,0,0,3,26,6,11601,8192,229,2,20,0.0,0.0,0,0,0.0,0.0,0,0,ddos,ddos,1
80,8118808,5,0,30,0,6,6,6.0,0.0,0,0,0.0,0.0,3.695123718,0.615853953,2029702.0,4057296.121,8115646,209,8118808,2029702.0,4057296.121,8115646,209,0,0.0,0.0,0,0,0,0,0,0,100,0,0.615853953,0.0,6,6,6.0,0.0,0.0,0,0,0,0,1,0,0,0,0,7.2,6.0,0.0,100,0,0,0,0,0,0,5,30,0,0,256,-1,4,20,3162.0,0.0,3162,3162,8115646.0,0.0,8115646,8115646,ddos,ddos,1
3003,14,1,1,2,6,2,2,2.0,0.0,6,6,6.0,0.0,571428.5714,142857.1429,14.0,0.0,14,14,0,0.0,0.0,0,0,0,0.0,0.0,0,0,0,0,0,0,24,20,71428.57143,71428.57143,2,6,3.333333333,2.309401077,5.333333333,0,0,0,1,0,0,0,0,1,5.0,2.0,6.0,24,0,0,0,0,0,0,1,2,1,6,1024,0,0,24,0.0,0.0,0,0,0.0,0.0,0,0,portscan,portscan,1
80,559110,3,4,26,11607,20,0,8.666666667,10.26320288,11595,0,2901.75,5795.50069,20806.28141,12.51989769,93185.0,227713.0482,558002,5,1039,519.5,444.7701654,834,205,559010,186336.6667,321872.0072,558002,5,0,0,0,0,72,92,5.365670441,7.154227254,0,11595,1454.125,4097.537534,16800000.0,0,0,0,1,0,0,0,0,1,1661.857143,8.666666667,2901.75,72,0,0,0,0,0,0,3,26,4,11607,8192,229,2,20,0.0,0.0,0,0,0.0,0.0,0,0,ddos,ddos,1
80,1010233,3,5,26,11601,20,0,8.666666667,10.26320288,4380,0,2320.2,2207.341206,11509.22609,7.918965229,144319.0,374886.9438,994389,1,15141,7570.5,10704.88956,15140,1,1010175,252543.75,494614.1545,994389,160,0,0,0,0,72,112,2.969611961,4.949353268,0,4380,1291.888889,1980.710254,3923213.111,0,0,0,1,0,0,0,0,1,1453.375,8.666666667,2320.2,72,0,0,0,0,0,0,3,26,5,11601,8192,229,2,20,0.0,0.0,0,0,0.0,0.0,0,0,ddos,ddos,1
53,76693,1,1,56,112,56,56,56.0,0.0,112,112,112.0,0.0,2190.5519408551,26.0779992959,76693.0,0.0,76693,76693,0,0.0,0.0,0,0,0,0.0,0.0,0,0,0,0,0,0,20,20,13.0389996479,13.0389996479,56,112,74.6666666667,32.3316150746,1045.3333333333,0,0,0,0,0,0,0,0,1,112.0,56.0,112.0,20,0,0,0,0,0,0,1,56,1,112,-1,-1,0,20,0.0,0.0,0,0,0.0,0.0,0,0,benign,benign,0
53,30692,1,1,88,166,88,88,88.0,0.0,166,166,166.0,0.0,8275.7721881924,65.1635605369,30692.0,0.0,30692,30692,0,0.0,0.0,0,0,0,0.0,0.0,0,0,0,0,0,0,32,32,32.5817802685,32.5817802685,88,166,114.0,45.0333209968,2028.0,0,0,0,0,0,0,0,0,1,171.0,88.0,166.0,32,0,0,0,0,0,0,1,88,1,166,-1,-1,0,32,0.0,0.0,0,0,0.0,0.0,0,0,benign,benign,0
49874,3,2,0,37,0,31,6,18.5,17.6776695297,0,0,0.0,0.0,12333333.3333333,666666.666666667,3.0,0.0,3,3,3,3.0,0.0,3,3,0,0.0,0.0,0,0,1,0,0,0,40,0,666666.666666667,0.0,6,31,22.6666666667,14.4337567297,208.3333333333,0,1,0,0,1,0,0,0,0,34.0,18.5,0.0,40,0,0,0,0,0,0,2,37,0,0,75,-1,1,20,0.0,0.0,0,0,0.0,0.0,0,0,benign,benign,0
2042,82,1,1,2,6,2,2,2.0,0.0,6,6,6.0,0.0,97560.97561,24390.2439,82.0,0.0,82,82,0,0.0,0.0,0,0,0,0.0,0.0,0,0,0,0,0,0,24,20,12195.12195,12195.12195,2,6,3.333333333,2.309401077,5.333333333,0,0,0,1,0,0,0,0,1,5.0,2.0,6.0,24,0,0,0,0,0,0,1,2,1,6,1024,0,0,24,0.0,0.0,0,0,0.0,0.0,0,0,portscan,portscan,1
5810,69,1,1,2,6,2,2,2.0,0.0,6,6,6.0,0.0,115942.029,28985.50725,69.0,0.0,69,69,0,0.0,0.0,0,0,0,0.0,0.0,0,0,0,0,0,0,24,20,14492.75362,14492.75362,2,6,3.333333333,2.309401077,5.333333333,0,0,0,1,0,0,0,0,1,5.0,2.0,6.0,24,0,0,0,0,0,0,1,2,1,6,1024,0,0,24,0.0,0.0,0,0,0.0,0.0,0,0,portscan,portscan,1
80,9832432,4,0,24,0,6,6,6.0,0.0,0,0,0.0,0.0,2.440901702,0.40681695,3277477.333,5676049.721,9831615,260,9832432,3277477.333,5676049.721,9831615,260,0,0.0,0.0,0,0,0,0,0,0,80,0,0.40681695,0.0,6,6,6.0,0.0,0.0,0,0,0,0,1,0,0,0,0,7.5,6.0,0.0,80,0,0,0,0,0,0,4,24,0,0,256,-1,3,20,817.0,0.0,817,817,9831615.0,0.0,9831615,9831615,ddos,ddos,1
123,66027213,2,2,96,96,48,48,48.0,0.0,48,48,48.0,0.0,2.9078919324,0.0605810819,22009071.0,38073209.0616135,65972226,27204,66000009,66000009.0,0.0,66000009,66000009,65999430,65999430.0,0.0,65999430,65999430,0,0,0,0,40,40,0.030290541,0.030290541,48,48,48.0,0.0,0.0,0,0,0,0,0,0,0,0,1,60.0,48.0,48.0,40,0,0,0,0,0,0,2,96,2,96,-1,-1,1,20,27783.0,0.0,27783,27783,65972226.0,0.0,65972226,65972226,benign,benign,0
53,48197,1,1,52,100,52,52,52.0,0.0,100,100,100.0,0.0,3153.7232607839,41.4963586945,48197.0,0.0,48197,48197,0,0.0,0.0,0,0,0,0.0,0.0,0,0,0,0,0,0,20,20,20.7481793473,20.7481793473,52,100,68.0,27.7128129211,768.0,0,0,0,0,0,0,0,0,1,102.0,52.0,100.0,20,0,0,0,0,0,0,1,52,1,100,-1,-1,0,20,0.0,0.0,0,0,0.0,0.0,0,0,benign,benign,0
80,115679319,16,14,518,752,434,0,32.375,107.1104570058,746,0,53.7142857143,199.2599494944,10.9786261795,0.2593376263,3988942.03448276,4872433.07120115,10014864,42,115679319,7711954.6,4156794.17746473,10051976,307,110511080,8500852.30769231,3759419.34672214,10056397,23400,0,0,0,0,332,424,0.1383134007,0.1210242256,0,746,40.9677419355,152.0288314478,23112.7655913978,0,0,0,1,0,0,0,0,0,42.3333333333,32.375,53.7142857143,332,0,0,0,0,0,0,16,518,14,752,8192,343,15,20,47270.2727272727,33203.2009905398,147282,36112,9999178.72727273,17244.0779752988,10014864,9949648,benign,benign,0
6005,63,1,1,2,6,2,2,2.0,0.0,6,6,6.0,0.0,126984.127,31746.03175,63.0,0.0,63,63,0,0.0,0.0,0,0,0,0.0,0.0,0,0,0,0,0,0,24,20,15873.01587,15873.01587,2,6,3.333333333,2.309401077,5.333333333,0,0,0,1,0,0,0,0,1,5.0,2.0,6.0,24,0,0,0,0,0,0,1,2,1,6,1024,0,0,24,0.0,0.0,0,0,0.0,0.0,0,0,portscan,portscan,1
4045,92,1,1,2,6,2,2,2.0,0.0,6,6,6.0,0.0,86956.52174,21739.13043,92.0,0.0,92,92,0,0.0,0.0,0,0,0,0.0,0.0,0,0,0,0,0,0,24,20,10869.56522,10869.56522,2,6,3.333333333,2.309401077,5.333333333,0,0,0,1,0,0,0,0,1,5.0,2.0,6.0,24,0,0,0,0,0,0,1,2,1,6,1024,0,0,24,0.0,0.0,0,0,0.0,0.0,0,0,portscan,portscan,1
123,66080979,2,2,96,96,48,48,48.0,0.0,48,48,48.0,0.0,2.9055259608,0.0605317909,22026993.0,38011290.8433324,65918651,80873,66000106,66000106.0,0.0,66000106,66000106,65999524,65999524.0,0.0,65999524,65999524,0,0,0,0,40,52,0.0302658954,0.0302658954,48,48,48.0,0.0,0.0,0,0,0,0,0,0,0,0,1,60.0,48.0,48.0,40,0,0,0,0,0,0,2,96,2,96,-1,-1,1,20,81455.0,0.0,81455,81455,65918651.0,0.0,65918651,65918651,benign,benign,0
53,61176,1,1,55,152,55,55,55.0,0.0,152,152,152.0,0.0,3383.6798744606,32.6925591735,61176.0,0.0,61176,61176,0,0.0,0.0,0,0,0,0.0,0.0,0,0,0,0,0,0,20,20,16.3462795868,16.3462795868,55,152,87.3333333333,56.0029761114,3136.3333333333,0,0,0,0,0,0,0,0,1,131.0,55.0,152.0,20,0,0,0,0,0,0,1,55,1,152,-1,-1,0,20,0.0,0.0,0,0,0.0,0.0,0,0,benign,benign,0
80,1618505,3,5,26,11607,20,0,8.666666667,10.26320288,7215,0,2321.4,3327.769794,7187.497104,4.942833047,231215.0,611236.4833,1617369,3,904,452.0,452.54834,772,132,1618259,404564.75,808536.246,1617369,3,0,0,0,0,72,112,1.853562392,3.089270654,0,7215,1292.555556,2650.585648,7025604.278,0,0,0,1,0,0,0,0,1,1454.125,8.666666667,2321.4,72,0,0,0,0,0,0,3,26,5,11607,8192,229,2,20,0.0,0.0,0,0,0.0,0.0,0,0,ddos,ddos,1
53,23263,1,1,43,87,43,43,43.0,0.0,87,87,87.0,0.0,5588.2732235739,85.9734342088,23263.0,0.0,23263,23263,0,0.0,0.0,0,0,0,0.0,0.0,0,0,0,0,0,0,20,20,42.9867171044,42.9867171044,43,87,57.6666666667,25.4034118443,645.3333333333,0,0,0,0,0,0,0,0,1,86.5,43.0,87.0,20,0,0,0,0,0,0,1,43,1,87,-1,-1,0,20,0.0,0.0,0,0,0.0,0.0,0,0,benign,benign,0
53,30977,1,1,52,138,52,52,52.0,0.0,138,138,138.0,0.0,6133.5829809213,64.5640313781,30977.0,0.0,30977,30977,0,0.0,0.0,0,0,0,0.0,0.0,0,0,0,0,0,0,20,20,32.2820156891,32.2820156891,52,138,80.6666666667,49.6521231503,2465.3333333333,0,0,0,0,0,0,0,0,1,121.0,52.0,138.0,20,0,0,0,0,0,0,1,52,1,138,-1,-1,0,20,0.0,0.0,0,0,0.0,0.0,0,0,benign,benign,0
53,49204,1,1,56,112,56,56,56.0,0.0,112,112,112.0,0.0,3414.3565563775,40.6471018616,49204.0,0.0,49204,49204,0,0.0,0.0,0,0,0,0.0,0.0,0,0,0,0,0,0,20,20,20.3235509308,20.3235509308,56,112,74.6666666667,32.3316150746,1045.3333333333,0,0,0,0,0,0,0,0,1,112.0,56.0,112.0,20,0,0,0,0,0,0,1,56,1,112,-1,-1,0,20,0.0,0.0,0,0,0.0,0.0,0,0,benign,benign,0
123,67022227,2,2,96,96,48,48,48.0,0.0,48,48,48.0,0.0,2.8647212812,0.0596816934,22340742.3333333,38653495.1584466,66973954,23686,66998541,66998541.0,0.0,66998541,66998541,66997640,66997640.0,0.0,66997640,66997640,0,0,0,0,52,40,0.0298408467,0.0298408467,48,48,48.0,0.0,0.0,0,0,0,0,0,0,0,0,1,60.0,48.0,48.0,52,0,0,0,0,0,0,2,96,2,96,-1,-1,1,20,24587.0,0.0,24587,24587,66973954.0,0.0,66973954,66973954,benign,benign,0
80,91275,3,4,26,11607,20,0,8.666666667,10.26320288,11595,0,2901.75,5795.50069,127450.0137,76.69131745,15212.5,36716.90223,90157,4,1033,516.5,703.5712473,1014,19,91198,30399.33333,51754.23477,90157,4,0,0,0,0,72,92,32.86770748,43.82360997,0,11595,1454.125,4097.537534,16800000.0,0,0,0,1,0,0,0,0,1,1661.857143,8.666666667,2901.75,72,0,0,0,0,0,0,3,26,4,11607,8192,229,2,20,0.0,0.0,0,0,0.0,0.0,0,0,ddos,ddos,1
687,37,1,1,2,6,2,2,2.0,0.0,6,6,6.0,0.0,216216.2162,54054.05405,37.0,0.0,37,37,0,0.0,0.0,0,0,0,0.0,0.0,0,0,0,0,0,0,24,20,27027.02703,27027.02703,2,6,3.333333333,2.309401077,5.333333333,0,0,0,1,0,0,0,0,1,5.0,2.0,6.0,24,0,0,0,0,0,0,1,2,1,6,1024,0,0,24,0.0,0.0,0,0,0.0,0.0,0,0,portscan,portscan,1
465,94,1,1,2,6,2,2,2.0,0.0,6,6,6.0,0.0,85106.38298,21276.59574,94.0,0.0,94,94,0,0.0,0.0,0,0,0,0.0,0.0,0,0,0,0,0,0,24,20,10638.29787,10638.29787,2,6,3.333333333,2.309401077,5.333333333,0,0,0,1,0,0,0,0,1,5.0,2.0,6.0,24,0,0,0,0,0,0,1,2,1,6,1024,0,0,24,0.0,0.0,0,0,0.0,0.0,0,0,portscan,portscan,1
80,35,1,1,6,6,6,6,6.0,0.0,6,6,6.0,0.0,342857.142857143,57142.8571428571,35.0,0.0,35,35,0,0.0,0.0,0,0,0,0.0,0.0,0,0,0,0,0,0,20,20,28571.4285714286,28571.4285714286,6,6,6.0,0.0,0.0,0,0,0,0,1,0,0,0,1,9.0,6.0,6.0,20,0,0,0,0,0,0,1,6,1,6,255,343,0,20,0.0,0.0,0,0,0.0,0.0,0,0,benign,benign,0
80,11540710,5,0,30,0,6,6,6.0,0.0,0,0,0.0,0.0,2.599493445,0.433248908,2885177.5,5770353.667,11500000,0,11500000,2885177.5,5770353.667,11500000,0,0,0.0,0.0,0,0,0,0,0,0,100,0,0.433248908,0.0,6,6,6.0,0.0,0.0,0,0,0,0,1,0,0,0,0,7.2,6.0,0.0,100,0,0,0,0,0,0,5,30,0,0,256,-1,4,20,2.0,0.0,2,2,11500000.0,0.0,11500000,11500000,ddos,ddos,1
80,68561,3,5,434,2281,428,0,144.6666666667,245.3922030818,1460,2,456.2,659.9872726046,39599.7724653958,116.6844124211,9794.4285714286,16472.8216046629,35193,1,32830,16415.0,22922.9876325055,32624,206,35991,8997.75,17638.2029956758,35453,1,0,0,0,0,72,104,43.7566546579,72.9277577632,0,1460,301.6666666667,518.0637026467,268390.0,0,0,0,1,0,0,0,0,1,339.375,144.6666666667,456.2,72,0,0,0,0,0,0,3,434,5,2281,8192,30016,2,20,0.0,0.0,0,0,0.0,0.0,0,0,benign,benign,0
80,406746,3,4,26,11601,20,0,8.666666667,10.26320288,5840,0,2900.25,3345.636997,28585.40711,17.20975744,67791.0,158260.4884,390582,1,15993,7996.5,11307.34454,15992,1,406606,135535.3333,221016.5212,390582,157,0,0,0,0,72,92,7.375610332,9.834147109,0,5840,1453.375,2681.356423,7189672.268,0,0,0,1,0,0,0,0,1,1661.0,8.666666667,2900.25,72,0,0,0,0,0,0,3,26,4,11601,8192,229,2,20,0.0,0.0,0,0,0.0,0.0,0,0,ddos,ddos,1
47131,452,2,0,0,0,0,0,0.0,0.0,0,0,0.0,0.0,0.0,4424.778761062,452.0,0.0,452,452,452,452.0,0.0,452,452,0,0.0,0.0,0,0,0,0,0,0,64,0,4424.778761062,0.0,0,0,0.0,0.0,0.0,0,0,0,0,1,0,0,0,0,0.0,0.0,0.0,64,0,0,0,0,0,0,2,0,0,0,905,-1,0,32,0.0,0.0,0,0,0.0,0.0,0,0,benign,benign,0
53,62722,4,2,184,348,46,46,46.0,0.0,174,174,174.0,0.0,8481.8723892733,95.6602149166,12544.4,17173.3463337813,31588,3,31131,10377.0,17967.4290592728,31124,3,3,3.0,0.0,3,3,0,0,0,0,80,40,63.7734766111,31.8867383055,46,174,82.5714285714,62.4576046687,3900.9523809524,0,0,0,0,0,0,0,0,0,96.3333333333,46.0,174.0,80,0,0,0,0,0,0,4,184,2,348,-1,-1,3,20,0.0,0.0,0,0,0.0,0.0,0,0,benign,benign,0
443,2562172,2,0,12,0,6,6,6.0,0.0,0,0,0.0,0.0,4.6835263206,0.7805877201,2562172.0,0.0,2562172,2562172,2562172,2562172.0,0.0,2562172,2562172,0,0.0,0.0,0,0,0,0,0,0,40,0,0.7805877201,0.0,6,6,6.0,0.0,0.0,0,0,0,0,1,0,0,0,0,9.0,6.0,0.0,40,0,0,0,0,0,0,2,12,0,0,63598,-1,1,20,0.0,0.0,0,0,0.0,0.0,0,0,benign,benign,0
53,49843,1,1,55,94,55,55,55.0,0.0,94,94,94.0,0.0,2989.3866741569,40.1259956263,49843.0,0.0,49843,49843,0,0.0,0.0,0,0,0,0.0,0.0,0,0,0,0,0,0,20,20,20.0629978131,20.0629978131,55,94,68.0,22.5166604984,507.0,0,0,0,0,0,0,0,0,1,102.0,55.0,94.0,20,0,0,0,0,0,0,1,55,1,94,-1,-1,0,20,0.0,0.0,0,0,0.0,0.0,0,0,benign,benign,0
443,119200551,71,98,290,167539,106,0,4.0845070423,16.2636724713,4254,0,1709.5816326531,781.8088452985,1407.9549011481,1.4177786812,709527.089285714,6369085.35105555,58841742,1,119200551,1702865.01428571,9828219.23640779,58918094,1,119164198,1228496.88659794,8370580.81418529,58878189,1,1,0,0,0,2272,3136,0.5956348306,0.8221438507,0,4254,987.5,1031.9043190474,1064826.52366864,0,1,0,0,1,0,0,0,1,993.3431952663,4.0845070423,1709.5816326531,2272,0,0,0,0,0,0,71,290,98,167539,2472,370,4,32,1034895.0,1349789.06353919,1989340,80450,58546983.0,416852.175431531,58841742,58252224,benign,benign,0
80,983275,3,5,26,11601,20,0,8.666666667,10.26320288,5840,0,2320.2,2436.833027,11824.76927,8.136075869,140467.8571,369543.9479,978510,14,4115,2057.5,2123.441664,3559,556,983261,245815.25,488466.5754,978510,165,0,0,0,0,72,112,3.051028451,5.085047418,0,5840,1291.888889,2110.95076,4456113.111,0,0,0,1,0,0,0,0,1,1453.375,8.666666667,2320.2,72,0,0,0,0,0,0,3,26,5,11601,8192,229,2,20,0.0,0.0,0,0,0.0,0.0,0,0,ddos,ddos,1
443,60753683,14,13,1063,5304,688,0,75.9285714286,184.9301174813,2920,0,408.0,846.4592921891,104.8002307942,0.4444175014,2336680.11538461,4182222.04906049,10001927,27,60753683,4673360.23076923,5143505.5727555,10230678,464,60527618,5043968.16666667,5192235.17343316,10231589,191,0,0,0,0,292,332,0.2304387044,0.213978797,0,2920,227.3928571429,603.6752462293,364423.802910053,0,0,0,1,0,0,0,0,0,235.8148148148,75.9285714286,408.0,292,0,0,0,0,0,0,14,1063,13,5304,8192,115,13,20,312456.0,210774.727616002,742685,225292,9813122.0,459363.256433511,10001927,8875452,benign,benign,0
51492,3,2,0,12,0,6,6,6.0,0.0,0,0,0.0,0.0,4000000.0,666666.666666667,3.0,0.0,3,3,3,3.0,0.0,3,3,0,0.0,0.0,0,0,0,0,0,0,40,0,666666.666666667,0.0,6,6,6.0,0.0,0.0,0,0,0,0,1,0,0,0,0,9.0,6.0,0.0,40,0,0,0,0,0,0,2,12,0,0,4957,-1,1,20,0.0,0.0,0,0,0.0,0.0,0,0,benign,benign,0
443,102831,5,5,1312,692,738,0,262.4,342.8925487671,543,0,138.4,233.4080118591,19488.2866061791,97.2469391526,11425.6666666667,16697.2317990139,34001,20,67829,16957.25,19247.3275266118,33646,122,69206,17301.5,19405.2751333239,34649,466,0,0,0,0,112,112,48.6234695763,48.6234695763,0,738,182.1818181818,276.2548888913,76316.7636363636,0,0,0,1,0,0,0,0,1,200.4,262.4,138.4,112,0,0,0,0,0,0,5,1312,5,692,8192,134,4,20,0.0,0.0,0,0,0.0,0.0,0,0,benign,benign,0
53,60221,1,1,58,282,58,58,58.0,0.0,282,282,282.0,0.0,5645.8710416632,33.2110061274,60221.0,0.0,60221,60221,0,0.0,0.0,0,0,0,0.0,0.0,0,0,0,0,0,0,32,20,16.6055030637,16.6055030637,58,282,132.6666666667,129.3264602985,16725.3333333333,0,0,0,0,0,0,0,0,1,199.0,58.0,282.0,32,0,0,0,0,0,0,1,58,1,282,-1,-1,0,32,0.0,0.0,0,0,0.0,0.0,0,0,benign,benign,0
80,1717810,3,6,26,11607,20,0,8.666666667,10.26320288,5840,0,1934.5,2538.919278,6771.994574,5.239229018,214726.25,606900.4112,1716728,2,767,383.5,536.6940469,763,4,1717805,343561.0,767623.7509,1716728,2,0,0,0,0,72,132,1.746409673,3.492819346,0,5840,1163.3,2138.329153,4572451.567,0,0,0,1,0,0,0,0,2,1292.555556,8.666666667,1934.5,72,0,0,0,0,0,0,3,26,6,11607,8192,229,2,20,0.0,0.0,0,0,0.0,0.0,0,0,ddos,ddos,1
80,6,1,1,6,6,6,6,6.0,0.0,6,6,6.0,0.0,2000000.0,333333.333333333,6.0,0.0,6,6,0,0.0,0.0,0,0,0,0.0,0.0,0,0,0,0,0,0,20,20,166666.666666667,166666.666666667,6,6,6.0,0.0,0.0,0,0,0,0,1,0,0,0,1,9.0,6.0,6.0,20,0,0,0,0,0,0,1,6,1,6,255,343,0,20,0.0,0.0,0,0,0.0,0.0,0,0,benign,benign,0
123,69024097,2,2,96,96,48,48,48.0,0.0,48,48,48.0,0.0,2.7816372592,0.0579507762,23008032.3333333,39809714.4144727,68976331,23707,69000038,69000038.0,0.0,69000038,69000038,69000390,69000390.0,0.0,69000390,69000390,0,0,0,0,40,40,0.0289753881,0.0289753881,48,48,48.0,0.0,0.0,0,0,0,0,0,0,0,0,1,60.0,48.0,48.0,40,0,0,0,0,0,0,2,96,2,96,-1,-1,1,20,23707.0,0.0,23707,23707,68976331.0,0.0,68976331,68976331,benign,benign,0
53,178927,1,1,54,119,54,54,54.0,0.0,119,119,119.0,0.0,966.8747589799,11.1777428784,178927.0,0.0,178927,178927,0,0.0,0.0,0,0,0,0.0,0.0,0,0,0,0,0,0,32,20,5.5888714392,5.5888714392,54,119,75.6666666667,37.5277674973,1408.3333333333,0,0,0,0,0,0,0,0,1,113.5,54.0,119.0,32,0,0,0,0,0,0,1,54,1,119,-1,-1,0,32,0.0,0.0,0,0,0.0,0.0,0,0,benign,benign,0
1092,46,1,1,2,6,2,2,2.0,0.0,6,6,6.0,0.0,173913.0435,43478.26087,46.0,0.0,46,46,0,0.0,0.0,0,0,0,0.0,0.0,0,0,0,0,0,0,24,20,21739.13043,21739.13043,2,6,3.333333333,2.309401077,5.333333333,0,0,0,1,0,0,0,0,1,5.0,2.0,6.0,24,0,0,0,0,0,0,1,2,1,6,1024,0,0,24,0.0,0.0,0,0,0.0,0.0,0,0,portscan,portscan,1
53,63845,1,1,62,230,62,62,62.0,0.0,230,230,230.0,0.0,4573.576630903,31.325867335,63845.0,0.0,63845,63845,0,0.0,0.0,0,0,0,0.0,0.0,0,0,0,0,0,0,32,32,15.6629336675,15.6629336675,62,230,118.0,96.9948452239,9408.0,0,0,0,0,0,0,0,0,1,177.0,62.0,230.0,32,0,0,0,0,0,0,1,62,1,230,-1,-1,0,32,0.0,0.0,0,0,0.0,0.0,0,0,benign,benign,0
80,60715,3,6,26,11607,20,0,8.666666667,10.26320288,4380,0,1934.5,2177.344966,191600.0988,148.2335502,7589.375,21009.6102,59581,3,844,422.0,592.5554826,841,3,60698,12139.6,26522.75626,59581,19,0,0,0,0,72,132,49.4111834,98.8223668,0,4380,1163.3,1903.962654,3625073.789,0,0,0,1,0,0,0,0,2,1292.555556,8.666666667,1934.5,72,0,0,0,0,0,0,3,26,6,11607,8192,229,2,20,0.0,0.0,0,0,0.0,0.0,0,0,ddos,ddos,1
53,88358,1,1,64,117,64,64,64.0,0.0,117,117,117.0,0.0,2048.4845741189,22.6351886643,88358.0,0.0,88358,88358,0,0.0,0.0,0,0,0,0.0,0.0,0,0,0,0,0,0,20,20,11.3175943321,11.3175943321,64,117,81.6666666667,30.5995642671,936.3333333333,0,0,0,0,0,0,0,0,1,122.5,64.0,117.0,20,0,0,0,0,0,0,1,64,1,117,-1,-1,0,20,0.0,0.0,0,0,0.0,0.0,0,0,benign,benign,0
51396,2,2,0,37,0,31,6,18.5,17.6776695297,0,0,0.0,0.0,18500000.0,1000000.0,2.0,0.0,2,2,2,2.0,0.0,2,2,0,0.0,0.0,0,0,1,0,0,0,40,0,1000000.0,0.0,6,31,22.6666666667,14.4337567297,208.3333333333,0,1,0,0,1,0,0,0,0,34.0,18.5,0.0,40,0,0,0,0,0,0,2,37,0,0,946,-1,1,20,0.0,0.0,0,0,0.0,0.0,0,0,benign,benign,0
80,1009136,4,0,24,0,6,6,6.0,0.0,0,0,0.0,0.0,23.78272106,3.963786843,336378.6667,581359.828,1007675,313,1009136,336378.6667,581359.828,1007675,313,0,0.0,0.0,0,0,0,0,0,0,80,0,3.963786843,0.0,6,6,6.0,0.0,0.0,0,0,0,0,1,0,0,0,0,7.5,6.0,0.0,80,0,0,0,0,0,0,4,24,0,0,256,-1,3,20,0.0,0.0,0,0,0.0,0.0,0,0,ddos,ddos,1
1719,53,1,1,2,6,2,2,2.0,0.0,6,6,6.0,0.0,150943.3962,37735.84906,53.0,0.0,53,53,0,0.0,0.0,0,0,0,0.0,0.0,0,0,0,0,0,0,24,20,18867.92453,18867.92453,2,6,3.333333333,2.309401077,5.333333333,0,0,0,1,0,0,0,0,1,5.0,2.0,6.0,24,0,0,0,0,0,0,1,2,1,6,1024,0,0,24,0.0,0.0,0,0,0.0,0.0,0,0,portscan,portscan,1
1501,75,1,1,2,6,2,2,2.0,0.0,6,6,6.0,0.0,106666.6667,26666.66667,75.0,0.0,75,75,0,0.0,0.0,0,0,0,0.0,0.0,0,0,0,0,0,0,24,20,13333.33333,13333.33333,2,6,3.333333333,2.309401077,5.333333333,0,0,0,1,0,0,0,0,1,5.0,2.0,6.0,24,0,0,0,0,0,0,1,2,1,6,1024,0,0,24,0.0,0.0,0,0,0.0,0.0,0,0,portscan,portscan,1
1073,58,1,1,2,6,2,2,2.0,0.0,6,6,6.0,0.0,137931.0345,34482.75862,58.0,0.0,58,58,0,0.0,0.0,0,0,0,0.0,0.0,0,0,0,0,0,0,24,20,17241.37931,17241.37931,2,6,3.333333333,2.309401077,5.333333333,0,0,0,1,0,0,0,0,1,5.0,2.0,6.0,24,0,0,0,0,0,0,1,2,1,6,1024,0,0,24,0.0,0.0,0,0,0.0,0.0,0,0,portscan,portscan,1
80,115096525,16,14,435,746,435,0,27.1875,108.75,746,0,53.2857142857,199.3768864667,10.260952709,0.2606507885,3968845.68965517,4973107.92739449,10203671,29,115096525,7673101.66666667,4422800.21509968,10240027,78,112604139,8661856.84615385,3831495.74691464,10242436,21322,0,0,0,0,520,456,0.1390137539,0.1216370347,0,746,38.0967741935,152.8341922561,23358.2903225806,0,0,0,1,0,0,0,0,0,39.3666666667,27.1875,53.2857142857,520,0,0,0,0,0,0,16,435,14,746,29200,340,1,32,42144.0,17356.4653890128,94417,36341,10194622.4545455,28087.9088732627,10203671,10109971,benign,benign,0
80,896737,3,5,26,11607,20,0,8.666666667,10.26320288,10220,0,2321.4,4455.182578,12972.5884,8.921233316,128105.2857,338422.8626,895576,1,914,457.0,436.9919908,766,148,896691,224172.75,447602.3443,895576,1,0,0,0,0,72,112,3.345462493,5.575770822,0,10220,1292.555556,3378.299021,11400000.0,0,0,0,1,0,0,0,0,1,1454.125,8.666666667,2321.4,72,0,0,0,0,0,0,3,26,5,11607,8192,229,2,20,0.0,0.0,0,0,0.0,0.0,0,0,ddos,ddos,1
53,50810,2,2,84,140,42,42,42.0,0.0,70,70,70.0,0.0,4408.5809879945,78.7246604999,16936.6666666667,29329.9710251022,50804,3,3,3.0,0.0,3,3,3,3.0,0.0,3,3,0,0,0,0,64,40,39.36233025,39.36233025,42,70,53.2,15.3362316101,235.2,0,0,0,0,0,0,0,0,1,66.5,42.0,70.0,64,0,0,0,0,0,0,2,84,2,140,-1,-1,1,32,0.0,0.0,0,0,0.0,0.0,0,0,benign,benign,0
53,30665,1,1,53,106,53,53,53.0,0.0,106,106,106.0,0.0,5185.0644056742,65.2209359204,30665.0,0.0,30665,30665,0,0.0,0.0,0,0,0,0.0,0.0,0,0,0,0,0,0,20,32,32.6104679602,32.6104679602,53,106,70.6666666667,30.5995642671,936.3333333333,0,0,0,0,0,0,0,0,1,106.0,53.0,106.0,20,0,0,0,0,0,0,1,53,1,106,-1,-1,0,20,0.0,0.0,0,0,0.0,0.0,0,0,benign,benign,0
443,67428045,32,43,2542,44066,453,0,79.4375,145.663318716,3297,0,1024.7906976744,960.8493405053,691.225735523,1.1122968195,911189.797297297,2747205.97625586,10002109,2,63533619,2049471.58064516,4042697.52048011,10218815,48,67207941,1600189.07142857,3607217.07402425,10227774,3,0,0,0,0,652,944,0.4745799763,0.6377168432,0,3297,613.2631578947,865.7240571671,749478.143157895,0,0,0,1,0,0,0,0,1,621.44,79.4375,1024.7906976744,652,0,0,0,0,0,0,32,2542,43,44066,8192,173,31,20,606310.666666667,953782.024850472,2553210,216686,9982625.83333333,47050.9618707914,10002109,9886585,benign,benign,0
8443,43,1,1,2,6,2,2,2.0,0.0,6,6,6.0,0.0,186046.5116,46511.62791,43.0,0.0,43,43,0,0.0,0.0,0,0,0,0.0,0.0,0,0,0,0,0,0,24,20,23255.81395,23255.81395,2,6,3.333333333,2.309401077,5.333333333,0,0,0,1,0,0,0,0,1,5.0,2.0,6.0,24,0,0,0,0,0,0,1,2,1,6,1024,0,0,24,0.0,0.0,0,0,0.0,0.0,0,0,portscan,portscan,1
53,30892,2,2,80,168,40,40,40.0,0.0,84,84,84.0,0.0,8027.9684060598,129.4833613881,10297.3333333333,17789.6193982146,30839,4,49,49.0,0.0,49,49,4,4.0,0.0,4,4,0,0,0,0,40,40,64.741680694,64.741680694,40,84,57.6,24.0997925302,580.8,0,0,0,0,0,0,0,0,1,72.0,40.0,84.0,40,0,0,0,0,0,0,2,80,2,168,-1,-1,1,20,0.0,0.0,0,0,0.0,0.0,0,0,benign,benign,0
4001,72,1,1,2,6,2,2,2.0,0.0,6,6,6.0,0.0,111111.1111,27777.77778,72.0,0.0,72,72,0,0.0,0.0,0,0,0,0.0,0.0,0,0,0,0,0,0,24,20,13888.88889,13888.88889,2,6,3.333333333,2.309401077,5.333333333,0,0,0,1,0,0,0,0,1,5.0,2.0,6.0,24,0,0,0,0,0,0,1,2,1,6,1024,0,0,24,0.0,0.0,0,0,0.0,0.0,0,0,portscan,portscan,1
53,31567,2,2,88,120,44,44,44.0,0.0,60,60,60.0,0.0,6589.1595653689,126.7146070263,10522.3333333333,18032.2076389258,31344,47,47,47.0,0.0,47,47,176,176.0,0.0,176,176,0,0,0,0,40,40,63.3573035132,63.3573035132,44,60,50.4,8.7635609201,76.8,0,0,0,0,0,0,0,0,1,63.0,44.0,60.0,40,0,0,0,0,0,0,2,88,2,120,-1,-1,1,20,0.0,0.0,0,0,0.0,0.0,0,0,benign,benign,0
80,115679407,16,14,518,752,434,0,32.375,107.1104570058,746,0,53.7142857143,199.2599494944,10.9786178278,0.259337429,3988945.06896552,4872480.99743308,10014860,45,115679407,7711960.46666667,4156945.05030538,10051976,199,110511621,8500893.92307693,3759572.89870974,10056393,22920,0,0,0,0,332,424,0.1383132955,0.1210241335,0,746,40.9677419355,152.0288314478,23112.7655913978,0,0,0,1,0,0,0,0,0,42.3333333333,32.375,53.7142857143,332,0,0,0,0,0,0,16,518,14,752,8192,343,15,20,47215.8181818182,32938.0898681699,146428,36192,9999242.18181818,17249.3990087666,10014860,9949642,benign,benign,0
123,67999775,4,4,192,192,48,48,48.0,0.0,48,48,48.0,0.0,5.6470775087,0.1176474481,9714253.57142857,25701357.5750294,67999454,1,67999622,22666540.6666667,39259598.334442,67999620,1,67999611,22666537.0,39259588.5194874,67999605,3,0,0,0,0,80,80,0.058823724,0.058823724,48,48,48.0,0.0,0.0,0,0,0,0,0,0,0,0,1,54.0,48.0,48.0,80,0,0,0,0,0,0,4,192,4,192,-1,-1,3,20,167.0,0.0,167,167,67999454.0,0.0,67999454,67999454,benign,benign,0
2068,48,1,1,2,6,2,2,2.0,0.0,6,6,6.0,0.0,166666.6667,41666.66667,48.0,0.0,48,48,0,0.0,0.0,0,0,0,0.0,0.0,0,0,0,0,0,0,24,20,20833.33333,20833.33333,2,6,3.333333333,2.309401077,5.333333333,0,0,0,1,0,0,0,0,1,5.0,2.0,6.0,24,0,0,0,0,0,0,1,2,1,6,1024,0,0,24,0.0,0.0,0,0,0.0,0.0,0,0,portscan,portscan,1
443,5881041,8,6,616,4026,342,0,77.0,126.0918032909,1460,0,671.0,723.6076284838,789.3160411567,2.3805309298,452387.769230769,1426259.93261456,5192848,3,5881041,840148.714285714,1922791.94245536,5192848,3,334685,66937.0,92415.4183348212,195611,48,0,0,0,0,172,128,1.3603033885,1.0202275413,0,1460,309.4666666667,537.2993135869,288690.552380952,0,0,0,1,0,0,0,0,0,331.5714285714,77.0,671.0,172,0,0,0,0,0,0,8,616,6,4026,8192,4919,7,20,688190.0,0.0,688190,688190,5192848.0,0.0,5192848,5192848,benign,benign,0
8652,68,1,1,2,6,2,2,2.0,0.0,6,6,6.0,0.0,117647.0588,29411.76471,68.0,0.0,68,68,0,0.0,0.0,0,0,0,0.0,0.0,0,0,0,0,0,0,24,20,14705.88235,14705.88235,2,6,3.333333333,2.309401077,5.333333333,0,0,0,1,0,0,0,0,1,5.0,2.0,6.0,24,0,0,0,0,0,0,1,2,1,6,1024,0,0,24,0.0,0.0,0,0,0.0,0.0,0,0,portscan,portscan,1
80,118743563,29,20,3466,1854,459,0,119.5172413793,187.8623395486,225,0,92.7,109.5810682842,44.8024285746,0.4126539474,2473824.22916667,4222932.74262536,10128034,1,118743563,4240841.53571429,4941345.89117221,10240071,189,115445359,6076071.52631579,5027526.25351721,10324001,148503,0,0,0,0,600,412,0.2442237648,0.1684301826,0,459,106.4,158.8478928448,25232.6530612245,0,0,0,1,0,0,0,0,0,108.5714285714,119.5172413793,92.7,600,0,0,0,0,0,0,29,3466,20,1854,29200,512,28,20,399945.090909091,834514.607451236,2916101,147946,10094978.8181818,10970.1684747154,10128034,10090750,benign,benign,0
80,106,2,0,12,0,6,6,6.0,0.0,0,0,0.0,0.0,113207.547169811,18867.9245283019,106.0,0.0,106,106,106,106.0,0.0,106,106,0,0.0,0.0,0,0,0,0,0,0,40,0,18867.9245283019,0.0,6,6,6.0,0.0,0.0,0,0,0,0,1,0,0,0,0,9.0,6.0,0.0,40,0,0,0,0,0,0,2,12,0,0,256,-1,1,20,0.0,0.0,0,0,0.0,0.0,0,0,benign,benign,0
53,60288,1,1,50,166,50,50,50.0,0.0,166,166,166.0,0.0,3582.8025477707,33.1740976645,60288.0,0.0,60288,60288,0,0.0,0.0,0,0,0,0.0,0.0,0,0,0,0,0,0,44,32,16.5870488323,16.5870488323,50,166,88.6666666667,66.972631226,4485.3333333333,0,0,0,0,0,0,0,0,1,133.0,50.0,166.0,44,0,0,0,0,0,0,1,50,1,166,-1,-1,0,44,0.0,0.0,0,0,0.0,0.0,0,0,benign,benign,0
53,70857,4,2,180,232,45,45,45.0,0.0,116,116,116.0,0.0,5814.5278518707,84.6775900758,14171.4,19676.0020532628,40061,3,30793,10264.3333333333,17773.1506867334,30787,3,3,3.0,0.0,3,3,0,0,0,0,80,40,56.4517267172,28.2258633586,45,116,65.2857142857,34.6444525897,1200.2380952381,0,0,0,0,0,0,0,0,0,76.1666666667,45.0,116.0,80,0,0,0,0,0,0,4,180,2,232,-1,-1,3,20,0.0,0.0,0,0,0.0,0.0,0,0,benign,benign,0
80,5078207,3,1,12,0,6,0,4.0,3.4641016151,0,0,0.0,0.0,2.3630387655,0.7876795885,1692735.66666667,2910968.43177221,5054004,118,5078207,2539103.5,3556606.39511888,5054004,24203,0,0.0,0.0,0,0,0,0,0,0,72,32,0.5907596914,0.1969198971,0,6,2.4,3.286335345,10.8,0,0,0,1,0,0,0,0,0,3.0,4.0,0.0,72,0,0,0,0,0,0,3,12,1,0,8192,65535,2,20,0.0,0.0,0,0,0.0,0.0,0,0,benign,benign,0
900,53,1,1,2,6,2,2,2.0,0.0,6,6,6.0,0.0,150943.3962,37735.84906,53.0,0.0,53,53,0,0.0,0.0,0,0,0,0.0,0.0,0,0,0,0,0,0,24,20,18867.92453,18867.92453,2,6,3.333333333,2.309401077,5.333333333,0,0,0,1,0,0,0,0,1,5.0,2.0,6.0,24,0,0,0,0,0,0,1,2,1,6,1024,0,0,24,0.0,0.0,0,0,0.0,0.0,0,0,portscan,portscan,1
80,1129058,4,0,24,0,6,6,6.0,0.0,0,0,0.0,0.0,21.25665821,3.542776368,376352.6667,651857.6101,1129053,1,1129058,376352.6667,651857.6101,1129053,1,0,0.0,0.0,0,0,0,0,0,0,80,0,3.542776368,0.0,6,6,6.0,0.0,0.0,0,0,0,0,1,0,0,0,0,7.5,6.0,0.0,80,0,0,0,0,0,0,4,24,0,0,256,-1,3,20,0.0,0.0,0,0,0.0,0.0,0,0,ddos,ddos,1
443,60886901,14,12,1050,4067,733,0,75.0,198.2414999633,1613,0,338.9166666667,616.2523772159,84.0410649246,0.4270212406,2435476.04,4381122.69995735,10189528,17,60886901,4683607.76923077,5235384.78241711,10240043,195,60835996,5530545.09090909,5269169.30642464,10239920,234,0,0,0,0,456,392,0.2299345142,0.1970867264,0,1613,189.5185185185,446.1670410172,199065.028490029,0,0,0,1,0,0,0,0,0,196.8076923077,75.0,338.9166666667,456,0,0,0,0,0,0,14,1050,12,4067,29200,115,3,32,74718.0,58551.9581636686,194232,50392,10073071.1666667,160639.028127559,10189528,9783972,benign,benign,0
80,7555629,5,0,30,0,6,6,6.0,0.0,0,0,0.0,0.0,3.970549639,0.661758273,1888907.25,3776349.897,7553432,215,7555629,1888907.25,3776349.897,7553432,215,0,0.0,0.0,0,0,0,0,0,0,100,0,0.661758273,0.0,6,6,6.0,0.0,0.0,0,0,0,0,1,0,0,0,0,7.2,6.0,0.0,100,0,0,0,0,0,0,5,30,0,0,256,-1,4,20,2197.0,0.0,2197,2197,7553432.0,0.0,7553432,7553432,ddos,ddos,1
563,63,1,1,2,6,2,2,2.0,0.0,6,6,6.0,0.0,126984.127,31746.03175,63.0,0.0,63,63,0,0.0,0.0,0,0,0,0.0,0.0,0,0,0,0,0,0,24,20,15873.01587,15873.01587,2,6,3.333333333,2.309401077,5.333333333,0,0,0,1,0,0,0,0,1,5.0,2.0,6.0,24,0,0,0,0,0,0,1,2,1,6,1024,0,0,24,0.0,0.0,0,0,0.0,0.0,0,0,portscan,portscan,1
53,46466,1,1,51,114,51,51,51.0,0.0,114,114,114.0,0.0,3550.9835148281,43.0422244222,46466.0,0.0,46466,46466,0,0.0,0.0,0,0,0,0.0,0.0,0,0,0,0,0,0,20,32,21.5211122111,21.5211122111,51,114,72.0,36.3730669589,1323.0,0,0,0,0,0,0,0,0,1,108.0,51.0,114.0,20,0,0,0,0,0,0,1,51,1,114,-1,-1,0,20,0.0,0.0,0,0,0.0,0.0,0,0,benign,benign,0
80,29154,3,5,26,11601,20,0,8.666666667,10.26320288,7300,0,2320.2,3022.508098,398813.1989,274.4048844,4164.857143,6789.432289,15485,28,12981,6490.5,8669.836244,12621,360,29096,7274.0,8085.418357,15485,198,0,0,0,0,72,112,102.9018317,171.5030528,0,7300,1291.888889,2460.652985,6054813.111,0,0,0,1,0,0,0,0,1,1453.375,8.666666667,2320.2,72,0,0,0,0,0,0,3,26,5,11601,8192,229,2,20,0.0,0.0,0,0,0.0,0.0,0,0,ddos,ddos,1
554,68,1,1,2,6,2,2,2.0,0.0,6,6,6.0,0.0,117647.0588,29411.76471,68.0,0.0,68,68,0,0.0,0.0,0,0,0,0.0,0.0,0,0,0,0,0,0,24,20,14705.88235,14705.88235,2,6,3.333333333,2.309401077,5.333333333,0,0,0,1,0,0,0,0,1,5.0,2.0,6.0,24,0,0,0,0,0,0,1,2,1,6,1024,0,0,24,0.0,0.0,0,0,0.0,0.0,0,0,portscan,portscan,1
366,50,1,1,2,6,2,2,2.0,0.0,6,6,6.0,0.0,160000.0,40000.0,50.0,0.0,50,50,0,0.0,0.0,0,0,0,0.0,0.0,0,0,0,0,0,0,24,20,20000.0,20000.0,2,6,3.333333333,2.309401077,5.333333333,0,0,0,1,0,0,0,0,1,5.0,2.0,6.0,24,0,0,0,0,0,0,1,2,1,6,1024,0,0,24,0.0,0.0,0,0,0.0,0.0,0,0,portscan,portscan,1
80,3177185,3,3,6,6,6,0,2.0,3.4641016151,6,0,2.0,3.4641016151,3.7769283186,1.8884641593,635437.0,916158.328144759,2025706,4,1151479,575739.5,781060.958110505,1128033,23446,3153743,1576871.5,634877.944808685,2025798,1127945,0,0,0,0,84,84,0.9442320797,0.9442320797,0,6,1.7142857143,2.9277002188,8.5714285714,0,0,0,1,0,0,0,0,1,2.0,2.0,2.0,84,0,0,0,0,0,0,3,6,3,6,8192,29,1,20,0.0,0.0,0,0,0.0,0.0,0,0,benign,benign,0
443,10200929,7,5,586,2701,318,0,83.7142857143,136.4718704663,1400,0,540.2,716.0818388983,322.2255541628,1.1763634469,927357.181818182,3023541.19891788,10043491,74,10200929,1700154.83333333,4087502.89261297,10043491,188,72759,18189.75,20644.4947847281,37191,212,0,0,0,0,152,112,0.6862120107,0.4901514362,0,1400,252.8461538462,486.4729944807,236655.974358974,0,0,0,1,0,0,0,0,0,273.9166666667,83.7142857143,540.2,152,0,0,0,0,0,0,7,586,5,2701,8192,11256,6,20,0.0,0.0,0,0,0.0,0.0,0,0,benign,benign,0
53,87565,1,1,46,198,46,46,46.0,0.0,198,198,198.0,0.0,2786.5014560612,22.8401758694,87565.0,0.0,87565,87565,0,0.0,0.0,0,0,0,0.0,0.0,0,0,0,0,0,0,20,20,11.4200879347,11.4200879347,46,198,96.6666666667,87.7572409168,7701.3333333333,0,0,0,0,0,0,0,0,1,145.0,46.0,198.0,20,0,0,0,0,0,0,1,46,1,198,-1,-1,0,20,0.0,0.0,0,0,0.0,0.0,0,0,benign,benign,0
443,10246164,6,7,1399,3151,819,0,233.1666666667,350.5774759831,2959,2,450.1428571429,1107.4170290322,444.0686290011,1.2687675114,853847.0,2880898.59746775,10001262,4,244694,48938.8,64685.0357748993,160003,84,10214029,1702338.16666667,4065951.21148872,10001407,4,0,0,0,0,132,144,0.5855850053,0.6831825062,0,2959,325.0,796.0773058712,633739.076923077,0,0,0,1,0,0,0,0,1,350.0,233.1666666667,450.1428571429,132,0,0,0,0,0,0,6,1399,7,3151,8192,31122,5,20,244694.0,0.0,244694,244694,10001262.0,0.0,10001262,10001262,benign,benign,0
53,61893,1,1,42,122,42,42,42.0,0.0,122,122,122.0,0.0,2649.7342187323,32.3138319358,61893.0,0.0,61893,61893,0,0.0,0.0,0,0,0,0.0,0.0,0,0,0,0,0,0,20,20,16.1569159679,16.1569159679,42,122,68.6666666667,46.1880215352,2133.3333333333,0,0,0,0,0,0,0,0,1,103.0,42.0,122.0,20,0,0,0,0,0,0,1,42,1,122,-1,-1,0,20,0.0,0.0,0,0,0.0,0.0,0,0,benign,benign,0
7,38,1,1,2,6,2,2,2.0,0.0,6,6,6.0,0.0,210526.3158,52631.57895,38.0,0.0,38,38,0,0.0,0.0,0,0,0,0.0,0.0,0,0,0,0,0,0,24,20,26315.78947,26315.78947,2,6,3.333333333,2.309401077,5.333333333,0,0,0,1,0,0,0,0,1,5.0,2.0,6.0,24,0,0,0,0,0,0,1,2,1,6,1024,0,0,24,0.0,0.0,0,0,0.0,0.0,0,0,portscan,portscan,1
443,495861,9,10,534,3926,198,0,59.3333333333,83.648072303,1410,0,392.6,573.4492518475,8994.4561076592,38.3171896963,27547.8333333333,53468.9873755861,212195,1,495839,61979.875,67282.3528857254,212195,393,460865,51207.2222222222,88314.1111003471,247641,1,0,0,0,0,192,212,18.1502477509,20.1669419454,0,1410,223.0,434.9243128347,189159.157894737,0,0,0,1,0,0,0,0,1,234.7368421053,59.3333333333,392.6,192,0,0,0,0,0,0,9,534,10,3926,8192,119,8,20,0.0,0.0,0,0,0.0,0.0,0,0,benign,benign,0
80,115681142,18,15,588,768,294,0,32.6666666667,95.0739650142,384,0,51.2,135.1164577054,11.7218759822,0.2852668934,3615035.6875,4843569.52585035,10202423,72,115681142,6804773.05882353,4785693.51909918,10240035,80,112725450,8051817.85714286,4279132.40264165,10244945,415,0,0,0,0,584,488,0.1556001237,0.1296667697,0,384,39.8823529412,111.9663815091,12536.4705882353,0,0,0,1,0,0,0,0,0,41.0909090909,32.6666666667,51.2,584,0,0,0,0,0,0,18,588,15,768,29200,972,2,32,82313.6363636364,143507.963724856,514971,37594,10165451.7272727,79421.4450436291,10202423,10002399,benign,benign,0
443,30484537,9,8,1159,1797,591,0,128.7777777778,242.3627332006,1629,0,224.625,569.4257602432,96.9671935644,0.5576597735,1905283.5625,3967240.43357475,10019253,3,20646388,2580798.5,4633128.15653275,10175790,498,30328084,4332583.42857143,5307399.72129667,10175786,3,0,0,0,0,296,264,0.2952316448,0.2624281287,0,1629,164.2222222222,406.3540263997,165123.594771242,0,0,0,1,0,0,0,0,0,173.8823529412,128.7777777778,224.625,296,0,0,0,0,0,0,9,1159,8,1797,29200,123,3,32,262485.333333333,183511.36042309,474386,156533,9899026.0,188637.301048865,10019253,9681613,benign,benign,0
80,1618792,3,6,26,11607,20,0,8.666666667,10.26320288,4380,0,1934.5,2177.344966,7186.222813,5.559701308,202349.0,571772.237,1617413,2,971,485.5,415.0716806,779,192,1618684,323736.8,723187.103,1617413,2,0,0,0,0,72,132,1.853233769,3.706467539,0,4380,1163.3,1903.962654,3625073.789,0,0,0,1,0,0,0,0,2,1292.555556,8.666666667,1934.5,72,0,0,0,0,0,0,3,26,6,11607,8192,229,2,20,0.0,0.0,0,0,0.0,0.0,0,0,ddos,ddos,1
8093,10,1,1,2,6,2,2,2.0,0.0,6,6,6.0,0.0,800000.0,200000.0,10.0,0.0,10,10,0,0.0,0.0,0,0,0,0.0,0.0,0,0,0,0,0,0,24,20,100000.0,100000.0,2,6,3.333333333,2.309401077,5.333333333,0,0,0,1,0,0,0,0,1,5.0,2.0,6.0,24,0,0,0,0,0,0,1,2,1,6,1024,0,0,24,0.0,0.0,0,0,0.0,0.0,0,0,portscan,portscan,1
9944,42,1,1,2,6,2,2,2.0,0.0,6,6,6.0,0.0,190476.1905,47619.04762,42.0,0.0,42,42,0,0.0,0.0,0,0,0,0.0,0.0,0,0,0,0,0,0,24,20,23809.52381,23809.52381,2,6,3.333333333,2.309401077,5.333333333,0,0,0,1,0,0,0,0,1,5.0,2.0,6.0,24,0,0,0,0,0,0,1,2,1,6,1024,0,0,24,0.0,0.0,0,0,0.0,0.0,0,0,portscan,portscan,1
41511,60,1,1,2,6,2,2,2.0,0.0,6,6,6.0,0.0,133333.3333,33333.33333,60.0,0.0,60,60,0,0.0,0.0,0,0,0,0.0,0.0,0,0,0,0,0,0,24,20,16666.66667,16666.66667,2,6,3.333333333,2.309401077,5.333333333,0,0,0,1,0,0,0,0,1,5.0,2.0,6.0,24,0,0,0,0,0,0,1,2,1,6,1024,0,0,24,0.0,0.0,0,0,0.0,0.0,0,0,portscan,portscan,1
80,1118148,5,0,30,0,6,6,6.0,0.0,0,0,0.0,0.0,26.83007974,4.471679956,279537.0,558410.8601,1117153,3,1118148,279537.0,558410.8601,1117153,3,0,0.0,0.0,0,0,0,0,0,0,100,0,4.471679956,0.0,6,6,6.0,0.0,0.0,0,0,0,0,1,0,0,0,0,7.2,6.0,0.0,100,0,0,0,0,0,0,5,30,0,0,256,-1,4,20,0.0,0.0,0,0,0.0,0.0,0,0,ddos,ddos,1
137,4063194,273,0,18330,0,68,50,67.1428571429,3.8402993581,0,0,0.0,0.0,4511.2293432211,67.1885221331,14938.2132352941,171379.719519325,2002256,1,4063194,14938.2132352941,171379.719519325,2002256,1,0,0.0,0.0,0,0,0,0,0,0,5460,0,67.1885221331,0.0,50,68,67.1459854015,3.833609124,14.6965589155,0,0,0,0,0,0,0,0,0,67.3919413919,67.1428571429,0.0,5460,0,0,0,0,0,0,273,18330,0,0,-1,-1,272,20,0.0,0.0,0,0,0.0,0.0,0,0,benign,benign,0
80,263739,3,4,26,11601,20,0,8.666666667,10.26320288,8760,0,2900.25,4128.319301,44085.25095,26.5413913,43956.5,88828.24199,222369,109,41082,20541.0,27729.89953,40149,933,263545,87848.33333,118272.5015,222369,179,0,0,0,0,72,92,11.37488199,15.16650931,0,8760,1453.375,3113.952607,9696700.839,0,0,0,1,0,0,0,0,1,1661.0,8.666666667,2900.25,72,0,0,0,0,0,0,3,26,4,11601,8192,229,2,20,0.0,0.0,0,0,0.0,0.0,0,0,ddos,ddos,1
53,40218,2,2,76,108,38,38,38.0,0.0,54,54,54.0,0.0,4575.0658908946,99.4579541499,13406.0,23174.8502476284,40166,4,4,4.0,0.0,4,4,48,48.0,0.0,48,48,0,0,0,0,40,40,49.7289770749,49.7289770749,38,54,44.4,8.7635609201,76.8,0,0,0,0,0,0,0,0,1,55.5,38.0,54.0,40,0,0,0,0,0,0,2,76,2,108,-1,-1,1,20,0.0,0.0,0,0,0.0,0.0,0,0,benign,benign,0
443,10858334,7,7,602,3278,342,0,86.0,142.0281662206,1460,0,468.2857142857,684.0196669409,357.329218276,1.2893322309,835256.461538462,2970245.66586923,10720685,1,10858334,1809722.33333333,4365553.8763289,10720685,346,61400,10233.3333333333,14881.2636649804,30175,1,0,0,0,0,152,152,0.6446661154,0.6446661154,0,1460,258.6666666667,500.8218483748,250822.523809524,0,0,0,1,0,0,0,0,1,277.1428571429,86.0,468.2857142857,152,0,0,0,0,0,0,7,602,7,3278,8192,4360,6,20,0.0,0.0,0,0,0.0,0.0,0,0,benign,benign,0
80,4721483,4,0,24,0,6,6,6.0,0.0,0,0,0.0,0.0,5.083148663,0.847191444,1573827.667,2725425.536,4720878,301,4721483,1573827.667,2725425.536,4720878,301,0,0.0,0.0,0,0,0,0,0,0,80,0,0.847191444,0.0,6,6,6.0,0.0,0.0,0,0,0,0,1,0,0,0,0,7.5,6.0,0.0,80,0,0,0,0,0,0,4,24,0,0,256,-1,3,20,0.0,0.0,0,0,0.0,0.0,0,0,ddos,ddos,1
62555,982,2,1,12,6,6,6,6.0,0.0,6,6,6.0,0.0,18329.9389002037,3054.9898167006,491.0,514.7737367038,855,127,982,982.0,0.0,982,982,0,0.0,0.0,0,0,0,0,0,0,40,20,2036.6598778004,1018.3299389002,6,6,6.0,0.0,0.0,0,0,0,0,1,0,0,0,0,8.0,6.0,6.0,40,0,0,0,0,0,0,2,12,1,6,114,254,1,20,0.0,0.0,0,0,0.0,0.0,0,0,benign,benign,0
80,7206827,4,0,24,0,6,6,6.0,0.0,0,0,0.0,0.0,3.330175679,0.55502928,2402275.667,4159994.915,7205824,4,7206827,2402275.667,4159994.915,7205824,4,0,0.0,0.0,0,0,0,0,0,0,80,0,0.55502928,0.0,6,6,6.0,0.0,0.0,0,0,0,0,1,0,0,0,0,7.5,6.0,0.0,80,0,0,0,0,0,0,4,24,0,0,256,-1,3,20,1003.0,0.0,1003,1003,7205824.0,0.0,7205824,7205824,ddos,ddos,1
53,518,1,1,51,112,51,51,51.0,0.0,112,112,112.0,0.0,314671.814671815,3861.0038610039,518.0,0.0,518,518,0,0.0,0.0,0,0,0,0.0,0.0,0,0,0,0,0,0,20,20,1930.5019305019,1930.5019305019,51,112,71.3333333333,35.2183664206,1240.3333333333,0,0,0,0,0,0,0,0,1,107.0,51.0,112.0,20,0,0,0,0,0,0,1,51,1,112,-1,-1,0,20,0.0,0.0,0,0,0.0,0.0,0,0,benign,benign,0
9003,84,1,1,2,6,2,2,2.0,0.0,6,6,6.0,0.0,95238.09524,23809.52381,84.0,0.0,84,84,0,0.0,0.0,0,0,0,0.0,0.0,0,0,0,0,0,0,24,20,11904.7619,11904.7619,2,6,3.333333333,2.309401077,5.333333333,0,0,0,1,0,0,0,0,1,5.0,2.0,6.0,24,0,0,0,0,0,0,1,2,1,6,1024,0,0,24,0.0,0.0,0,0,0.0,0.0,0,0,portscan,portscan,1
80,63875,3,4,26,11601,20,0,8.666666667,10.26320288,5840,0,2900.25,3345.636997,182027.3973,109.5890411,10645.83333,23816.7866,59148,49,4486,2243.0,2835.498193,4248,238,63824,21274.66667,32869.39837,59148,192,0,0,0,0,72,92,46.9667319,62.6223092,0,5840,1453.375,2681.356423,7189672.268,0,0,0,1,0,0,0,0,1,1661.0,8.666666667,2900.25,72,0,0,0,0,0,0,3,26,4,11601,8192,229,2,20,0.0,0.0,0,0,0.0,0.0,0,0,ddos,ddos,1
80,21465,3,5,26,11607,20,0,8.666666667,10.26320288,7215,0,2321.4,3327.769794,541952.0149,372.6997438,3066.428571,7687.122497,20492,4,760,380.0,390.3229432,656,104,21450,5362.5,10092.11724,20492,4,0,0,0,0,72,112,139.7624039,232.9373399,0,7215,1292.555556,2650.585648,7025604.278,0,0,0,1,0,0,0,0,1,1454.125,8.666666667,2321.4,72,0,0,0,0,0,0,3,26,5,11607,8192,229,2,20,0.0,0.0,0,0,0.0,0.0,0,0,ddos,ddos,1
80,2040966,5,0,30,0,6,6,6.0,0.0,0,0,0.0,0.0,14.69892198,2.44982033,510241.5,1014490.581,2031968,3,2040966,510241.5,1014490.581,2031968,3,0,0.0,0.0,0,0,0,0,0,0,100,0,2.44982033,0.0,6,6,6.0,0.0,0.0,0,0,0,0,1,0,0,0,0,7.2,6.0,0.0,100,0,0,0,0,0,0,5,30,0,0,256,-1,4,20,0.0,0.0,0,0,0.0,0.0,0,0,ddos,ddos,1
123,69071935,2,2,96,96,48,48,48.0,0.0,48,48,48.0,0.0,2.7797107465,0.0579106406,23023978.3333333,39754260.2095084,68928244,71754,68999998,68999998.0,0.0,68999998,68999998,69000181,69000181.0,0.0,69000181,69000181,0,0,0,0,40,40,0.0289553203,0.0289553203,48,48,48.0,0.0,0.0,0,0,0,0,0,0,0,0,1,60.0,48.0,48.0,40,0,0,0,0,0,0,2,96,2,96,-1,-1,1,20,71754.0,0.0,71754,71754,68928244.0,0.0,68928244,68928244,benign,benign,0
2604,63,1,1,2,6,2,2,2.0,0.0,6,6,6.0,0.0,126984.127,31746.03175,63.0,0.0,63,63,0,0.0,0.0,0,0,0,0.0,0.0,0,0,0,0,0,0,24,20,15873.01587,15873.01587,2,6,3.333333333,2.309401077,5.333333333,0,0,0,1,0,0,0,0,1,5.0,2.0,6.0,24,0,0,0,0,0,0,1,2,1,6,1024,0,0,24,0.0,0.0,0,0,0.0,0.0,0,0,portscan,portscan,1
548,59,1,1,2,6,2,2,2.0,0.0,6,6,6.0,0.0,135593.2203,33898.30508,59.0,0.0,59,59,0,0.0,0.0,0,0,0,0.0,0.0,0,0,0,0,0,0,24,20,16949.15254,16949.15254,2,6,3.333333333,2.309401077,5.333333333,0,0,0,1,0,0,0,0,1,5.0,2.0,6.0,24,0,0,0,0,0,0,1,2,1,6,1024,0,0,24,0.0,0.0,0,0,0.0,0.0,0,0,portscan,portscan,1
49833,3,2,0,37,0,31,6,18.5,17.6776695297,0,0,0.0,0.0,12333333.3333333,666666.666666667,3.0,0.0,3,3,3,3.0,0.0,3,3,0,0.0,0.0,0,0,1,0,0,0,40,0,666666.666666667,0.0,6,31,22.6666666667,14.4337567297,208.3333333333,0,1,0,0,1,0,0,0,0,34.0,18.5,0.0,40,0,0,0,0,0,0,2,37,0,0,62,-1,1,20,0.0,0.0,0,0,0.0,0.0,0,0,benign,benign,0
80,5878316,3,1,0,0,0,0,0.0,0.0,0,0,0.0,0.0,0.0,0.6804669909,1959438.66666667,3372732.05394089,5853909,74,5878316,2939158.0,4122080.39514054,5853909,24407,0,0.0,0.0,0,0,0,0,0,0,104,40,0.5103502432,0.1701167477,0,0,0.0,0.0,0.0,0,0,0,1,0,0,0,0,0,0.0,0.0,0.0,104,0,0,0,0,0,0,3,0,1,0,29200,65535,0,32,0.0,0.0,0,0,0.0,0.0,0,0,benign,benign,0
683,54,1,1,2,6,2,2,2.0,0.0,6,6,6.0,0.0,148148.1481,37037.03704,54.0,0.0,54,54,0,0.0,0.0,0,0,0,0.0,0.0,0,0,0,0,0,0,24,20,18518.51852,18518.51852,2,6,3.333333333,2.309401077,5.333333333,0,0,0,1,0,0,0,0,1,5.0,2.0,6.0,24,0,0,0,0,0,0,1,2,1,6,1024,0,0,24,0.0,0.0,0,0,0.0,0.0,0,0,portscan,portscan,1
138,31,13,0,3081,0,237,237,237.0,0.0,0,0,0.0,0.0,99387096.7741935,419354.838709677,2.5833333333,2.6784776318,11,1,31,2.5833333333,2.6784776318,11,1,0,0.0,0.0,0,0,0,0,0,0,260,0,419354.838709677,0.0,237,237,237.0,0.0,0.0,0,0,0,0,0,0,0,0,0,255.2307692308,237.0,0.0,260,0,0,0,0,0,0,13,3081,0,0,-1,-1,12,20,0.0,0.0,0,0,0.0,0.0,0,0,benign,benign,0
443,66587840,20,25,2007,13666,373,0,100.35,152.2606058876,2981,0,546.64,828.9642071083,235.3733053963,0.6757990648,1513360.0,3456782.56839096,10009250,3,62767322,3303543.26315789,4812441.68125777,10234409,100,66361810,2765075.41666667,4463274.69734627,10237171,3,0,0,0,0,412,584,0.3003551399,0.3754439249,0,2981,340.7173913043,654.2945875111,428101.407246377,0,0,0,1,0,0,0,0,1,348.2888888889,100.35,546.64,412,0,0,0,0,0,0,20,2007,25,13666,8192,165,19,20,452789.166666667,555960.178253953,1587636,225133,10008431.1666667,1122.0039958339,10009250,10006438,benign,benign,0
443,365469,97,170,1205,342075,485,0,12.4226804124,69.8551827968,4344,0,2012.205882353,963.9891348123,939286.232211214,730.5681193207,1373.9436090226,7215.313837538,76240,1,365469,3806.96875,12295.0322312483,76240,2,340378,2014.0710059172,11417.7882305752,133857,1,0,0,0,0,3116,5448,265.412387918,465.1557314027,0,4344,1280.8955223881,1233.3542174686,1521162.62574767,0,0,0,1,0,0,0,0,1,1285.6928838951,12.4226804124,2012.205882353,3116,0,0,0,0,0,0,97,1205,170,342075,65535,1006,6,32,0.0,0.0,0,0,0.0,0.0,0,0,benign,benign,0
6002,52,1,1,2,6,2,2,2.0,0.0,6,6,6.0,0.0,153846.1538,38461.53846,52.0,0.0,52,52,0,0.0,0.0,0,0,0,0.0,0.0,0,0,0,0,0,0,24,20,19230.76923,19230.76923,2,6,3.333333333,2.309401077,5.333333333,0,0,0,1,0,0,0,0,1,5.0,2.0,6.0,24,0,0,0,0,0,0,1,2,1,6,1024,0,0,24,0.0,0.0,0,0,0.0,0.0,0,0,portscan,portscan,1
1095,83,1,1,2,6,2,2,2.0,0.0,6,6,6.0,0.0,96385.54217,24096.38554,83.0,0.0,83,83,0,0.0,0.0,0,0,0,0.0,0.0,0,0,0,0,0,0,24,20,12048.19277,12048.19277,2,6,3.333333333,2.309401077,5.333333333,0,0,0,1,0,0,0,0,1,5.0,2.0,6.0,24,0,0,0,0,0,0,1,2,1,6,1024,0,0,24,0.0,0.0,0,0,0.0,0.0,0,0,portscan,portscan,1
53,61117,1,1,56,121,56,56,56.0,0.0,121,121,121.0,0.0,2896.0845591243,32.7241193121,61117.0,0.0,61117,61117,0,0.0,0.0,0,0,0,0.0,0.0,0,0,0,0,0,0,32,32,16.3620596561,16.3620596561,56,121,77.6666666667,37.5277674973,1408.3333333333,0,0,0,0,0,0,0,0,1,116.5,56.0,121.0,32,0,0,0,0,0,0,1,56,1,121,-1,-1,0,32,0.0,0.0,0,0,0.0,0.0,0,0,benign,benign,0
443,9309845,50,76,7794,75274,565,0,155.88,210.3732969786,3261,0,990.4473684211,873.8280287675,8922.5975298192,13.5340599118,74478.76,450786.177049382,4800818,1,9309845,189996.836734694,709931.606840151,4800818,2,4165174,55535.6533333333,201199.353770757,1694878,1,0,0,0,0,1012,1528,5.3706586952,8.1634012167,0,3261,654.0787401575,801.1578784058,641853.946131734,0,0,0,1,0,0,0,0,1,659.2698412698,155.88,990.4473684211,1012,0,0,0,0,0,0,50,7794,76,75274,8192,11941,49,20,0.0,0.0,0,0,0.0,0.0,0,0,benign,benign,0
5087,47,1,1,2,6,2,2,2.0,0.0,6,6,6.0,0.0,170212.766,42553.19149,47.0,0.0,47,47,0,0.0,0.0,0,0,0,0.0,0.0,0,0,0,0,0,0,24,20,21276.59574,21276.59574,2,6,3.333333333,2.309401077,5.333333333,0,0,0,1,0,0,0,0,1,5.0,2.0,6.0,24,0,0,0,0,0,0,1,2,1,6,1024,0,0,24,0.0,0.0,0,0,0.0,0.0,0,0,portscan,portscan,1
53,61661,1,1,49,181,49,49,49.0,0.0,181,181,181.0,0.0,3730.072493148,32.4354129839,61661.0,0.0,61661,61661,0,0.0,0.0,0,0,0,0.0,0.0,0,0,0,0,0,0,20,20,16.2177064919,16.2177064919,49,181,93.0,76.210235533,5808.0,0,0,0,0,0,0,0,0,1,139.5,49.0,181.0,20,0,0,0,0,0,0,1,49,1,181,-1,-1,0,20,0.0,0.0,0,0,0.0,0.0,0,0,benign,benign,0
5353,48965659,26,0,2119,0,118,45,81.5,37.2228424492,0,0,0.0,0.0,43.2752268278,0.5309843783,1958626.36,9793123.8833334,48965621,1,48965659,1958626.36,9793123.8833334,48965621,1,0,0.0,0.0,0,0,0,0,0,0,676,0,0.5309843783,0.0,45,118,80.1481481481,37.1697806369,1381.5925925926,0,0,0,0,0,0,0,0,0,83.2307692308,81.5,0.0,676,0,0,0,0,0,0,26,2119,0,0,-1,-1,25,20,17.0,0.0,17,17,48965621.0,0.0,48965621,48965621,benign,benign,0
443,90062872,3,3,18,0,6,6,6.0,0.0,0,0,0.0,0.0,0.199860382,0.0666201273,18012574.4,24633068.1598079,44999487,23108,90039733,45019866.5,3886.9659761825,45022615,45017118,90039764,45019882.0,3880.6020151518,45022626,45017138,0,0,0,0,60,96,0.0333100637,0.0333100637,0,6,3.4285714286,3.2071349029,10.2857142857,0,0,0,0,1,0,0,0,1,4.0,6.0,0.0,60,0,0,0,0,0,0,3,18,3,0,256,1013,2,20,23118.0,14.1421356237,23128,23108,44996748.5,3872.8238405587,44999487,44994010,benign,benign,0
6112,33,1,1,2,6,2,2,2.0,0.0,6,6,6.0,0.0,242424.2424,60606.06061,33.0,0.0,33,33,0,0.0,0.0,0,0,0,0.0,0.0,0,0,0,0,0,0,24,20,30303.0303,30303.0303,2,6,3.333333333,2.309401077,5.333333333,0,0,0,1,0,0,0,0,1,5.0,2.0,6.0,24,0,0,0,0,0,0,1,2,1,6,1024,0,0,24,0.0,0.0,0,0,0.0,0.0,0,0,portscan,portscan,1
443,5728,2,0,12,0,6,6,6.0,0.0,0,0,0.0,0.0,2094.9720670391,349.1620111732,5728.0,0.0,5728,5728,5728,5728.0,0.0,5728,5728,0,0.0,0.0,0,0,0,0,0,0,40,0,349.1620111732,0.0,6,6,6.0,0.0,0.0,0,0,0,0,1,0,0,0,0,9.0,6.0,0.0,40,0,0,0,0,0,0,2,12,0,0,63627,-1,1,20,0.0,0.0,0,0,0.0,0.0,0,0,benign,benign,0
7920,47,1,1,2,6,2,2,2.0,0.0,6,6,6.0,0.0,170212.766,42553.19149,47.0,0.0,47,47,0,0.0,0.0,0,0,0,0.0,0.0,0,0,0,0,0,0,24,20,21276.59574,21276.59574,2,6,3.333333333,2.309401077,5.333333333,0,0,0,1,0,0,0,0,1,5.0,2.0,6.0,24,0,0,0,0,0,0,1,2,1,6,1024,0,0,24,0.0,0.0,0,0,0.0,0.0,0,0,portscan,portscan,1
53,70420,1,1,40,266,40,40,40.0,0.0,266,266,266.0,0.0,4345.3564328316,28.4010224368,70420.0,0.0,70420,70420,0,0.0,0.0,0,0,0,0.0,0.0,0,0,0,0,0,0,32,20,14.2005112184,14.2005112184,40,266,115.3333333333,130.4811608369,17025.3333333333,0,0,0,0,0,0,0,0,1,173.0,40.0,266.0,32,0,0,0,0,0,0,1,40,1,266,-1,-1,0,32,0.0,0.0,0,0,0.0,0.0,0,0,benign,benign,0
80,5090828,4,0,24,0,6,6,6.0,0.0,0,0,0.0,0.0,4.714360807,0.785726801,1696942.667,2938383.817,5089896,6,5090828,1696942.667,2938383.817,5089896,6,0,0.0,0.0,0,0,0,0,0,0,80,0,0.785726801,0.0,6,6,6.0,0.0,0.0,0,0,0,0,1,0,0,0,0,7.5,6.0,0.0,80,0,0,0,0,0,0,4,24,0,0,256,-1,3,20,932.0,0.0,932,932,5089896.0,0.0,5089896,5089896,ddos,ddos,1
53,30742,1,1,54,54,54,54,54.0,0.0,54,54,54.0,0.0,3513.1091015549,65.0575759547,30742.0,0.0,30742,30742,0,0.0,0.0,0,0,0,0.0,0.0,0,0,0,0,0,0,32,20,32.5287879774,32.5287879774,54,54,54.0,0.0,0.0,0,0,0,0,0,0,0,0,1,81.0,54.0,54.0,32,0,0,0,0,0,0,1,54,1,54,-1,-1,0,32,0.0,0.0,0,0,0.0,0.0,0,0,benign,benign,0
10778,45,1,1,2,6,2,2,2.0,0.0,6,6,6.0,0.0,177777.7778,44444.44444,45.0,0.0,45,45,0,0.0,0.0,0,0,0,0.0,0.0,0,0,0,0,0,0,24,20,22222.22222,22222.22222,2,6,3.333333333,2.309401077,5.333333333,0,0,0,1,0,0,0,0,1,5.0,2.0,6.0,24,0,0,0,0,0,0,1,2,1,6,1024,0,0,24,0.0,0.0,0,0,0.0,0.0,0,0,portscan,portscan,1
20005,30,1,1,2,6,2,2,2.0,0.0,6,6,6.0,0.0,266666.6667,66666.66667,30.0,0.0,30,30,0,0.0,0.0,0,0,0,0.0,0.0,0,0,0,0,0,0,24,20,33333.33333,33333.33333,2,6,3.333333333,2.309401077,5.333333333,0,0,0,1,0,0,0,0,1,5.0,2.0,6.0,24,0,0,0,0,0,0,1,2,1,6,1024,0,0,24,0.0,0.0,0,0,0.0,0.0,0,0,portscan,portscan,1
80,5955433,3,1,12,0,6,0,4.0,3.4641016151,0,0,0.0,0.0,2.0149668378,0.6716556126,1985144.33333333,3425355.6878697,5940395,55,5955433,2977716.5,4189860.11565118,5940395,15038,0,0.0,0.0,0,0,0,0,0,0,80,32,0.5037417095,0.1679139032,0,6,2.4,3.286335345,10.8,0,0,0,1,0,0,0,0,0,3.0,4.0,0.0,80,0,0,0,0,0,0,3,12,1,0,29200,29200,2,20,0.0,0.0,0,0,0.0,0.0,0,0,benign,benign,0
51491,4,2,0,12,0,6,6,6.0,0.0,0,0,0.0,0.0,3000000.0,500000.0,4.0,0.0,4,4,4,4.0,0.0,4,4,0,0.0,0.0,0,0,0,0,0,0,40,0,500000.0,0.0,6,6,6.0,0.0,0.0,0,0,0,0,1,0,0,0,0,9.0,6.0,0.0,40,0,0,0,0,0,0,2,12,0,0,4957,-1,1,20,0.0,0.0,0,0,0.0,0.0,0,0,benign,benign,0
443,1708771,10,7,559,4161,202,0,55.9,73.0257945295,2313,0,594.4285714286,915.1487779123,2762.2191621932,9.9486707113,106798.1875,377697.517712295,1521848,2,1708771,189863.444444444,499883.586072075,1521848,3,143822,23970.3333333333,32782.6474322417,77372,2,0,0,0,0,212,152,5.8521592419,4.0965114694,0,2313,262.2222222222,610.6869377576,372938.535947712,0,0,0,1,0,0,0,0,0,277.6470588235,55.9,594.4285714286,212,0,0,0,0,0,0,10,559,7,4161,8192,343,9,20,0.0,0.0,0,0,0.0,0.0,0,0,benign,benign,0
49159,49,1,1,2,6,2,2,2.0,0.0,6,6,6.0,0.0,163265.3061,40816.32653,49.0,0.0,49,49,0,0.0,0.0,0,0,0,0.0,0.0,0,0,0,0,0,0,24,20,20408.16327,20408.16327,2,6,3.333333333,2.309401077,5.333333333,0,0,0,1,0,0,0,0,1,5.0,2.0,6.0,24,0,0,0,0,0,0,1,2,1,6,1024,0,0,24,0.0,0.0,0,0,0.0,0.0,0,0,portscan,portscan,1
80,112431,4,0,24,0,6,6,6.0,0.0,0,0,0.0,0.0,213.4642581,35.57737635,37477.0,64326.77451,111755,204,112431,37477.0,64326.77451,111755,204,0,0.0,0.0,0,0,0,0,0,0,80,0,35.57737635,0.0,6,6,6.0,0.0,0.0,0,0,0,0,1,0,0,0,0,7.5,6.0,0.0,80,0,0,0,0,0,0,4,24,0,0,256,-1,3,20,0.0,0.0,0,0,0.0,0.0,0,0,ddos,ddos,1
8080,56,1,1,2,6,2,2,2.0,0.0,6,6,6.0,0.0,142857.1429,35714.28571,56.0,0.0,56,56,0,0.0,0.0,0,0,0,0.0,0.0,0,0,0,0,0,0,24,20,17857.14286,17857.14286,2,6,3.333333333,2.309401077,5.333333333,0,0,0,1,0,0,0,0,1,5.0,2.0,6.0,24,0,0,0,0,0,0,1,2,1,6,1024,0,0,24,0.0,0.0,0,0,0.0,0.0,0,0,portscan,portscan,1
51425,3,2,0,37,0,31,6,18.5,17.6776695297,0,0,0.0,0.0,12333333.3333333,666666.666666667,3.0,0.0,3,3,3,3.0,0.0,3,3,0,0.0,0.0,0,0,1,0,0,0,40,0,666666.666666667,0.0,6,31,22.6666666667,14.4337567297,208.3333333333,0,1,0,0,1,0,0,0,0,34.0,18.5,0.0,40,0,0,0,0,0,0,2,37,0,0,946,-1,1,20,0.0,0.0,0,0,0.0,0.0,0,0,benign,benign,0
80,6052910,5,0,30,0,6,6,6.0,0.0,0,0,0.0,0.0,4.95629375,0.826048958,1513227.5,3023789.923,6048912,1,6052910,1513227.5,3023789.923,6048912,1,0,0.0,0.0,0,0,0,0,0,0,100,0,0.826048958,0.0,6,6,6.0,0.0,0.0,0,0,0,0,1,0,0,0,0,7.2,6.0,0.0,100,0,0,0,0,0,0,5,30,0,0,256,-1,4,20,3998.0,0.0,3998,3998,6048912.0,0.0,6048912,6048912,ddos,ddos,1
443,26008,2,0,12,0,6,6,6.0,0.0,0,0,0.0,0.0,461.3964933867,76.8994155644,26008.0,0.0,26008,26008,26008,26008.0,0.0,26008,26008,0,0.0,0.0,0,0,0,0,0,0,40,0,76.8994155644,0.0,6,6,6.0,0.0,0.0,0,0,0,0,1,0,0,0,0,9.0,6.0,0.0,40,0,0,0,0,0,0,2,12,0,0,255,-1,1,20,0.0,0.0,0,0,0.0,0.0,0,0,benign,benign,0
123,69029076,2,2,96,96,48,48,48.0,0.0,48,48,48.0,0.0,2.7814366224,0.0579465963,23009692.0,39803511.3628367,68970828,29064,69000012,69000012.0,0.0,69000012,69000012,68999892,68999892.0,0.0,68999892,68999892,0,0,0,0,40,40,0.0289732982,0.0289732982,48,48,48.0,0.0,0.0,0,0,0,0,0,0,0,0,1,60.0,48.0,48.0,40,0,0,0,0,0,0,2,96,2,96,-1,-1,1,20,29184.0,0.0,29184,29184,68970828.0,0.0,68970828,68970828,benign,benign,0
683,75,1,1,2,6,2,2,2.0,0.0,6,6,6.0,0.0,106666.6667,26666.66667,75.0,0.0,75,75,0,0.0,0.0,0,0,0,0.0,0.0,0,0,0,0,0,0,24,20,13333.33333,13333.33333,2,6,3.333333333,2.309401077,5.333333333,0,0,0,1,0,0,0,0,1,5.0,2.0,6.0,24,0,0,0,0,0,0,1,2,1,6,1024,0,0,24,0.0,0.0,0,0,0.0,0.0,0,0,portscan,portscan,1
53,37401,1,1,46,96,46,46,46.0,0.0,96,96,96.0,0.0,3796.6899280768,53.4745060293,37401.0,0.0,37401,37401,0,0.0,0.0,0,0,0,0.0,0.0,0,0,0,0,0,0,32,32,26.7372530146,26.7372530146,46,96,62.6666666667,28.8675134595,833.3333333333,0,0,0,0,0,0,0,0,1,94.0,46.0,96.0,32,0,0,0,0,0,0,1,46,1,96,-1,-1,0,32,0.0,0.0,0,0,0.0,0.0,0,0,benign,benign,0
80,1255845,3,4,26,11601,20,0,8.666666667,10.26320288,10135,0,2900.25,4871.82583,9258.308151,5.573936274,209307.5,506455.7819,1243061,11,12030,6015.0,8490.938228,12019,11,1255829,418609.6667,714022.6218,1243061,195,0,0,0,0,72,92,2.388829832,3.185106442,0,10135,1453.375,3544.652026,12600000.0,0,0,0,1,0,0,0,0,1,1661.0,8.666666667,2900.25,72,0,0,0,0,0,0,3,26,4,11601,8192,229,2,20,0.0,0.0,0,0,0.0,0.0,0,0,ddos,ddos,1
53,30635,1,1,56,72,56,56,56.0,0.0,72,72,72.0,0.0,4178.2275175453,65.2848049616,30635.0,0.0,30635,30635,0,0.0,0.0,0,0,0,0.0,0.0,0,0,0,0,0,0,32,32,32.6424024808,32.6424024808,56,72,61.3333333333,9.237604307,85.3333333333,0,0,0,0,0,0,0,0,1,92.0,56.0,72.0,32,0,0,0,0,0,0,1,56,1,72,-1,-1,0,32,0.0,0.0,0,0,0.0,0.0,0,0,benign,benign,0
80,656370,3,6,26,11607,20,0,8.666666667,10.26320288,4380,0,1934.5,2177.344966,17723.23537,13.71177842,82046.25,231504.8782,654991,3,1159,579.5,709.2281015,1081,78,656294,131258.8,292775.6714,654991,3,0,0,0,0,72,132,4.570592806,9.141185612,0,4380,1163.3,1903.962654,3625073.789,0,0,0,1,0,0,0,0,2,1292.555556,8.666666667,1934.5,72,0,0,0,0,0,0,3,26,6,11607,8192,229,2,20,0.0,0.0,0,0,0.0,0.0,0,0,ddos,ddos,1
53,35564059,2,2,111,337,72,39,55.5,23.3345237792,249,88,168.5,113.844191771,12.5969873124,0.112473101,11854686.3333333,20407992.2325661,35419802,60310,35480112,35480112.0,0.0,35480112,35480112,35503749,35503749.0,0.0,35503749,35503749,0,0,0,0,64,64,0.0562365505,0.0562365505,39,249,104.0,82.9969878972,6888.5,0,0,0,0,0,0,0,0,1,130.0,55.5,168.5,64,0,0,0,0,0,0,2,111,2,337,-1,-1,1,32,60310.0,0.0,60310,60310,35419802.0,0.0,35419802,35419802,benign,benign,0
10024,28,1,1,2,6,2,2,2.0,0.0,6,6,6.0,0.0,285714.2857,71428.57143,28.0,0.0,28,28,0,0.0,0.0,0,0,0,0.0,0.0,0,0,0,0,0,0,24,20,35714.28571,35714.28571,2,6,3.333333333,2.309401077,5.333333333,0,0,0,1,0,0,0,0,1,5.0,2.0,6.0,24,0,0,0,0,0,0,1,2,1,6,1024,0,0,24,0.0,0.0,0,0,0.0,0.0,0,0,portscan,portscan,1
80,6173875,4,0,24,0,6,6,6.0,0.0,0,0,0.0,0.0,3.887347897,0.647891316,2057958.333,3557364.089,6165647,1012,6173875,2057958.333,3557364.089,6165647,1012,0,0.0,0.0,0,0,0,0,0,0,80,0,0.647891316,0.0,6,6,6.0,0.0,0.0,0,0,0,0,1,0,0,0,0,7.5,6.0,0.0,80,0,0,0,0,0,0,4,24,0,0,256,-1,3,20,8228.0,0.0,8228,8228,6165647.0,0.0,6165647,6165647,ddos,ddos,1
123,174,2,2,96,96,48,48,48.0,0.0,48,48,48.0,0.0,1103448.27586207,22988.5057471264,58.0,60.6217782649,123,3,3,3.0,0.0,3,3,48,48.0,0.0,48,48,0,0,0,0,40,40,11494.2528735632,11494.2528735632,48,48,48.0,0.0,0.0,0,0,0,0,0,0,0,0,1,60.0,48.0,48.0,40,0,0,0,0,0,0,2,96,2,96,-1,-1,1,20,0.0,0.0,0,0,0.0,0.0,0,0,benign,benign,0
80,933346,3,4,26,11601,20,0,8.666666667,10.26320288,8675,0,2900.25,4088.041942,12457.33094,7.499898216,155557.6667,378894.0524,928966,2,3896,1948.0,2752.059592,3894,2,933283,311094.3333,535096.2954,928966,159,0,0,0,0,72,92,3.214242092,4.285656123,0,8675,1453.375,3091.095642,9554872.268,0,0,0,1,0,0,0,0,1,1661.0,8.666666667,2900.25,72,0,0,0,0,0,0,3,26,4,11601,8192,229,2,20,0.0,0.0,0,0,0.0,0.0,0,0,ddos,ddos,1
8083,44,1,1,2,6,2,2,2.0,0.0,6,6,6.0,0.0,181818.1818,45454.54545,44.0,0.0,44,44,0,0.0,0.0,0,0,0,0.0,0.0,0,0,0,0,0,0,24,20,22727.27273,22727.27273,2,6,3.333333333,2.309401077,5.333333333,0,0,0,1,0,0,0,0,1,5.0,2.0,6.0,24,0,0,0,0,0,0,1,2,1,6,1024,0,0,24,0.0,0.0,0,0,0.0,0.0,0,0,portscan,portscan,1
80,1372704,3,4,26,11607,20,0,8.666666667,10.26320288,11595,0,2901.75,5795.50069,8474.514535,5.099424202,228784.0,559966.1495,1371810,3,833,416.5,584.777308,830,3,1372545,457515.0,791802.7795,1371810,5,0,0,0,0,72,92,2.185467515,2.913956687,0,11595,1454.125,4097.537534,16800000.0,0,0,0,1,0,0,0,0,1,1661.857143,8.666666667,2901.75,72,0,0,0,0,0,0,3,26,4,11607,8192,229,2,20,0.0,0.0,0,0,0.0,0.0,0,0,ddos,ddos,1
2005,54,1,1,2,6,2,2,2.0,0.0,6,6,6.0,0.0,148148.1481,37037.03704,54.0,0.0,54,54,0,0.0,0.0,0,0,0,0.0,0.0,0,0,0,0,0,0,24,20,18518.51852,18518.51852,2,6,3.333333333,2.309401077,5.333333333,0,0,0,1,0,0,0,0,1,5.0,2.0,6.0,24,0,0,0,0,0,0,1,2,1,6,1024,0,0,24,0.0,0.0,0,0,0.0,0.0,0,0,portscan,portscan,1
443,2202312,2,0,12,0,6,6,6.0,0.0,0,0,0.0,0.0,5.4488192409,0.9081365401,2202312.0,0.0,2202312,2202312,2202312,2202312.0,0.0,2202312,2202312,0,0.0,0.0,0,0,0,0,0,0,40,0,0.9081365401,0.0,6,6,6.0,0.0,0.0,0,0,0,0,1,0,0,0,0,9.0,6.0,0.0,40,0,0,0,0,0,0,2,12,0,0,252,-1,1,20,0.0,0.0,0,0,0.0,0.0,0,0,benign,benign,0
443,11052441,7,8,3669,3664,3077,0,524.1428571429,1134.0006508775,1451,0,458.0,622.4926849828,663.473344938,1.3571662586,789460.071428571,2903997.62388471,10878917,4,173524,28920.6666666667,30565.2786191565,83939,128,11024948,1574992.57142857,4125265.89474791,10930149,4,0,0,0,0,152,168,0.633344254,0.7238220046,0,3077,458.3125,843.3509130249,711240.7625,0,0,0,1,0,0,0,0,1,488.8666666667,524.1428571429,458.0,152,0,0,0,0,0,0,7,3669,8,3664,8192,18980,6,20,0.0,0.0,0,0,0.0,0.0,0,0,benign,benign,0
80,33745,3,6,26,11607,20,0,8.666666667,10.26320288,5840,0,1934.5,2538.919278,344732.553,266.7061787,4218.125,11226.34243,31980,28,1448,724.0,953.179941,1398,50,33684,6736.8,14123.04198,31980,48,0,0,0,0,72,132,88.90205956,177.8041191,0,5840,1163.3,2138.329153,4572451.567,0,0,0,1,0,0,0,0,2,1292.555556,8.666666667,1934.5,72,0,0,0,0,0,0,3,26,6,11607,8192,229,2,20,0.0,0.0,0,0,0.0,0.0,0,0,ddos,ddos,1
51460,12075,3,1,103,6,66,6,34.3333333333,30.1385688667,6,6,6.0,0.0,9026.9151138716,331.2629399586,4025.0,6880.7498864586,11970,3,12075,6037.5,8534.0717421405,12072,3,0,0.0,0.0,0,0,1,0,0,0,60,20,248.4472049689,82.8157349896,6,66,35.0,30.083217913,905.0,0,1,0,0,1,0,0,0,0,43.75,34.3333333333,6.0,60,0,0,0,0,0,0,3,103,1,6,62,0,2,20,0.0,0.0,0,0,0.0,0.0,0,0,benign,benign,0
443,10334476,7,5,613,2710,342,0,87.5714285714,144.0114082783,1451,0,542.0,712.3773578659,321.545088498,1.1611619205,939497.818181818,3072265.32329745,10202595,5,10334476,1722412.66666667,4154512.80447547,10202595,149,58538,14634.5,17273.3775986825,34310,49,0,0,0,0,152,108,0.6773444537,0.4838174669,0,1451,255.6153846154,485.408168188,235621.08974359,0,0,0,1,0,0,0,0,0,276.9166666667,87.5714285714,542.0,152,0,0,0,0,0,0,7,613,5,2710,8192,11256,6,20,0.0,0.0,0,0,0.0,0.0,0,0,benign,benign,0
16080,44,1,1,2,6,2,2,2.0,0.0,6,6,6.0,0.0,181818.1818,45454.54545,44.0,0.0,44,44,0,0.0,0.0,0,0,0,0.0,0.0,0,0,0,0,0,0,24,20,22727.27273,22727.27273,2,6,3.333333333,2.309401077,5.333333333,0,0,0,1,0,0,0,0,1,5.0,2.0,6.0,24,0,0,0,0,0,0,1,2,1,6,1024,0,0,24,0.0,0.0,0,0,0.0,0.0,0,0,portscan,portscan,1
443,116453594,43,55,1387,70543,357,0,32.2558139535,82.9618653138,2984,6,1282.6,902.9811859736,617.670932509,0.8415369302,1200552.51546392,3184334.76673158,10012851,0,116453594,2772704.61904762,4470161.89339454,10155468,1,112814025,2089148.61111111,4111891.06554674,10157148,1,0,0,0,0,872,1100,0.3692457959,0.4722911343,0,2984,726.5656565657,917.9649537752,842659.656359514,0,0,0,1,0,0,0,0,1,733.9795918367,32.2558139535,1282.6,872,0,0,0,0,0,0,43,1387,55,70543,8192,63704,42,20,253379.181818182,377056.866968848,1390230,138239,10002751.2727273,5667.3148331621,10012851,9994708,benign,benign,0
51395,904,3,0,18,0,6,6,6.0,0.0,0,0,0.0,0.0,19911.5044247788,3318.5840707965,452.0,633.5676759431,900,4,904,452.0,633.5676759431,900,4,0,0.0,0.0,0,0,0,0,0,0,60,0,3318.5840707965,0.0,6,6,6.0,0.0,0.0,0,0,0,0,1,0,0,0,0,8.0,6.0,0.0,60,0,0,0,0,0,0,3,18,0,0,917,-1,2,20,0.0,0.0,0,0,0.0,0.0,0,0,benign,benign,0
80,5,1,1,6,1375,6,6,6.0,0.0,1375,1375,1375.0,0.0,276000000.0,400000.0,5.0,0.0,5,5,0,0.0,0.0,0,0,0,0.0,0.0,0,0,0,0,0,0,20,20,200000.0,200000.0,6,1375,462.3333333,790.3925185,624720.3333,0,0,0,0,1,0,0,0,1,693.5,6.0,1375.0,20,0,0,0,0,0,0,1,6,1,1375,256,229,0,20,0.0,0.0,0,0,0.0,0.0,0,0,ddos,ddos,1
3322,43,1,1,2,6,2,2,2.0,0.0,6,6,6.0,0.0,186046.5116,46511.62791,43.0,0.0,43,43,0,0.0,0.0,0,0,0,0.0,0.0,0,0,0,0,0,0,24,20,23255.81395,23255.81395,2,6,3.333333333,2.309401077,5.333333333,0,0,0,1,0,0,0,0,1,5.0,2.0,6.0,24,0,0,0,0,0,0,1,2,1,6,1024,0,0,24,0.0,0.0,0,0,0.0,0.0,0,0,portscan,portscan,1
80,1264489,3,6,26,11601,20,0,8.666666667,10.26320288,5840,0,1933.5,2189.772933,9195.018699,7.117499638,158061.125,435637.0148,1235961,15,28062,14031.0,18357.90625,27012,1050,1264366,252873.2,549697.1647,1235961,15,0,0,0,0,72,132,2.372499879,4.744999759,0,5840,1162.7,1911.59573,3654198.233,0,0,0,1,0,0,0,0,2,1291.888889,8.666666667,1933.5,72,0,0,0,0,0,0,3,26,6,11601,8192,229,2,20,0.0,0.0,0,0,0.0,0.0,0,0,ddos,ddos,1
53,69584,2,2,66,254,33,33,33.0,0.0,127,127,127.0,0.0,4598.7583352495,57.4844791906,23194.6666666667,40168.2789565763,69577,3,3,3.0,0.0,3,3,4,4.0,0.0,4,4,0,0,0,0,40,40,28.7422395953,28.7422395953,33,127,70.6,51.4859204055,2650.8,0,0,0,0,0,0,0,0,1,88.25,33.0,127.0,40,0,0,0,0,0,0,2,66,2,254,-1,-1,1,20,0.0,0.0,0,0,0.0,0.0,0,0,benign,benign,0
80,716,2,0,0,0,0,0,0.0,0.0,0,0,0.0,0.0,0.0,2793.2960893855,716.0,0.0,716,716,716,716.0,0.0,716,716,0,0.0,0.0,0,0,0,0,0,0,64,0,2793.2960893855,0.0,0,0,0.0,0.0,0.0,0,0,0,0,1,0,0,0,0,0.0,0.0,0.0,64,0,0,0,0,0,0,2,0,0,0,240,-1,0,32,0.0,0.0,0,0,0.0,0.0,0,0,benign,benign,0
443,336263,2,1,12,31,6,6,6.0,0.0,31,31,31.0,0.0,127.8760969836,8.9215881616,168131.5,237503.732771719,336072,191,191,191.0,0.0,191,191,0,0.0,0.0,0,0,0,0,0,0,40,32,5.9477254411,2.9738627205,6,31,12.25,12.5,156.25,1,0,0,0,0,0,0,0,0,16.3333333333,6.0,31.0,40,0,0,0,0,0,0,2,12,1,31,0,118,1,20,0.0,0.0,0,0,0.0,0.0,0,0,benign,benign,0
53,24560,2,2,64,536,32,32,32.0,0.0,268,268,268.0,0.0,24429.9674267101,162.8664495114,8186.6666666667,14134.7080031154,24508,3,49,49.0,0.0,49,49,3,3.0,0.0,3,3,0,0,0,0,64,40,81.4332247557,81.4332247557,32,268,126.4,129.2625235712,16708.8,0,0,0,0,0,0,0,0,1,158.0,32.0,268.0,64,0,0,0,0,0,0,2,64,2,536,-1,-1,1,32,0.0,0.0,0,0,0.0,0.0,0,0,benign,benign,0
1580,8,1,1,2,6,2,2,2.0,0.0,6,6,6.0,0.0,1000000.0,250000.0,8.0,0.0,8,8,0,0.0,0.0,0,0,0,0.0,0.0,0,0,0,0,0,0,24,20,125000.0,125000.0,2,6,3.333333333,2.309401077,5.333333333,0,0,0,1,0,0,0,0,1,5.0,2.0,6.0,24,0,0,0,0,0,0,1,2,1,6,1024,0,0,24,0.0,0.0,0,0,0.0,0.0,0,0,portscan,portscan,1
53,30423,1,1,47,63,47,47,47.0,0.0,63,63,63.0,0.0,3615.6855011011,65.7397363837,30423.0,0.0,30423,30423,0,0.0,0.0,0,0,0,0.0,0.0,0,0,0,0,0,0,32,32,32.8698681918,32.8698681918,47,63,52.3333333333,9.237604307,85.3333333333,0,0,0,0,0,0,0,0,1,78.5,47.0,63.0,32,0,0,0,0,0,0,1,47,1,63,-1,-1,0,32,0.0,0.0,0,0,0.0,0.0,0,0,benign,benign,0
5802,64,1,1,2,6,2,2,2.0,0.0,6,6,6.0,0.0,125000.0,31250.0,64.0,0.0,64,64,0,0.0,0.0,0,0,0,0.0,0.0,0,0,0,0,0,0,24,20,15625.0,15625.0,2,6,3.333333333,2.309401077,5.333333333,0,0,0,1,0,0,0,0,1,5.0,2.0,6.0,24,0,0,0,0,0,0,1,2,1,6,1024,0,0,24,0.0,0.0,0,0,0.0,0.0,0,0,portscan,portscan,1
3324,75,1,1,2,6,2,2,2.0,0.0,6,6,6.0,0.0,106666.6667,26666.66667,75.0,0.0,75,75,0,0.0,0.0,0,0,0,0.0,0.0,0,0,0,0,0,0,24,20,13333.33333,13333.33333,2,6,3.333333333,2.309401077,5.333333333,0,0,0,1,0,0,0,0,1,5.0,2.0,6.0,24,0,0,0,0,0,0,1,2,1,6,1024,0,0,24,0.0,0.0,0,0,0.0,0.0,0,0,portscan,portscan,1
59706,402,3,0,247,0,216,0,82.3333333333,116.7918376143,0,0,0.0,0.0,614427.860696517,7462.6865671642,201.0,280.0142853499,399,3,402,201.0,280.0142853499,399,3,0,0.0,0.0,0,0,0,0,0,0,96,0,7462.6865671642,0.0,0,216,61.75,103.8665008557,10788.25,0,0,0,0,1,0,0,0,0,82.3333333333,82.3333333333,0.0,96,0,0,0,0,0,0,3,247,0,0,118,-1,2,32,0.0,0.0,0,0,0.0,0.0,0,0,benign,benign,0
443,5161845,8,6,375,3903,194,0,46.875,72.7411015667,1460,0,650.5,681.6338459906,828.7734327551,2.7122085223,397065.0,1385963.38114083,5009481,3,5161845,737406.428571429,1883954.75220132,5009481,3,85311,17062.2,25593.971794155,58070,142,0,0,0,0,172,132,1.5498334413,1.162375081,0,1460,285.2,513.8479764066,264039.742857143,0,0,0,1,0,0,0,0,0,305.5714285714,46.875,650.5,172,0,0,0,0,0,0,8,375,6,3903,8192,946,7,20,152361.0,0.0,152361,152361,5009481.0,0.0,5009481,5009481,benign,benign,0
5859,76,1,1,2,6,2,2,2.0,0.0,6,6,6.0,0.0,105263.1579,26315.78947,76.0,0.0,76,76,0,0.0,0.0,0,0,0,0.0,0.0,0,0,0,0,0,0,24,20,13157.89474,13157.89474,2,6,3.333333333,2.309401077,5.333333333,0,0,0,1,0,0,0,0,1,5.0,2.0,6.0,24,0,0,0,0,0,0,1,2,1,6,1024,0,0,24,0.0,0.0,0,0,0.0,0.0,0,0,portscan,portscan,1
9418,38,1,1,2,6,2,2,2.0,0.0,6,6,6.0,0.0,210526.3158,52631.57895,38.0,0.0,38,38,0,0.0,0.0,0,0,0,0.0,0.0,0,0,0,0,0,0,24,20,26315.78947,26315.78947,2,6,3.333333333,2.309401077,5.333333333,0,0,0,1,0,0,0,0,1,5.0,2.0,6.0,24,0,0,0,0,0,0,1,2,1,6,1024,0,0,24,0.0,0.0,0,0,0.0,0.0,0,0,portscan,portscan,1
8099,45,1,1,2,6,2,2,2.0,0.0,6,6,6.0,0.0,177777.7778,44444.44444,45.0,0.0,45,45,0,0.0,0.0,0,0,0,0.0,0.0,0,0,0,0,0,0,24,20,22222.22222,22222.22222,2,6,3.333333333,2.309401077,5.333333333,0,0,0,1,0,0,0,0,1,5.0,2.0,6.0,24,0,0,0,0,0,0,1,2,1,6,1024,0,0,24,0.0,0.0,0,0,0.0,0.0,0,0,portscan,portscan,1
80,2779958,4,0,24,0,6,6,6.0,0.0,0,0,0.0,0.0,8.633223955,1.438870659,926652.6667,1605006.036,2779954,0,2779958,926652.6667,1605006.036,2779954,0,0,0.0,0.0,0,0,0,0,0,0,80,0,1.438870659,0.0,6,6,6.0,0.0,0.0,0,0,0,0,1,0,0,0,0,7.5,6.0,0.0,80,0,0,0,0,0,0,4,24,0,0,256,-1,3,20,0.0,0.0,0,0,0.0,0.0,0,0,ddos,ddos,1
80,17173,3,7,26,11601,20,0,8.666666667,10.26320288,2920,0,1657.285714,1314.996162,677051.185,582.3094392,1908.111111,3472.334389,10255,43,6032,3016.0,2848.226115,5030,1002,16916,2819.333333,4301.942383,10255,43,0,0,0,0,72,152,174.6928318,407.6166075,0,2920,1057.0,1315.75674,1731215.8,0,0,0,1,0,0,0,0,2,1162.7,8.666666667,1657.285714,72,0,0,0,0,0,0,3,26,7,11601,8192,229,2,20,0.0,0.0,0,0,0.0,0.0,0,0,ddos,ddos,1
7100,71,1,1,2,6,2,2,2.0,0.0,6,6,6.0,0.0,112676.0563,28169.01408,71.0,0.0,71,71,0,0.0,0.0,0,0,0,0.0,0.0,0,0,0,0,0,0,24,20,14084.50704,14084.50704,2,6,3.333333333,2.309401077,5.333333333,0,0,0,1,0,0,0,0,1,5.0,2.0,6.0,24,0,0,0,0,0,0,1,2,1,6,1024,0,0,24,0.0,0.0,0,0,0.0,0.0,0,0,portscan,portscan,1
443,1013779,14,12,1016,4252,418,0,72.5714285714,116.8257836963,1430,0,354.3333333333,538.1423152988,5196.3988206503,25.6466152879,40551.16,74119.4536540397,276865,1,1013779,77983.0,91667.9286246468,276865,3,902694,82063.0909090909,161416.917751179,519945,1,0,0,0,0,292,252,13.8097159243,11.8368993637,0,1430,195.1111111111,388.0676322234,150596.487179487,0,0,0,1,0,0,0,0,0,202.6153846154,72.5714285714,354.3333333333,292,0,0,0,0,0,0,14,1016,12,4252,8192,360,13,20,0.0,0.0,0,0,0.0,0.0,0,0,benign,benign,0
3737,46,1,1,2,6,2,2,2.0,0.0,6,6,6.0,0.0,173913.0435,43478.26087,46.0,0.0,46,46,0,0.0,0.0,0,0,0,0.0,0.0,0,0,0,0,0,0,24,20,21739.13043,21739.13043,2,6,3.333333333,2.309401077,5.333333333,0,0,0,1,0,0,0,0,1,5.0,2.0,6.0,24,0,0,0,0,0,0,1,2,1,6,1024,0,0,24,0.0,0.0,0,0,0.0,0.0,0,0,portscan,portscan,1
80,190883,3,5,26,11607,20,0,8.666666667,10.26320288,7215,0,2321.4,3327.769794,60943.09079,41.91048967,27269.0,71740.11422,189960,7,617,308.5,195.8685784,447,170,190851,47712.75,94831.93789,189960,7,0,0,0,0,72,112,15.71643363,26.19405604,0,7215,1292.555556,2650.585648,7025604.278,0,0,0,1,0,0,0,0,1,1454.125,8.666666667,2321.4,72,0,0,0,0,0,0,3,26,5,11607,8192,229,2,20,0.0,0.0,0,0,0.0,0.0,0,0,ddos,ddos,1
123,30022,1,1,48,48,48,48,48.0,0.0,48,48,48.0,0.0,3197.6550529612,66.6178136034,30022.0,0.0,30022,30022,0,0.0,0.0,0,0,0,0.0,0.0,0,0,0,0,0,0,20,20,33.3089068017,33.3089068017,48,48,48.0,0.0,0.0,0,0,0,0,0,0,0,0,1,72.0,48.0,48.0,20,0,0,0,0,0,0,1,48,1,48,-1,-1,0,20,0.0,0.0,0,0,0.0,0.0,0,0,benign,benign,0
80,911640,3,4,26,11601,20,0,8.666666667,10.26320288,10135,0,2900.25,4871.82583,12753.93796,7.678469571,151940.0,366804.2225,900631,97,10724,5362.0,7062.58253,10356,368,911525,303841.6667,516861.4789,900631,188,0,0,0,0,72,92,3.290772673,4.387696898,0,10135,1453.375,3544.652026,12600000.0,0,0,0,1,0,0,0,0,1,1661.0,8.666666667,2900.25,72,0,0,0,0,0,0,3,26,4,11601,8192,229,2,20,0.0,0.0,0,0,0.0,0.0,0,0,ddos,ddos,1
2040,46,1,1,2,6,2,2,2.0,0.0,6,6,6.0,0.0,173913.0435,43478.26087,46.0,0.0,46,46,0,0.0,0.0,0,0,0,0.0,0.0,0,0,0,0,0,0,24,20,21739.13043,21739.13043,2,6,3.333333333,2.309401077,5.333333333,0,0,0,1,0,0,0,0,1,5.0,2.0,6.0,24,0,0,0,0,0,0,1,2,1,6,1024,0,0,24,0.0,0.0,0,0,0.0,0.0,0,0,portscan,portscan,1
45100,72,1,1,2,6,2,2,2.0,0.0,6,6,6.0,0.0,111111.1111,27777.77778,72.0,0.0,72,72,0,0.0,0.0,0,0,0,0.0,0.0,0,0,0,0,0,0,24,20,13888.88889,13888.88889,2,6,3.333333333,2.309401077,5.333333333,0,0,0,1,0,0,0,0,1,5.0,2.0,6.0,24,0,0,0,0,0,0,1,2,1,6,1024,0,0,24,0.0,0.0,0,0,0.0,0.0,0,0,portscan,portscan,1
53,30788,1,1,64,117,64,64,64.0,0.0,117,117,117.0,0.0,5878.9138625439,64.9603741718,30788.0,0.0,30788,30788,0,0.0,0.0,0,0,0,0.0,0.0,0,0,0,0,0,0,20,20,32.4801870859,32.4801870859,64,117,81.6666666667,30.5995642671,936.3333333333,0,0,0,0,0,0,0,0,1,122.5,64.0,117.0,20,0,0,0,0,0,0,1,64,1,117,-1,-1,0,20,0.0,0.0,0,0,0.0,0.0,0,0,benign,benign,0
2038,57,1,1,2,6,2,2,2.0,0.0,6,6,6.0,0.0,140350.8772,35087.7193,57.0,0.0,57,57,0,0.0,0.0,0,0,0,0.0,0.0,0,0,0,0,0,0,24,20,17543.85965,17543.85965,2,6,3.333333333,2.309401077,5.333333333,0,0,0,1,0,0,0,0,1,5.0,2.0,6.0,24,0,0,0,0,0,0,1,2,1,6,1024,0,0,24,0.0,0.0,0,0,0.0,0.0,0,0,portscan,portscan,1
53,61952,1,1,54,117,54,54,54.0,0.0,117,117,117.0,0.0,2760.201446281,32.2830578512,61952.0,0.0,61952,61952,0,0.0,0.0,0,0,0,0.0,0.0,0,0,0,0,0,0,20,32,16.1415289256,16.1415289256,54,117,75.0,36.3730669589,1323.0,0,0,0,0,0,0,0,0,1,112.5,54.0,117.0,20,0,0,0,0,0,0,1,54,1,117,-1,-1,0,20,0.0,0.0,0,0,0.0,0.0,0,0,benign,benign,0
443,50362934,11,12,760,4645,391,0,69.0909090909,125.2600930428,1460,0,387.0833333333,568.5780442685,107.3209912671,0.4566850692,2289224.27272727,4235647.40733905,10005328,3,40678168,4067816.8,5173590.6586831,10107508,3992,50260370,4569124.54545455,5201864.98330651,10107793,3,0,0,0,0,232,300,0.2184145983,0.2382704709,0,1460,225.2083333333,434.7038951393,188967.476449275,0,0,0,1,0,0,0,0,1,235.0,69.0909090909,387.0833333333,232,0,0,0,0,0,0,11,760,12,4645,8192,245,10,20,154569.0,116635.665186511,363213,102180,9918017.2,187624.573762874,10005328,9582420,benign,benign,0
80,1110106,4,0,24,0,6,6,6.0,0.0,0,0,0.0,0.0,21.61955705,3.603259509,370035.3333,640149.2393,1109216,374,1110106,370035.3333,640149.2393,1109216,374,0,0.0,0.0,0,0,0,0,0,0,80,0,3.603259509,0.0,6,6,6.0,0.0,0.0,0,0,0,0,1,0,0,0,0,7.5,6.0,0.0,80,0,0,0,0,0,0,4,24,0,0,256,-1,3,20,0.0,0.0,0,0,0.0,0.0,0,0,ddos,ddos,1
53,114688,2,2,86,154,43,43,43.0,0.0,77,77,77.0,0.0,2092.6339285714,34.8772321429,38229.3333333333,66209.9515203971,114682,3,3,3.0,0.0,3,3,3,3.0,0.0,3,3,0,0,0,0,40,40,17.4386160714,17.4386160714,43,77,56.6,18.6225669552,346.8,0,0,0,0,0,0,0,0,1,70.75,43.0,77.0,40,0,0,0,0,0,0,2,86,2,154,-1,-1,1,20,0.0,0.0,0,0,0.0,0.0,0,0,benign,benign,0
443,365,2,0,0,0,0,0,0.0,0.0,0,0,0.0,0.0,0.0,5479.4520547945,365.0,0.0,365,365,365,365.0,0.0,365,365,0,0.0,0.0,0,0,0,0,0,0,64,0,5479.4520547945,0.0,0,0,0.0,0.0,0.0,0,0,0,0,1,0,0,0,0,0.0,0.0,0.0,64,0,0,0,0,0,0,2,0,0,0,1322,-1,0,32,0.0,0.0,0,0,0.0,0.0,0,0,benign,benign,0
80,10777711,5,0,30,0,6,6,6.0,0.0,0,0,0.0,0.0,2.783522401,0.4639204,2694427.75,5384859.936,10800000,1,10800000,2694427.75,5384859.936,10800000,1,0,0.0,0.0,0,0,0,0,0,0,100,0,0.4639204,0.0,6,6,6.0,0.0,0.0,0,0,0,0,1,0,0,0,0,7.2,6.0,0.0,100,0,0,0,0,0,0,5,30,0,0,256,-1,4,20,5994.0,0.0,5994,5994,10800000.0,0.0,10800000,10800000,ddos,ddos,1
80,1075297,3,4,26,11607,20,0,8.666666667,10.26320288,11595,0,2901.75,5795.50069,10818.40645,6.509829377,179216.1667,438483.2096,1074266,5,983,491.5,625.7895014,934,49,1075250,358416.6667,619943.8992,1074266,5,0,0,0,0,72,92,2.789926876,3.719902501,0,11595,1454.125,4097.537534,16800000.0,0,0,0,1,0,0,0,0,1,1661.857143,8.666666667,2901.75,72,0,0,0,0,0,0,3,26,4,11607,8192,229,2,20,0.0,0.0,0,0,0.0,0.0,0,0,ddos,ddos,1
80,1416715,3,5,26,11607,20,0,8.666666667,10.26320288,5840,0,2321.4,3173.373883,8211.249263,5.646866166,202387.8571,534968.8362,1415583,7,889,444.5,449.0128061,762,127,1416703,354175.75,707604.9437,1415583,7,0,0,0,0,72,112,2.117574812,3.529291354,0,5840,1292.555556,2554.159212,6523729.278,0,0,0,1,0,0,0,0,1,1454.125,8.666666667,2321.4,72,0,0,0,0,0,0,3,26,5,11607,8192,229,2,20,0.0,0.0,0,0,0.0,0.0,0,0,ddos,ddos,1
80,6052854,4,0,24,0,6,6,6.0,0.0,0,0,0.0,0.0,3.965071684,0.660845281,2017618.0,3492883.103,6050852,996,6052854,2017618.0,3492883.103,6050852,996,0,0.0,0.0,0,0,0,0,0,0,80,0,0.660845281,0.0,6,6,6.0,0.0,0.0,0,0,0,0,1,0,0,0,0,7.5,6.0,0.0,80,0,0,0,0,0,0,4,24,0,0,256,-1,3,20,2002.0,0.0,2002,2002,6050852.0,0.0,6050852,6050852,ddos,ddos,1
443,1888571,2,0,12,0,6,6,6.0,0.0,0,0,0.0,0.0,6.3540105191,1.0590017532,1888571.0,0.0,1888571,1888571,1888571,1888571.0,0.0,1888571,1888571,0,0.0,0.0,0,0,0,0,0,0,40,0,1.0590017532,0.0,6,6,6.0,0.0,0.0,0,0,0,0,1,0,0,0,0,9.0,6.0,0.0,40,0,0,0,0,0,0,2,12,0,0,251,-1,1,20,0.0,0.0,0,0,0.0,0.0,0,0,benign,benign,0
80,898171,3,5,26,11607,20,0,8.666666667,10.26320288,7215,0,2321.4,3327.769794,12951.87665,8.906989872,128310.1429,338985.5739,897057,3,892,446.0,404.4650788,732,160,898106,224526.5,448353.8311,897057,3,0,0,0,0,72,112,3.340121202,5.56686867,0,7215,1292.555556,2650.585648,7025604.278,0,0,0,1,0,0,0,0,1,1454.125,8.666666667,2321.4,72,0,0,0,0,0,0,3,26,5,11607,8192,229,2,20,0.0,0.0,0,0,0.0,0.0,0,0,ddos,ddos,1
80,9211772,5,0,30,0,6,6,6.0,0.0,0,0,0.0,0.0,3.256702402,0.542783734,2302943.0,4602550.318,9206768,3,9211772,2302943.0,4602550.318,9206768,3,0,0.0,0.0,0,0,0,0,0,0,100,0,0.542783734,0.0,6,6,6.0,0.0,0.0,0,0,0,0,1,0,0,0,0,7.2,6.0,0.0,100,0,0,0,0,0,0,5,30,0,0,256,-1,4,20,5004.0,0.0,5004,5004,9206768.0,0.0,9206768,9206768,ddos,ddos,1
3221,1,1,1,2,6,2,2,2.0,0.0,6,6,6.0,0.0,8000000.0,2000000.0,1.0,0.0,1,1,0,0.0,0.0,0,0,0,0.0,0.0,0,0,0,0,0,0,24,20,1000000.0,1000000.0,2,6,3.333333333,2.309401077,5.333333333,0,0,0,1,0,0,0,0,1,5.0,2.0,6.0,24,0,0,0,0,0,0,1,2,1,6,1024,0,0,24,0.0,0.0,0,0,0.0,0.0,0,0,portscan,portscan,1
80,1090580,3,6,26,11607,20,0,8.666666667,10.26320288,5840,0,1934.5,2538.919278,10666.80115,8.252489501,136322.5,385053.4372,1089281,15,937,468.5,372.6452737,732,205,1090515,218103.0,487003.4659,1089281,15,0,0,0,0,72,132,2.750829834,5.501659667,0,5840,1163.3,2138.329153,4572451.567,0,0,0,1,0,0,0,0,2,1292.555556,8.666666667,1934.5,72,0,0,0,0,0,0,3,26,6,11607,8192,229,2,20,0.0,0.0,0,0,0.0,0.0,0,0,ddos,ddos,1
80,1268693,3,6,26,11601,20,0,8.666666667,10.26320288,5840,0,1933.5,2189.772933,9164.549659,7.093914761,158586.625,437436.4817,1240959,47,27022,13511.0,17691.81167,26021,1001,1268595,253719.0,552009.9994,1240959,47,0,0,0,0,72,132,2.364638254,4.729276507,0,5840,1162.7,1911.59573,3654198.233,0,0,0,1,0,0,0,0,2,1291.888889,8.666666667,1933.5,72,0,0,0,0,0,0,3,26,6,11601,8192,229,2,20,0.0,0.0,0,0,0.0,0.0,0,0,ddos,ddos,1
443,11053778,7,8,3669,3664,3077,0,524.1428571429,1134.0006508775,1451,0,458.0,622.4926849828,663.3930951029,1.3570021037,789555.571428572,2902253.94310257,10872947,4,180831,30138.5,32993.2027833007,90572,191,11026240,1575177.14285714,4124639.6312799,10928919,4,0,0,0,0,152,168,0.6332676484,0.7237344553,0,3077,458.3125,843.3509130249,711240.7625,0,0,0,1,0,0,0,0,1,488.8666666667,524.1428571429,458.0,152,0,0,0,0,0,0,7,3669,8,3664,8192,18980,6,20,0.0,0.0,0,0,0.0,0.0,0,0,benign,benign,0
443,2393974,5,5,287,188,224,0,57.4,95.3614177747,145,0,37.6,61.2151941923,198.4148532941,4.1771548062,265997.111111111,725013.530061068,2197366,3,2393974,598493.5,1124724.91663117,2285146,403,2343373,585843.25,1074969.69760373,2197366,3,0,0,0,0,112,112,2.0885774031,2.0885774031,0,224,43.1818181818,73.7533974564,5439.5636363636,0,0,0,1,0,0,0,0,1,47.5,57.4,37.6,112,0,0,0,0,0,0,5,287,5,188,8192,110,4,20,0.0,0.0,0,0,0.0,0.0,0,0,benign,benign,0
49154,62,1,1,2,6,2,2,2.0,0.0,6,6,6.0,0.0,129032.2581,32258.06452,62.0,0.0,62,62,0,0.0,0.0,0,0,0,0.0,0.0,0,0,0,0,0,0,24,20,16129.03226,16129.03226,2,6,3.333333333,2.309401077,5.333333333,0,0,0,1,0,0,0,0,1,5.0,2.0,6.0,24,0,0,0,0,0,0,1,2,1,6,1024,0,0,24,0.0,0.0,0,0,0.0,0.0,0,0,portscan,portscan,1
53,23406,1,1,56,256,56,56,56.0,0.0,256,256,256.0,0.0,13329.9154063061,85.4481756814,23406.0,0.0,23406,23406,0,0.0,0.0,0,0,0,0.0,0.0,0,0,0,0,0,0,20,32,42.7240878407,42.7240878407,56,256,122.6666666667,115.4700538379,13333.3333333333,0,0,0,0,0,0,0,0,1,184.0,56.0,256.0,20,0,0,0,0,0,0,1,56,1,256,-1,-1,0,20,0.0,0.0,0,0,0.0,0.0,0,0,benign,benign,0
53,31457,2,2,54,210,27,27,27.0,0.0,105,105,105.0,0.0,8392.4086848714,127.1577073465,10485.6666666667,18156.5112654754,31451,3,3,3.0,0.0,3,3,3,3.0,0.0,3,3,0,0,0,0,64,40,63.5788536733,63.5788536733,27,105,58.2,42.7223594854,1825.2,0,0,0,0,0,0,0,0,1,72.75,27.0,105.0,64,0,0,0,0,0,0,2,54,2,210,-1,-1,1,32,0.0,0.0,0,0,0.0,0.0,0,0,benign,benign,0
80,80145,2,4,20,11601,20,0,10.0,14.14213562,7300,0,2900.25,3563.297197,144999.6881,74.86430844,16029.0,25208.90044,57800,20,22186,22186.0,0.0,22186,22186,79998,26666.0,29105.25841,57800,139,0,0,0,0,52,92,24.95476948,49.90953896,0,7300,1660.142857,2956.488369,8740823.476,0,0,0,1,0,0,0,0,2,1936.833333,10.0,2900.25,52,0,0,0,0,0,0,2,20,4,11601,8192,229,1,20,0.0,0.0,0,0,0.0,0.0,0,0,ddos,ddos,1
51576,1,2,0,37,0,31,6,18.5,17.6776695297,0,0,0.0,0.0,37000000.0,2000000.0,1.0,0.0,1,1,1,1.0,0.0,1,1,0,0.0,0.0,0,0,1,0,0,0,40,0,2000000.0,0.0,6,31,22.6666666667,14.4337567297,208.3333333333,0,1,0,0,1,0,0,0,0,34.0,18.5,0.0,40,0,0,0,0,0,0,2,37,0,0,946,-1,1,20,0.0,0.0,0,0,0.0,0.0,0,0,benign,benign,0
53,30364,1,1,65,130,65,65,65.0,0.0,130,130,130.0,0.0,6422.0787774997,65.867474641,30364.0,0.0,30364,30364,0,0.0,0.0,0,0,0,0.0,0.0,0,0,0,0,0,0,32,20,32.9337373205,32.9337373205,65,130,86.6666666667,37.5277674973,1408.3333333333,0,0,0,0,0,0,0,0,1,130.0,65.0,130.0,32,0,0,0,0,0,0,1,65,1,130,-1,-1,0,32,0.0,0.0,0,0,0.0,0.0,0,0,benign,benign,0
62368,3,2,0,12,0,6,6,6.0,0.0,0,0,0.0,0.0,4000000.0,666666.666666667,3.0,0.0,3,3,3,3.0,0.0,3,3,0,0.0,0.0,0,0,0,0,0,0,40,0,666666.666666667,0.0,6,6,6.0,0.0,0.0,0,0,0,0,1,0,0,0,0,9.0,6.0,0.0,40,0,0,0,0,0,0,2,12,0,0,4631,-1,1,20,0.0,0.0,0,0,0.0,0.0,0,0,benign,benign,0
443,311,2,0,0,0,0,0,0.0,0.0,0,0,0.0,0.0,0.0,6430.8681672026,311.0,0.0,311,311,311,311.0,0.0,311,311,0,0.0,0.0,0,0,0,0,0,0,64,0,6430.8681672026,0.0,0,0,0.0,0.0,0.0,0,0,0,0,1,0,0,0,0,0.0,0.0,0.0,64,0,0,0,0,0,0,2,0,0,0,486,-1,0,32,0.0,0.0,0,0,0.0,0.0,0,0,benign,benign,0
443,3441293,12,9,691,5784,383,0,57.5833333333,119.0488504265,1448,0,642.6666666667,649.9934615056,1881.560215884,6.1023574569,172064.65,606491.117180169,2719008,7,3441293,312844.818181818,806508.756694658,2719037,223,3390144,423768.0,940753.16323222,2719044,48,0,0,0,0,392,296,3.487061404,2.615296053,0,1448,294.3181818182,506.486251058,256528.322510823,0,0,0,1,0,0,0,0,0,308.3333333333,57.5833333333,642.6666666667,392,0,0,0,0,0,0,12,691,9,5784,29200,114,3,32,0.0,0.0,0,0,0.0,0.0,0,0,benign,benign,0
80,42116,2,5,20,11601,20,0,10.0,14.14213562,5840,0,2320.2,2436.833027,275928.3883,166.2076171,7019.333333,11559.88171,27916,36,27952,27952.0,0.0,27952,27952,42080,10520.0,13214.75529,27966,166,0,0,0,0,52,112,47.48789059,118.7197265,0,5840,1452.625,2197.033906,4826957.982,0,0,0,1,0,0,0,0,2,1660.142857,10.0,2320.2,52,0,0,0,0,0,0,2,20,5,11601,8192,229,1,20,0.0,0.0,0,0,0.0,0.0,0,0,ddos,ddos,1
80,10747702,4,0,24,0,6,6,6.0,0.0,0,0,0.0,0.0,2.23303549,0.372172582,3582567.333,6200859.884,10700000,3,10700000,3582567.333,6200859.884,10700000,3,0,0.0,0.0,0,0,0,0,0,0,80,0,0.372172582,0.0,6,6,6.0,0.0,0.0,0,0,0,0,1,0,0,0,0,7.5,6.0,0.0,80,0,0,0,0,0,0,4,24,0,0,256,-1,3,20,4999.0,0.0,4999,4999,10700000.0,0.0,10700000,10700000,ddos,ddos,1
443,5805413,8,6,372,4213,191,0,46.5,71.8768788574,1460,0,702.1666666667,700.7990915139,789.7801586209,2.4115424691,446570.230769231,1559403.56628815,5636198,3,5805413,829344.714285714,2119848.54934959,5636198,3,81618,16323.6,21835.3608122238,43087,49,0,0,0,0,172,132,1.378024268,1.033518201,0,1460,305.6666666667,538.9013515168,290414.666666667,0,0,0,1,0,0,0,0,0,327.5,46.5,702.1666666667,172,0,0,0,0,0,0,8,372,6,4213,8192,946,7,20,169212.0,0.0,169212,169212,5636198.0,0.0,5636198,5636198,benign,benign,0
80,1035013,5,0,30,0,6,6,6.0,0.0,0,0,0.0,0.0,28.98514318,4.830857197,258753.25,515507.8088,1032014,3,1035013,258753.25,515507.8088,1032014,3,0,0.0,0.0,0,0,0,0,0,0,100,0,4.830857197,0.0,6,6,6.0,0.0,0.0,0,0,0,0,1,0,0,0,0,7.2,6.0,0.0,100,0,0,0,0,0,0,5,30,0,0,256,-1,4,20,0.0,0.0,0,0,0.0,0.0,0,0,ddos,ddos,1
2041,82,1,1,2,6,2,2,2.0,0.0,6,6,6.0,0.0,97560.97561,24390.2439,82.0,0.0,82,82,0,0.0,0.0,0,0,0,0.0,0.0,0,0,0,0,0,0,24,20,12195.12195,12195.12195,2,6,3.333333333,2.309401077,5.333333333,0,0,0,1,0,0,0,0,1,5.0,2.0,6.0,24,0,0,0,0,0,0,1,2,1,6,1024,0,0,24,0.0,0.0,0,0,0.0,0.0,0,0,portscan,portscan,1
80,1308472,3,7,26,11601,20,0,8.666666667,10.26320288,4380,0,1657.285714,1561.969346,8885.937185,7.642502094,145385.7778,431190.3305,1295180,5,11980,5990.0,8464.068171,11975,5,1308423,218070.5,527697.1865,1295180,55,0,0,0,0,72,152,2.292750628,5.349751466,0,4380,1057.0,1468.855269,2157535.8,0,0,0,1,0,0,0,0,2,1162.7,8.666666667,1657.285714,72,0,0,0,0,0,0,3,26,7,11601,8192,229,2,20,0.0,0.0,0,0,0.0,0.0,0,0,ddos,ddos,1
80,888589,3,7,26,11601,20,0,8.666666667,10.26320288,4380,0,1657.285714,1561.969346,13084.78948,11.25379675,98732.11111,287923.5293,866295,17,21726,10863.0,15274.92069,21664,62,888484,148080.6667,351957.4021,866295,17,0,0,0,0,72,152,3.376139025,7.877657725,0,4380,1057.0,1468.855269,2157535.8,0,0,0,1,0,0,0,0,2,1162.7,8.666666667,1657.285714,72,0,0,0,0,0,0,3,26,7,11601,8192,229,2,20,0.0,0.0,0,0,0.0,0.0,0,0,ddos,ddos,1
2010,23,1,1,2,6,2,2,2.0,0.0,6,6,6.0,0.0,347826.087,86956.52174,23.0,0.0,23,23,0,0.0,0.0,0,0,0,0.0,0.0,0,0,0,0,0,0,24,20,43478.26087,43478.26087,2,6,3.333333333,2.309401077,5.333333333,0,0,0,1,0,0,0,0,1,5.0,2.0,6.0,24,0,0,0,0,0,0,1,2,1,6,1024,0,0,24,0.0,0.0,0,0,0.0,0.0,0,0,portscan,portscan,1
7435,47,1,1,2,6,2,2,2.0,0.0,6,6,6.0,0.0,170212.766,42553.19149,47.0,0.0,47,47,0,0.0,0.0,0,0,0,0.0,0.0,0,0,0,0,0,0,24,20,21276.59574,21276.59574,2,6,3.333333333,2.309401077,5.333333333,0,0,0,1,0,0,0,0,1,5.0,2.0,6.0,24,0,0,0,0,0,0,1,2,1,6,1024,0,0,24,0.0,0.0,0,0,0.0,0.0,0,0,portscan,portscan,1
80,49698,3,5,26,11601,20,0,8.666666667,10.26320288,7300,0,2320.2,3022.508098,233953.0766,160.9722725,7099.714286,12402.53126,31382,97,17605,8802.5,11860.30204,17189,416,49554,12388.5,15049.10517,31382,196,0,0,0,0,72,112,60.3646022,100.6076703,0,7300,1291.888889,2460.652985,6054813.111,0,0,0,1,0,0,0,0,1,1453.375,8.666666667,2320.2,72,0,0,0,0,0,0,3,26,5,11601,8192,229,2,20,0.0,0.0,0,0,0.0,0.0,0,0,ddos,ddos,1
80,263560,3,4,26,11601,20,0,8.666666667,10.26320288,7300,0,2900.25,3563.297197,44115.19199,26.55941721,43926.66667,88752.58165,222172,103,41023,20511.5,27726.364,40117,906,263457,87819.0,118136.6556,222172,192,0,0,0,0,72,92,11.38260738,15.17680983,0,7300,1453.375,2798.956588,7834157.982,0,0,0,1,0,0,0,0,1,1661.0,8.666666667,2900.25,72,0,0,0,0,0,0,3,26,4,11601,8192,229,2,20,0.0,0.0,0,0,0.0,0.0,0,0,ddos,ddos,1
80,6649250,4,0,24,0,6,6,6.0,0.0,0,0,0.0,0.0,3.609429635,0.601571606,2216416.667,3838283.769,6648485,316,6649250,2216416.667,3838283.769,6648485,316,0,0.0,0.0,0,0,0,0,0,0,80,0,0.601571606,0.0,6,6,6.0,0.0,0.0,0,0,0,0,1,0,0,0,0,7.5,6.0,0.0,80,0,0,0,0,0,0,4,24,0,0,256,-1,3,20,765.0,0.0,765,765,6648485.0,0.0,6648485,6648485,ddos,ddos,1
62465,1004010,2,0,12,0,6,6,6.0,0.0,0,0,0.0,0.0,11.9520721905,1.9920120318,1004010.0,0.0,1004010,1004010,1004010,1004010.0,0.0,1004010,1004010,0,0.0,0.0,0,0,0,0,0,0,40,0,1.9920120318,0.0,6,6,6.0,0.0,0.0,0,0,0,0,1,0,0,0,0,9.0,6.0,0.0,40,0,0,0,0,0,0,2,12,0,0,6350,-1,1,20,0.0,0.0,0,0,0.0,0.0,0,0,benign,benign,0
1097,98,1,1,2,6,2,2,2.0,0.0,6,6,6.0,0.0,81632.65306,20408.16327,98.0,0.0,98,98,0,0.0,0.0,0,0,0,0.0,0.0,0,0,0,0,0,0,24,20,10204.08163,10204.08163,2,6,3.333333333,2.309401077,5.333333333,0,0,0,1,0,0,0,0,1,5.0,2.0,6.0,24,0,0,0,0,0,0,1,2,1,6,1024,0,0,24,0.0,0.0,0,0,0.0,0.0,0,0,portscan,portscan,1
443,10962138,7,7,667,6100,517,0,95.2857142857,191.3780850269,2840,0,871.4285714286,1070.3287434464,617.3065874558,1.2771231305,843241.384615385,2986249.3428588,10781784,50,10962138,1827023.0,4387014.59125889,10781784,116,115070,19178.3333333333,28800.8387146393,59219,50,0,0,0,0,152,152,0.6385615653,0.6385615653,0,2840,451.1333333333,820.2711108153,672844.695238095,0,0,0,1,0,0,0,0,1,483.3571428571,95.2857142857,871.4285714286,152,0,0,0,0,0,0,7,667,7,6100,8192,231,6,20,0.0,0.0,0,0,0.0,0.0,0,0,benign,benign,0
3000,40,1,1,2,6,2,2,2.0,0.0,6,6,6.0,0.0,200000.0,50000.0,40.0,0.0,40,40,0,0.0,0.0,0,0,0,0.0,0.0,0,0,0,0,0,0,24,20,25000.0,25000.0,2,6,3.333333333,2.309401077,5.333333333,0,0,0,1,0,0,0,0,1,5.0,2.0,6.0,24,0,0,0,0,0,0,1,2,1,6,1024,0,0,24,0.0,0.0,0,0,0.0,0.0,0,0,portscan,portscan,1
8082,7,1,1,2,6,2,2,2.0,0.0,6,6,6.0,0.0,1142857.143,285714.2857,7.0,0.0,7,7,0,0.0,0.0,0,0,0,0.0,0.0,0,0,0,0,0,0,24,20,142857.1429,142857.1429,2,6,3.333333333,2.309401077,5.333333333,0,0,0,1,0,0,0,0,1,5.0,2.0,6.0,24,0,0,0,0,0,0,1,2,1,6,1024,0,0,24,0.0,0.0,0,0,0.0,0.0,0,0,portscan,portscan,1
15660,61,1,1,2,6,2,2,2.0,0.0,6,6,6.0,0.0,131147.541,32786.88525,61.0,0.0,61,61,0,0.0,0.0,0,0,0,0.0,0.0,0,0,0,0,0,0,24,20,16393.44262,16393.44262,2,6,3.333333333,2.309401077,5.333333333,0,0,0,1,0,0,0,0,1,5.0,2.0,6.0,24,0,0,0,0,0,0,1,2,1,6,1024,0,0,24,0.0,0.0,0,0,0.0,0.0,0,0,portscan,portscan,1
443,5394221,2,0,12,0,6,6,6.0,0.0,0,0,0.0,0.0,2.2246029594,0.3707671599,5394221.0,0.0,5394221,5394221,5394221,5394221.0,0.0,5394221,5394221,0,0.0,0.0,0,0,0,0,0,0,40,0,0.3707671599,0.0,6,6,6.0,0.0,0.0,0,0,0,0,1,0,0,0,0,9.0,6.0,0.0,40,0,0,0,0,0,0,2,12,0,0,254,-1,1,20,0.0,0.0,0,0,0.0,0.0,0,0,benign,benign,0
80,788494,3,6,26,11601,20,0,8.666666667,10.26320288,4380,0,1933.5,1757.789948,14745.83193,11.41416422,98561.75,269551.9979,765402,11,22042,11021.0,15570.49132,22031,11,788426,157685.2,339855.1449,765402,49,0,0,0,0,72,132,3.804721406,7.609442811,0,4380,1162.7,1645.241762,2706820.456,0,0,0,1,0,0,0,0,2,1291.888889,8.666666667,1933.5,72,0,0,0,0,0,0,3,26,6,11601,8192,229,2,20,0.0,0.0,0,0,0.0,0.0,0,0,ddos,ddos,1
53,133842,1,1,44,278,44,44,44.0,0.0,278,278,278.0,0.0,2405.8217898716,14.9429924837,133842.0,0.0,133842,133842,0,0.0,0.0,0,0,0,0.0,0.0,0,0,0,0,0,0,32,32,7.4714962418,7.4714962418,44,278,122.0,135.0999629904,18252.0,0,0,0,0,0,0,0,0,1,183.0,44.0,278.0,32,0,0,0,0,0,0,1,44,1,278,-1,-1,0,32,0.0,0.0,0,0,0.0,0.0,0,0,benign,benign,0
80,564684,3,6,26,11601,20,0,8.666666667,10.26320288,4380,0,1933.5,1757.789948,20590.27704,15.9381176,70585.5,186769.2398,532049,16,32063,16031.5,21290.27807,31086,977,564590,112918.0,234715.8524,532049,16,0,0,0,0,72,132,5.312705867,10.62541173,0,4380,1162.7,1645.241762,2706820.456,0,0,0,1,0,0,0,0,2,1291.888889,8.666666667,1933.5,72,0,0,0,0,0,0,3,26,6,11601,8192,229,2,20,0.0,0.0,0,0,0.0,0.0,0,0,ddos,ddos,1
48080,42,1,1,2,6,2,2,2.0,0.0,6,6,6.0,0.0,190476.1905,47619.04762,42.0,0.0,42,42,0,0.0,0.0,0,0,0,0.0,0.0,0,0,0,0,0,0,24,20,23809.52381,23809.52381,2,6,3.333333333,2.309401077,5.333333333,0,0,0,1,0,0,0,0,1,5.0,2.0,6.0,24,0,0,0,0,0,0,1,2,1,6,1024,0,0,24,0.0,0.0,0,0,0.0,0.0,0,0,portscan,portscan,1
80,117560464,17,15,529,985,445,0,31.1176470588,106.6734985557,979,0,65.6666666667,252.6707814717,12.8784792819,0.2722003547,3792273.03225806,4776780.38252088,10009324,22,117560464,7347529.0,4252746.38727072,10031363,23801,112162551,8011610.78571429,4007785.73031835,10032734,11858,0,0,0,0,364,456,0.1446064384,0.1275939163,0,979,45.8787878788,184.3523727769,33985.7973484849,0,0,0,1,0,0,0,0,0,47.3125,31.1176470588,65.6666666667,364,0,0,0,0,0,0,17,529,15,985,8192,119,15,20,197916.636363636,582212.600288464,1953353,21929,9998829.72727273,16844.9024579598,10009324,9949646,benign,benign,0
123,69017786,2,2,96,96,48,48,48.0,0.0,48,48,48.0,0.0,2.7818916127,0.0579560753,23005928.6666667,39816088.074151,68981587,17724,69000062,69000062.0,0.0,69000062,69000062,68999311,68999311.0,0.0,68999311,68999311,0,0,0,0,40,40,0.0289780376,0.0289780376,48,48,48.0,0.0,0.0,0,0,0,0,0,0,0,0,1,60.0,48.0,48.0,40,0,0,0,0,0,0,2,96,2,96,-1,-1,1,20,18475.0,0.0,18475,18475,68981587.0,0.0,68981587,68981587,benign,benign,0
35500,44,1,1,2,6,2,2,2.0,0.0,6,6,6.0,0.0,181818.1818,45454.54545,44.0,0.0,44,44,0,0.0,0.0,0,0,0,0.0,0.0,0,0,0,0,0,0,24,20,22727.27273,22727.27273,2,6,3.333333333,2.309401077,5.333333333,0,0,0,1,0,0,0,0,1,5.0,2.0,6.0,24,0,0,0,0,0,0,1,2,1,6,1024,0,0,24,0.0,0.0,0,0,0.0,0.0,0,0,portscan,portscan,1
80,779761,3,5,26,11607,20,0,8.666666667,10.26320288,10135,0,2321.4,4413.201989,14918.6738,10.25955389,111394.4286,294095.055,778339,46,1037,518.5,641.3458505,972,65,779665,194916.25,388948.6909,778339,168,0,0,0,0,72,112,3.847332708,6.412221181,0,10135,1292.555556,3350.634907,11200000.0,0,0,0,1,0,0,0,0,1,1454.125,8.666666667,2321.4,72,0,0,0,0,0,0,3,26,5,11607,8192,229,2,20,0.0,0.0,0,0,0.0,0.0,0,0,ddos,ddos,1
80,1105847,4,0,24,0,6,6,6.0,0.0,0,0,0.0,0.0,21.70282146,3.61713691,368615.6667,637590.0376,1104841,3,1105847,368615.6667,637590.0376,1104841,3,0,0.0,0.0,0,0,0,0,0,0,80,0,3.61713691,0.0,6,6,6.0,0.0,0.0,0,0,0,0,1,0,0,0,0,7.5,6.0,0.0,80,0,0,0,0,0,0,4,24,0,0,256,-1,3,20,0.0,0.0,0,0,0.0,0.0,0,0,ddos,ddos,1
80,5771868,5,0,30,0,6,6,6.0,0.0,0,0,0.0,0.0,5.197624062,0.866270677,1442967.0,2885251.373,5770844,1,5771868,1442967.0,2885251.373,5770844,1,0,0.0,0.0,0,0,0,0,0,0,100,0,0.866270677,0.0,6,6,6.0,0.0,0.0,0,0,0,0,1,0,0,0,0,7.2,6.0,0.0,100,0,0,0,0,0,0,5,30,0,0,256,-1,4,20,1024.0,0.0,1024,1024,5770844.0,0.0,5770844,5770844,ddos,ddos,1
443,37401,2,0,12,0,6,6,6.0,0.0,0,0,0.0,0.0,320.8470361755,53.4745060293,37401.0,0.0,37401,37401,37401,37401.0,0.0,37401,37401,0,0.0,0.0,0,0,0,0,0,0,40,0,53.4745060293,0.0,6,6,6.0,0.0,0.0,0,0,0,0,1,0,0,0,0,9.0,6.0,0.0,40,0,0,0,0,0,0,2,12,0,0,251,-1,1,20,0.0,0.0,0,0,0.0,0.0,0,0,benign,benign,0
1046,44,1,1,2,6,2,2,2.0,0.0,6,6,6.0,0.0,181818.1818,45454.54545,44.0,0.0,44,44,0,0.0,0.0,0,0,0,0.0,0.0,0,0,0,0,0,0,24,20,22727.27273,22727.27273,2,6,3.333333333,2.309401077,5.333333333,0,0,0,1,0,0,0,0,1,5.0,2.0,6.0,24,0,0,0,0,0,0,1,2,1,6,1024,0,0,24,0.0,0.0,0,0,0.0,0.0,0,0,portscan,portscan,1
80,1391978,4,0,24,0,6,6,6.0,0.0,0,0,0.0,0.0,17.24165181,2.873608635,463992.6667,803025.8099,1391247,317,1391978,463992.6667,803025.8099,1391247,317,0,0.0,0.0,0,0,0,0,0,0,80,0,2.873608635,0.0,6,6,6.0,0.0,0.0,0,0,0,0,1,0,0,0,0,7.5,6.0,0.0,80,0,0,0,0,0,0,4,24,0,0,256,-1,3,20,0.0,0.0,0,0,0.0,0.0,0,0,ddos,ddos,1
6839,72,1,1,2,6,2,2,2.0,0.0,6,6,6.0,0.0,111111.1111,27777.77778,72.0,0.0,72,72,0,0.0,0.0,0,0,0,0.0,0.0,0,0,0,0,0,0,24,20,13888.88889,13888.88889,2,6,3.333333333,2.309401077,5.333333333,0,0,0,1,0,0,0,0,1,5.0,2.0,6.0,24,0,0,0,0,0,0,1,2,1,6,1024,0,0,24,0.0,0.0,0,0,0.0,0.0,0,0,portscan,portscan,1
80,3398261,4,0,24,0,6,6,6.0,0.0,0,0,0.0,0.0,7.062435758,1.177072626,1132753.667,1961396.275,3397579,285,3398261,1132753.667,1961396.275,3397579,285,0,0.0,0.0,0,0,0,0,0,0,80,0,1.177072626,0.0,6,6,6.0,0.0,0.0,0,0,0,0,1,0,0,0,0,7.5,6.0,0.0,80,0,0,0,0,0,0,4,24,0,0,256,-1,3,20,0.0,0.0,0,0,0.0,0.0,0,0,ddos,ddos,1
555,44,1,1,2,6,2,2,2.0,0.0,6,6,6.0,0.0,181818.1818,45454.54545,44.0,0.0,44,44,0,0.0,0.0,0,0,0,0.0,0.0,0,0,0,0,0,0,24,20,22727.27273,22727.27273,2,6,3.333333333,2.309401077,5.333333333,0,0,0,1,0,0,0,0,1,5.0,2.0,6.0,24,0,0,0,0,0,0,1,2,1,6,1024,0,0,24,0.0,0.0,0,0,0.0,0.0,0,0,portscan,portscan,1
100,78,1,1,2,6,2,2,2.0,0.0,6,6,6.0,0.0,102564.1026,25641.02564,78.0,0.0,78,78,0,0.0,0.0,0,0,0,0.0,0.0,0,0,0,0,0,0,24,20,12820.51282,12820.51282,2,6,3.333333333,2.309401077,5.333333333,0,0,0,1,0,0,0,0,1,5.0,2.0,6.0,24,0,0,0,0,0,0,1,2,1,6,1024,0,0,24,0.0,0.0,0,0,0.0,0.0,0,0,portscan,portscan,1
80,574367,3,7,26,11601,20,0,8.666666667,10.26320288,5840,0,1657.285714,1964.895647,20243.15464,17.41047101,63818.55556,181521.5426,547337,14,26527,13263.5,18139.41026,26090,437,574311,95718.5,221499.1962,547337,14,0,0,0,0,72,152,5.223141302,12.1873297,0,5840,1057.0,1734.985821,3010175.8,0,0,0,1,0,0,0,0,2,1162.7,8.666666667,1657.285714,72,0,0,0,0,0,0,3,26,7,11601,8192,229,2,20,0.0,0.0,0,0,0.0,0.0,0,0,ddos,ddos,1
1077,18,1,1,2,6,2,2,2.0,0.0,6,6,6.0,0.0,444444.4444,111111.1111,18.0,0.0,18,18,0,0.0,0.0,0,0,0,0.0,0.0,0,0,0,0,0,0,24,20,55555.55556,55555.55556,2,6,3.333333333,2.309401077,5.333333333,0,0,0,1,0,0,0,0,1,5.0,2.0,6.0,24,0,0,0,0,0,0,1,2,1,6,1024,0,0,24,0.0,0.0,0,0,0.0,0.0,0,0,portscan,portscan,1
80,60062236,11,10,882,3546,417,0,80.1818181818,166.5369737817,1767,0,354.6,744.4041912832,73.7235290408,0.3496373328,3003111.8,4404736.42724537,10017939,34,54298215,5429821.5,4994780.80829682,10044523,217,60023401,6669266.77777778,4372079.01221684,10056830,32285,0,0,0,0,232,272,0.1831433648,0.166493968,0,1767,201.2727272727,521.0557215261,271499.064935065,0,0,0,1,0,0,0,0,0,210.8571428571,80.1818181818,354.6,232,0,0,0,0,0,0,11,882,10,3546,8192,980,10,20,854936.2,1824271.96827562,4118293,38798,10004706.8,7885.026391839,10017939,9998605,benign,benign,0
443,2351125,2,0,12,0,6,6,6.0,0.0,0,0,0.0,0.0,5.1039396034,0.8506566006,2351125.0,0.0,2351125,2351125,2351125,2351125.0,0.0,2351125,2351125,0,0.0,0.0,0,0,0,0,0,0,40,0,0.8506566006,0.0,6,6,6.0,0.0,0.0,0,0,0,0,1,0,0,0,0,9.0,6.0,0.0,40,0,0,0,0,0,0,2,12,0,0,256,-1,1,20,0.0,0.0,0,0,0.0,0.0,0,0,benign,benign,0
80,1837848,3,5,26,11607,20,0,8.666666667,10.26320288,10220,0,2321.4,4455.182578,6329.685589,4.352917107,262549.7143,694087.4581,1836592,2,1011,505.5,494.26764,855,156,1837782,459445.5,918097.7689,1836592,2,0,0,0,0,72,112,1.632343915,2.720573192,0,10220,1292.555556,3378.299021,11400000.0,0,0,0,1,0,0,0,0,1,1454.125,8.666666667,2321.4,72,0,0,0,0,0,0,3,26,5,11607,8192,229,2,20,0.0,0.0,0,0,0.0,0.0,0,0,ddos,ddos,1
7496,73,1,1,2,6,2,2,2.0,0.0,6,6,6.0,0.0,109589.0411,27397.26027,73.0,0.0,73,73,0,0.0,0.0,0,0,0,0.0,0.0,0,0,0,0,0,0,24,20,13698.63014,13698.63014,2,6,3.333333333,2.309401077,5.333333333,0,0,0,1,0,0,0,0,1,5.0,2.0,6.0,24,0,0,0,0,0,0,1,2,1,6,1024,0,0,24,0.0,0.0,0,0,0.0,0.0,0,0,portscan,portscan,1
443,5929346,8,6,616,4418,342,0,77.0,126.0918032909,1460,0,736.3333333333,777.641219758,848.9975116986,2.3611372991,456103.538461539,1528360.8275912,5537048,4,5929346,847049.428571429,2070721.55063381,5537048,4,98256,19651.2,25562.5149134431,53754,67,0,0,0,0,172,128,1.3492213138,1.0119159853,0,1460,335.6,582.2410889952,339004.685714286,0,0,0,1,0,0,0,0,0,359.5714285714,77.0,736.3333333333,172,0,0,0,0,0,0,8,616,6,4418,8192,4919,7,20,392294.0,0.0,392294,392294,5537048.0,0.0,5537048,5537048,benign,benign,0
10001,2,1,1,2,6,2,2,2.0,0.0,6,6,6.0,0.0,4000000.0,1000000.0,2.0,0.0,2,2,0,0.0,0.0,0,0,0,0.0,0.0,0,0,0,0,0,0,24,20,500000.0,500000.0,2,6,3.333333333,2.309401077,5.333333333,0,0,0,1,0,0,0,0,1,5.0,2.0,6.0,24,0,0,0,0,0,0,1,2,1,6,1024,0,0,24,0.0,0.0,0,0,0.0,0.0,0,0,portscan,portscan,1
62535,3,2,0,37,0,31,6,18.5,17.6776695297,0,0,0.0,0.0,12333333.3333333,666666.666666667,3.0,0.0,3,3,3,3.0,0.0,3,3,0,0.0,0.0,0,0,1,0,0,0,40,0,666666.666666667,0.0,6,31,22.6666666667,14.4337567297,208.3333333333,0,1,0,0,1,0,0,0,0,34.0,18.5,0.0,40,0,0,0,0,0,0,2,37,0,0,946,-1,1,20,0.0,0.0,0,0,0.0,0.0,0,0,benign,benign,0
8600,32,1,1,2,6,2,2,2.0,0.0,6,6,6.0,0.0,250000.0,62500.0,32.0,0.0,32,32,0,0.0,0.0,0,0,0,0.0,0.0,0,0,0,0,0,0,24,20,31250.0,31250.0,2,6,3.333333333,2.309401077,5.333333333,0,0,0,1,0,0,0,0,1,5.0,2.0,6.0,24,0,0,0,0,0,0,1,2,1,6,1024,0,0,24,0.0,0.0,0,0,0.0,0.0,0,0,portscan,portscan,1
80,91296,3,5,26,11607,20,0,8.666666667,10.26320288,7300,0,2321.4,3346.363967,127420.6975,87.62705924,13042.28571,34000.36769,90145,3,950,475.0,535.9869401,854,96,91282,22820.5,44885.16062,90145,3,0,0,0,0,72,112,32.86014721,54.76691202,0,7300,1292.555556,2662.264877,7087654.278,0,0,0,1,0,0,0,0,1,1454.125,8.666666667,2321.4,72,0,0,0,0,0,0,3,26,5,11607,8192,229,2,20,0.0,0.0,0,0,0.0,0.0,0,0,ddos,ddos,1
1503,45,1,1,2,6,2,2,2.0,0.0,6,6,6.0,0.0,177777.7778,44444.44444,45.0,0.0,45,45,0,0.0,0.0,0,0,0,0.0,0.0,0,0,0,0,0,0,24,20,22222.22222,22222.22222,2,6,3.333333333,2.309401077,5.333333333,0,0,0,1,0,0,0,0,1,5.0,2.0,6.0,24,0,0,0,0,0,0,1,2,1,6,1024,0,0,24,0.0,0.0,0,0,0.0,0.0,0,0,portscan,portscan,1
3006,22,1,1,2,6,2,2,2.0,0.0,6,6,6.0,0.0,363636.3636,90909.09091,22.0,0.0,22,22,0,0.0,0.0,0,0,0,0.0,0.0,0,0,0,0,0,0,24,20,45454.54545,45454.54545,2,6,3.333333333,2.309401077,5.333333333,0,0,0,1,0,0,0,0,1,5.0,2.0,6.0,24,0,0,0,0,0,0,1,2,1,6,1024,0,0,24,0.0,0.0,0,0,0.0,0.0,0,0,portscan,portscan,1
53,23454,1,1,52,109,52,52,52.0,0.0,109,109,109.0,0.0,6864.5007248231,85.2733009295,23454.0,0.0,23454,23454,0,0.0,0.0,0,0,0,0.0,0.0,0,0,0,0,0,0,32,32,42.6366504647,42.6366504647,52,109,71.0,32.9089653438,1083.0,0,0,0,0,0,0,0,0,1,106.5,52.0,109.0,32,0,0,0,0,0,0,1,52,1,109,-1,-1,0,32,0.0,0.0,0,0,0.0,0.0,0,0,benign,benign,0
49165,78,1,1,2,6,2,2,2.0,0.0,6,6,6.0,0.0,102564.1026,25641.02564,78.0,0.0,78,78,0,0.0,0.0,0,0,0,0.0,0.0,0,0,0,0,0,0,24,20,12820.51282,12820.51282,2,6,3.333333333,2.309401077,5.333333333,0,0,0,1,0,0,0,0,1,5.0,2.0,6.0,24,0,0,0,0,0,0,1,2,1,6,1024,0,0,24,0.0,0.0,0,0,0.0,0.0,0,0,portscan,portscan,1
106,12,1,1,2,6,2,2,2.0,0.0,6,6,6.0,0.0,666666.6667,166666.6667,12.0,0.0,12,12,0,0.0,0.0,0,0,0,0.0,0.0,0,0,0,0,0,0,24,20,83333.33333,83333.33333,2,6,3.333333333,2.309401077,5.333333333,0,0,0,1,0,0,0,0,1,5.0,2.0,6.0,24,0,0,0,0,0,0,1,2,1,6,1024,0,0,24,0.0,0.0,0,0,0.0,0.0,0,0,portscan,portscan,1
80,1365,2,0,12,0,6,6,6.0,0.0,0,0,0.0,0.0,8791.2087912088,1465.2014652015,1365.0,0.0,1365,1365,1365,1365.0,0.0,1365,1365,0,0.0,0.0,0,0,0,0,0,0,40,0,1465.2014652015,0.0,6,6,6.0,0.0,0.0,0,0,0,0,1,0,0,0,0,9.0,6.0,0.0,40,0,0,0,0,0,0,2,12,0,0,253,-1,1,20,0.0,0.0,0,0,0.0,0.0,0,0,benign,benign,0
80,995092,3,5,26,11607,20,0,8.666666667,10.26320288,10135,0,2321.4,4413.201989,11690.37637,8.039457658,142156.0,375549.4841,993822,6,981,490.5,429.2138162,794,187,995031,248757.75,496709.6935,993822,6,0,0,0,0,72,112,3.014796622,5.024661036,0,10135,1292.555556,3350.634907,11200000.0,0,0,0,1,0,0,0,0,1,1454.125,8.666666667,2321.4,72,0,0,0,0,0,0,3,26,5,11607,8192,229,2,20,0.0,0.0,0,0,0.0,0.0,0,0,ddos,ddos,1
443,10434876,3,1,12,0,6,0,4.0,3.4641016151,0,0,0.0,0.0,1.1499897076,0.3833299025,3478292.0,6004340.33065182,10411494,58,10434876,5217438.0,7345504.43892535,10411494,23382,0,0.0,0.0,0,0,0,0,0,0,72,32,0.2874974269,0.0958324756,0,6,2.4,3.286335345,10.8,0,0,0,1,0,0,0,0,0,3.0,4.0,0.0,72,0,0,0,0,0,0,3,12,1,0,8192,65535,2,20,0.0,0.0,0,0,0.0,0.0,0,0,benign,benign,0
2035,44,1,1,2,6,2,2,2.0,0.0,6,6,6.0,0.0,181818.1818,45454.54545,44.0,0.0,44,44,0,0.0,0.0,0,0,0,0.0,0.0,0,0,0,0,0,0,24,20,22727.27273,22727.27273,2,6,3.333333333,2.309401077,5.333333333,0,0,0,1,0,0,0,0,1,5.0,2.0,6.0,24,0,0,0,0,0,0,1,2,1,6,1024,0,0,24,0.0,0.0,0,0,0.0,0.0,0,0,portscan,portscan,1
80,1087716,3,4,26,11607,20,0,8.666666667,10.26320288,11595,0,2901.75,5795.50069,10694.88727,6.435503385,181286.0,443501.2645,1086579,46,893,446.5,504.167135,803,90,1087670,362556.6667,627021.8466,1086579,169,0,0,0,0,72,92,2.758072879,3.677430506,0,11595,1454.125,4097.537534,16800000.0,0,0,0,1,0,0,0,0,1,1661.857143,8.666666667,2901.75,72,0,0,0,0,0,0,3,26,4,11607,8192,229,2,20,0.0,0.0,0,0,0.0,0.0,0,0,ddos,ddos,1
443,64973175,14,11,2504,7681,730,0,178.8571428571,288.9465899922,1557,0,698.2727272727,769.879353004,156.7570001004,0.384774178,2707215.625,9590975.59392812,45001848,48,64973175,4997936.53846154,12808846.5726733,45001848,317,61267259,6126725.9,14555082.2098961,45043013,48,0,0,0,0,292,244,0.2154735397,0.1693006383,0,1557,391.7307692308,594.4418260986,353361.084615385,0,0,0,1,0,0,0,0,0,407.4,178.8571428571,698.2727272727,292,0,0,0,0,0,0,14,2504,11,7681,8192,126,13,20,198600.0,222732.979219513,356096,41104,30455829.0,20571177.3483367,45001848,15909810,benign,benign,0
80,997358,3,5,26,11601,20,0,8.666666667,10.26320288,5840,0,2320.2,2436.833027,11657.79991,8.021191989,142479.7143,372384.6234,986928,1,9932,4966.0,7021.570337,9931,1,997335,249333.75,491751.6662,986928,150,0,0,0,0,72,112,3.007946996,5.013244993,0,5840,1291.888889,2110.95076,4456113.111,0,0,0,1,0,0,0,0,1,1453.375,8.666666667,2320.2,72,0,0,0,0,0,0,3,26,5,11601,8192,229,2,20,0.0,0.0,0,0,0.0,0.0,0,0,ddos,ddos,1
137,1598234,39,0,1950,0,50,50,50.0,0.0,0,0,0.0,0.0,1220.0966817124,24.4019336342,42058.7894736842,180828.993099447,801200,1,1598234,42058.7894736842,180828.993099447,801200,1,0,0.0,0.0,0,0,0,0,0,0,780,0,24.4019336342,0.0,50,50,50.0,0.0,0.0,0,0,0,0,0,0,0,0,0,51.2820512821,50.0,0.0,780,0,0,0,0,0,0,39,1950,0,0,-1,-1,38,20,0.0,0.0,0,0,0.0,0.0,0,0,benign,benign,0
80,1829747,3,5,26,11607,20,0,8.666666667,10.26320288,5840,0,2321.4,3173.373883,6357.709563,4.372189161,261392.4286,691038.3406,1828520,7,949,474.5,342.9467889,717,232,1829702,457425.5,914063.0983,1828520,7,0,0,0,0,72,112,1.639570935,2.732618225,0,5840,1292.555556,2554.159212,6523729.278,0,0,0,1,0,0,0,0,1,1454.125,8.666666667,2321.4,72,0,0,0,0,0,0,3,26,5,11607,8192,229,2,20,0.0,0.0,0,0,0.0,0.0,0,0,ddos,ddos,1
17877,1,1,1,2,6,2,2,2.0,0.0,6,6,6.0,0.0,8000000.0,2000000.0,1.0,0.0,1,1,0,0.0,0.0,0,0,0,0.0,0.0,0,0,0,0,0,0,24,20,1000000.0,1000000.0,2,6,3.333333333,2.309401077,5.333333333,0,0,0,1,0,0,0,0,1,5.0,2.0,6.0,24,0,0,0,0,0,0,1,2,1,6,1024,0,0,24,0.0,0.0,0,0,0.0,0.0,0,0,portscan,portscan,1
80,7209864,5,0,30,0,6,6,6.0,0.0,0,0,0.0,0.0,4.160966143,0.693494357,1802466.0,3603600.031,7207866,1,7209864,1802466.0,3603600.031,7207866,1,0,0.0,0.0,0,0,0,0,0,0,100,0,0.693494357,0.0,6,6,6.0,0.0,0.0,0,0,0,0,1,0,0,0,0,7.2,6.0,0.0,100,0,0,0,0,0,0,5,30,0,0,256,-1,4,20,1998.0,0.0,1998,1998,7207866.0,0.0,7207866,7207866,ddos,ddos,1
80,1252100,3,4,26,11601,20,0,8.666666667,10.26320288,8760,0,2900.25,4128.319301,9285.999521,5.590607779,208683.3333,504050.0978,1237520,47,14015,7007.5,8484.574267,13007,1008,1252053,417351.0,710322.4397,1237520,190,0,0,0,0,72,92,2.395974762,3.194633017,0,8760,1453.375,3113.952607,9696700.839,0,0,0,1,0,0,0,0,1,1661.0,8.666666667,2900.25,72,0,0,0,0,0,0,3,26,4,11601,8192,229,2,20,0.0,0.0,0,0,0.0,0.0,0,0,ddos,ddos,1
443,61911658,19,21,1728,6471,589,0,90.9473684211,188.8628172582,1418,0,308.1428571429,554.4233297503,132.4306320467,0.6460818736,1587478.41025641,9414363.58598292,58850025,1,61911658,3439536.55555556,13852956.1227421,58926205,1,61830895,3091544.75,13138325.2184413,58886865,1,1,0,0,0,608,672,0.30688889,0.3391929837,0,1418,201.0975609756,426.7600499624,182124.140243903,0,1,0,0,1,0,0,0,1,206.125,90.9473684211,308.1428571429,608,0,0,0,0,0,0,19,1728,21,6471,467,419,7,32,2980988.0,0.0,2980988,2980988,58850025.0,0.0,58850025,58850025,benign,benign,0
49175,20,1,1,2,6,2,2,2.0,0.0,6,6,6.0,0.0,400000.0,100000.0,20.0,0.0,20,20,0,0.0,0.0,0,0,0,0.0,0.0,0,0,0,0,0,0,24,20,50000.0,50000.0,2,6,3.333333333,2.309401077,5.333333333,0,0,0,1,0,0,0,0,1,5.0,2.0,6.0,24,0,0,0,0,0,0,1,2,1,6,1024,0,0,24,0.0,0.0,0,0,0.0,0.0,0,0,portscan,portscan,1
80,566548,3,5,26,11607,20,0,8.666666667,10.26320288,10135,0,2321.4,4413.201989,20533.12341,14.12060408,80935.42857,213646.1015,565439,5,823,411.5,344.3610024,655,168,566533,141633.25,282537.4286,565439,5,0,0,0,0,72,112,5.29522653,8.82537755,0,10135,1292.555556,3350.634907,11200000.0,0,0,0,1,0,0,0,0,1,1454.125,8.666666667,2321.4,72,0,0,0,0,0,0,3,26,5,11607,8192,229,2,20,0.0,0.0,0,0,0.0,0.0,0,0,ddos,ddos,1
443,11042831,7,7,1636,2897,1061,0,233.7142857143,388.729003414,1451,0,413.8571428571,623.511408228,410.4925630031,1.267790841,849448.538461539,3005328.06304544,10851609,48,191222,31870.3333333333,35385.4242459613,95510,152,11019637,1836606.16666667,4441633.98495934,10902931,48,0,0,0,0,152,148,0.6338954205,0.6338954205,0,1451,302.2,496.4652483882,246477.742857143,0,0,0,1,0,0,0,0,1,323.7857142857,233.7142857143,413.8571428571,152,0,0,0,0,0,0,7,1636,7,2897,8192,13793,6,20,0.0,0.0,0,0,0.0,0.0,0,0,benign,benign,0
80,1090392,3,6,26,11607,20,0,8.666666667,10.26320288,5840,0,1934.5,2538.919278,10668.64027,8.253912354,136299.0,385024.5516,1089186,3,867,433.5,361.3315652,689,178,1090366,218073.2,486966.9876,1089186,3,0,0,0,0,72,132,2.751304118,5.502608236,0,5840,1163.3,2138.329153,4572451.567,0,0,0,1,0,0,0,0,2,1292.555556,8.666666667,1934.5,72,0,0,0,0,0,0,3,26,6,11607,8192,229,2,20,0.0,0.0,0,0,0.0,0.0,0,0,ddos,ddos,1
80,0,1,1,0,0,0,0,0.0,0.0,0,0,0.0,0.0,,inf,0.0,0.0,0,0,0,0.0,0.0,0,0,0,0.0,0.0,0,0,0,0,0,0,32,32,0.0,0.0,0,0,0.0,0.0,0.0,0,0,0,0,1,0,0,0,1,0.0,0.0,0.0,32,0,0,0,0,0,0,1,0,1,0,256,340,0,32,0.0,0.0,0,0,0.0,0.0,0,0,benign,benign,0
55987,97296,5,3,4353,18,1460,6,870.6,789.4287808283,6,6,6.0,0.0,44924.7656635422,82.2233185331,13899.4285714286,34704.5357691524,92549,18,97296,24324.0,45614.3451631904,92709,201,1119,559.5,262.3366158202,745,374,0,0,0,0,100,60,51.3895740832,30.8337444499,6,1460,486.3333333333,720.5879543817,519247.0,0,0,0,0,1,0,0,0,0,547.125,870.6,6.0,100,0,0,0,0,0,0,5,4353,3,18,237,0,4,20,0.0,0.0,0,0,0.0,0.0,0,0,benign,benign,0
80,788997,4,0,18,0,6,0,4.5,3.0,0,0,0.0,0.0,22.81377496,5.069727768,262999.0,437364.2186,767968,4019,788997,262999.0,437364.2186,767968,4019,0,0.0,0.0,0,0,0,0,0,0,92,0,5.069727768,0.0,0,6,4.8,2.683281573,7.2,0,0,0,0,1,0,0,0,0,6.0,4.5,0.0,92,0,0,0,0,0,0,4,18,0,0,256,-1,2,20,0.0,0.0,0,0,0.0,0.0,0,0,ddos,ddos,1
2607,83,1,1,2,6,2,2,2.0,0.0,6,6,6.0,0.0,96385.54217,24096.38554,83.0,0.0,83,83,0,0.0,0.0,0,0,0,0.0,0.0,0,0,0,0,0,0,24,20,12048.19277,12048.19277,2,6,3.333333333,2.309401077,5.333333333,0,0,0,1,0,0,0,0,1,5.0,2.0,6.0,24,0,0,0,0,0,0,1,2,1,6,1024,0,0,24,0.0,0.0,0,0,0.0,0.0,0,0,portscan,portscan,1
51512,12,3,0,83,0,46,6,27.6666666667,20.2072594216,0,0,0.0,0.0,6916666.66666667,250000.0,6.0,4.2426406871,9,3,12,6.0,4.2426406871,9,3,0,0.0,0.0,0,0,1,0,0,0,60,0,250000.0,0.0,6,46,32.25,18.8745860882,356.25,0,1,0,0,1,0,0,0,0,43.0,27.6666666667,0.0,60,0,0,0,0,0,0,3,83,0,0,131,-1,2,20,0.0,0.0,0,0,0.0,0.0,0,0,benign,benign,0
53,63166,1,1,52,68,52,52,52.0,0.0,68,68,68.0,0.0,1899.7561979546,31.6626032992,63166.0,0.0,63166,63166,0,0.0,0.0,0,0,0,0.0,0.0,0,0,0,0,0,0,20,20,15.8313016496,15.8313016496,52,68,57.3333333333,9.237604307,85.3333333333,0,0,0,0,0,0,0,0,1,86.0,52.0,68.0,20,0,0,0,0,0,0,1,52,1,68,-1,-1,0,20,0.0,0.0,0,0,0.0,0.0,0,0,benign,benign,0
80,1267287,3,4,26,11601,20,0,8.666666667,10.26320288,5840,0,2900.25,3345.636997,9174.717329,5.523610674,211214.5,503963.162,1239713,55,27016,13508.0,17696.05431,26021,995,1267232,422410.6667,707935.2575,1239713,158,0,0,0,0,72,92,2.367261717,3.156348956,0,5840,1453.375,2681.356423,7189672.268,0,0,0,1,0,0,0,0,1,1661.0,8.666666667,2900.25,72,0,0,0,0,0,0,3,26,4,11601,8192,229,2,20,0.0,0.0,0,0,0.0,0.0,0,0,ddos,ddos,1
80,1683,2,0,12,0,6,6,6.0,0.0,0,0,0.0,0.0,7130.1247771836,1188.3541295306,1683.0,0.0,1683,1683,1683,1683.0,0.0,1683,1683,0,0.0,0.0,0,0,0,0,0,0,40,0,1188.3541295306,0.0,6,6,6.0,0.0,0.0,0,0,0,0,1,0,0,0,0,9.0,6.0,0.0,40,0,0,0,0,0,0,2,12,0,0,253,-1,1,20,0.0,0.0,0,0,0.0,0.0,0,0,benign,benign,0
53,106629646,3,3,156,287,56,45,52.0,6.0827625303,114,61,95.6666666667,30.0388637157,4.1545669203,0.0562695294,21325929.2,44691691.1322105,101174543,26819,106449357,53224678.5,67879000.4240354,101222380,5226977,106602827,53301413.5,67957796.1610902,101354832,5247995,0,0,0,0,60,60,0.0281347647,0.0281347647,45,114,69.7142857143,30.1425186169,908.5714285714,0,0,0,0,0,0,0,0,1,81.3333333333,52.0,95.6666666667,60,0,0,0,0,0,0,3,156,3,287,-1,-1,2,20,37328.0,14861.9703269789,47837,26819,53187350.5,67864138.4537085,101174543,5200158,benign,benign,0
41270,3,2,0,31,0,31,0,15.5,21.9203102168,0,0,0.0,0.0,10333333.3333333,666666.666666667,3.0,0.0,3,3,3,3.0,0.0,3,3,0,0.0,0.0,0,0,1,0,0,0,64,0,666666.666666667,0.0,0,31,20.6666666667,17.8978583449,320.3333333333,0,1,0,0,1,0,0,0,0,31.0,15.5,0.0,64,0,0,0,0,0,0,2,31,0,0,110,-1,0,32,0.0,0.0,0,0,0.0,0.0,0,0,benign,benign,0
53,267,2,2,90,172,45,45,45.0,0.0,86,86,86.0,0.0,981273.408239701,14981.2734082397,89.0,148.0911881241,260,3,4,4.0,0.0,4,4,3,3.0,0.0,3,3,0,0,0,0,40,40,7490.6367041199,7490.6367041199,45,86,61.4,22.4566248577,504.3,0,0,0,0,0,0,0,0,1,76.75,45.0,86.0,40,0,0,0,0,0,0,2,90,2,172,-1,-1,1,20,0.0,0.0,0,0,0.0,0.0,0,0,benign,benign,0
53,620,1,1,58,139,58,58,58.0,0.0,139,139,139.0,0.0,317741.935483871,3225.8064516129,620.0,0.0,620,620,0,0.0,0.0,0,0,0,0.0,0.0,0,0,0,0,0,0,20,20,1612.9032258065,1612.9032258065,58,139,85.0,46.7653718044,2187.0,0,0,0,0,0,0,0,0,1,127.5,58.0,139.0,20,0,0,0,0,0,0,1,58,1,139,-1,-1,0,20,0.0,0.0,0,0,0.0,0.0,0,0,benign,benign,0
80,1840941,3,6,26,11607,20,0,8.666666667,10.26320288,5840,0,1934.5,2538.919278,6319.050964,4.88880415,230117.625,650313.7805,1839562,2,1003,501.5,458.912301,826,177,1840896,368179.2,822528.0967,1839562,2,0,0,0,0,72,132,1.629601383,3.259202766,0,5840,1163.3,2138.329153,4572451.567,0,0,0,1,0,0,0,0,2,1292.555556,8.666666667,1934.5,72,0,0,0,0,0,0,3,26,6,11607,8192,229,2,20,0.0,0.0,0,0,0.0,0.0,0,0,ddos,ddos,1
443,11129616,7,5,602,3315,342,0,86.0,142.0281662206,1774,0,663.0,878.4207420138,351.9438586201,1.0782043154,1011783.27272727,3152406.72274677,10513254,49,11129616,1854936.0,4242919.21221482,10513254,143,378519,94629.75,109120.461317986,189837,49,0,0,0,0,152,112,0.6289525173,0.4492517981,0,1774,301.3076923077,597.0007516209,356409.897435897,0,0,0,1,0,0,0,0,0,326.4166666667,86.0,663.0,152,0,0,0,0,0,0,7,602,5,3315,8192,79,6,20,0.0,0.0,0,0,0.0,0.0,0,0,benign,benign,0
8873,44,1,1,2,6,2,2,2.0,0.0,6,6,6.0,0.0,181818.1818,45454.54545,44.0,0.0,44,44,0,0.0,0.0,0,0,0,0.0,0.0,0,0,0,0,0,0,24,20,22727.27273,22727.27273,2,6,3.333333333,2.309401077,5.333333333,0,0,0,1,0,0,0,0,1,5.0,2.0,6.0,24,0,0,0,0,0,0,1,2,1,6,1024,0,0,24,0.0,0.0,0,0,0.0,0.0,0,0,portscan,portscan,1
53,51363,1,1,52,80,52,52,52.0,0.0,80,80,80.0,0.0,2569.9433444308,38.9385355217,51363.0,0.0,51363,51363,0,0.0,0.0,0,0,0,0.0,0.0,0,0,0,0,0,0,32,32,19.4692677608,19.4692677608,52,80,61.3333333333,16.1658075373,261.3333333333,0,0,0,0,0,0,0,0,1,92.0,52.0,80.0,32,0,0,0,0,0,0,1,52,1,80,-1,-1,0,32,0.0,0.0,0,0,0.0,0.0,0,0,benign,benign,0
443,6323393,2,0,12,0,6,6,6.0,0.0,0,0,0.0,0.0,1.8977153563,0.3162858927,6323393.0,0.0,6323393,6323393,6323393,6323393.0,0.0,6323393,6323393,0,0.0,0.0,0,0,0,0,0,0,40,0,0.3162858927,0.0,6,6,6.0,0.0,0.0,0,0,0,0,1,0,0,0,0,9.0,6.0,0.0,40,0,0,0,0,0,0,2,12,0,0,255,-1,1,20,0.0,0.0,0,0,0.0,0.0,0,0,benign,benign,0
53,284441,1,1,51,214,51,51,51.0,0.0,214,214,214.0,0.0,931.6519067223,7.0313351451,284441.0,0.0,284441,284441,0,0.0,0.0,0,0,0,0.0,0.0,0,0,0,0,0,0,32,32,3.5156675725,3.5156675725,51,214,105.3333333333,94.1080938779,8856.3333333333,0,0,0,0,0,0,0,0,1,158.0,51.0,214.0,32,0,0,0,0,0,0,1,51,1,214,-1,-1,0,32,0.0,0.0,0,0,0.0,0.0,0,0,benign,benign,0
53,1238415,1,1,52,82,52,52,52.0,0.0,82,82,82.0,0.0,108.2028237707,1.614967519,1238415.0,0.0,1238415,1238415,0,0.0,0.0,0,0,0,0.0,0.0,0,0,0,0,0,0,20,20,0.8074837595,0.8074837595,52,82,62.0,17.3205080757,300.0,0,0,0,0,0,0,0,0,1,93.0,52.0,82.0,20,0,0,0,0,0,0,1,52,1,82,-1,-1,0,20,0.0,0.0,0,0,0.0,0.0,0,0,benign,benign,0
593,42,1,1,2,6,2,2,2.0,0.0,6,6,6.0,0.0,190476.1905,47619.04762,42.0,0.0,42,42,0,0.0,0.0,0,0,0,0.0,0.0,0,0,0,0,0,0,24,20,23809.52381,23809.52381,2,6,3.333333333,2.309401077,5.333333333,0,0,0,1,0,0,0,0,1,5.0,2.0,6.0,24,0,0,0,0,0,0,1,2,1,6,1024,0,0,24,0.0,0.0,0,0,0.0,0.0,0,0,portscan,portscan,1
49152,56,1,1,2,6,2,2,2.0,0.0,6,6,6.0,0.0,142857.1429,35714.28571,56.0,0.0,56,56,0,0.0,0.0,0,0,0,0.0,0.0,0,0,0,0,0,0,24,20,17857.14286,17857.14286,2,6,3.333333333,2.309401077,5.333333333,0,0,0,1,0,0,0,0,1,5.0,2.0,6.0,24,0,0,0,0,0,0,1,2,1,6,1024,0,0,24,0.0,0.0,0,0,0.0,0.0,0,0,portscan,portscan,1
443,1109899,2,0,12,0,6,6,6.0,0.0,0,0,0.0,0.0,10.8117945867,1.8019657645,1109899.0,0.0,1109899,1109899,1109899,1109899.0,0.0,1109899,1109899,0,0.0,0.0,0,0,0,0,0,0,40,0,1.8019657645,0.0,6,6,6.0,0.0,0.0,0,0,0,0,1,0,0,0,0,9.0,6.0,0.0,40,0,0,0,0,0,0,2,12,0,0,252,-1,1,20,0.0,0.0,0,0,0.0,0.0,0,0,benign,benign,0
9040,83,1,1,2,6,2,2,2.0,0.0,6,6,6.0,0.0,96385.54217,24096.38554,83.0,0.0,83,83,0,0.0,0.0,0,0,0,0.0,0.0,0,0,0,0,0,0,24,20,12048.19277,12048.19277,2,6,3.333333333,2.309401077,5.333333333,0,0,0,1,0,0,0,0,1,5.0,2.0,6.0,24,0,0,0,0,0,0,1,2,1,6,1024,0,0,24,0.0,0.0,0,0,0.0,0.0,0,0,portscan,portscan,1
53,59514,1,1,56,93,56,56,56.0,0.0,93,93,93.0,0.0,2503.6125953557,33.6055381927,59514.0,0.0,59514,59514,0,0.0,0.0,0,0,0,0.0,0.0,0,0,0,0,0,0,40,32,16.8027690963,16.8027690963,56,93,68.3333333333,21.36195996,456.3333333333,0,0,0,0,0,0,0,0,1,102.5,56.0,93.0,40,0,0,0,0,0,0,1,56,1,93,-1,-1,0,40,0.0,0.0,0,0,0.0,0.0,0,0,benign,benign,0
389,91,1,1,2,6,2,2,2.0,0.0,6,6,6.0,0.0,87912.08791,21978.02198,91.0,0.0,91,91,0,0.0,0.0,0,0,0,0.0,0.0,0,0,0,0,0,0,24,20,10989.01099,10989.01099,2,6,3.333333333,2.309401077,5.333333333,0,0,0,1,0,0,0,0,1,5.0,2.0,6.0,24,0,0,0,0,0,0,1,2,1,6,1024,0,0,24,0.0,0.0,0,0,0.0,0.0,0,0,portscan,portscan,1
53,484,1,1,51,112,51,51,51.0,0.0,112,112,112.0,0.0,336776.859504132,4132.2314049587,484.0,0.0,484,484,0,0.0,0.0,0,0,0,0.0,0.0,0,0,0,0,0,0,32,32,2066.1157024793,2066.1157024793,51,112,71.3333333333,35.2183664206,1240.3333333333,0,0,0,0,0,0,0,0,1,107.0,51.0,112.0,32,0,0,0,0,0,0,1,51,1,112,-1,-1,0,32,0.0,0.0,0,0,0.0,0.0,0,0,benign,benign,0
80,1025369,3,4,26,11601,20,0,8.666666667,10.26320288,8760,0,2900.25,4128.319301,11339.33247,6.826810641,170894.8333,415868.0043,1019771,46,5500,2750.0,3716.553242,5378,122,1025314,341771.3333,587171.2607,1019771,46,0,0,0,0,72,92,2.925775989,3.901034652,0,8760,1453.375,3113.952607,9696700.839,0,0,0,1,0,0,0,0,1,1661.0,8.666666667,2900.25,72,0,0,0,0,0,0,3,26,4,11601,8192,229,2,20,0.0,0.0,0,0,0.0,0.0,0,0,ddos,ddos,1
80,1039003,4,0,24,0,6,6,6.0,0.0,0,0,0.0,0.0,23.09906709,3.849844514,346334.3333,599006.305,1038007,3,1039003,346334.3333,599006.305,1038007,3,0,0.0,0.0,0,0,0,0,0,0,80,0,3.849844514,0.0,6,6,6.0,0.0,0.0,0,0,0,0,1,0,0,0,0,7.5,6.0,0.0,80,0,0,0,0,0,0,4,24,0,0,256,-1,3,20,0.0,0.0,0,0,0.0,0.0,0,0,ddos,ddos,1
443,119122643,22,20,25732,12444,2842,6,1169.6363636364,1186.9556715538,1328,6,622.2,633.5457944649,320.4764353659,0.352577805,2905430.31707317,7847315.53454939,33541755,42,119122643,5672506.80952381,10329340.4186979,33541755,42,118996793,6262989.10526316,10786739.5943043,33667914,2513,1,0,0,0,440,400,0.1846836122,0.1678941929,6,2842,942.0697674419,1003.9527686516,1007921.16168328,0,1,0,0,1,0,0,0,0,964.5,1169.6363636364,622.2,440,0,0,0,0,0,0,22,25732,20,12444,251,1193,21,20,1919227.2,1881562.14743832,4325522,129967,21289160.2,11298886.108883,33541755,7957570,benign,benign,0
443,421819,6,8,1557,831,1237,0,259.5,487.0551303497,597,2,103.875,202.2144812534,5661.1959157838,33.1895907961,32447.6153846154,43561.1437742752,92954,1,328521,65704.2,60969.3615613613,138433,273,329104,47014.8571428572,60224.193506233,138744,1,0,0,0,0,132,164,14.2241103412,18.9654804549,0,1237,159.2,336.2121354145,113038.6,0,0,0,1,0,0,0,0,1,170.5714285714,259.5,103.875,132,0,0,0,0,0,0,6,1557,8,831,8192,65535,5,20,0.0,0.0,0,0,0.0,0.0,0,0,benign,benign,0
443,115720310,20,18,1025,5451,577,0,51.25,133.4118573599,2636,0,302.8333333333,696.7816984495,55.9625185933,0.3283779658,3127575.94594595,4590043.06002115,10007957,4,115720310,6090542.63157895,4834123.93919511,10030845,4,110929605,6525270.88235294,4892558.09049881,10068722,267,0,0,0,0,412,504,0.1728305083,0.1555474575,0,2636,166.0512820513,492.5680262246,242623.260458839,0,0,0,1,0,0,0,0,0,170.4210526316,51.25,302.8333333333,412,0,0,0,0,0,0,20,1025,18,5451,8192,983,19,20,96105.6363636363,239143.947052512,817142,22888,9988472.63636364,46387.0337665015,10007957,9848915,benign,benign,0
10626,59,1,1,2,6,2,2,2.0,0.0,6,6,6.0,0.0,135593.2203,33898.30508,59.0,0.0,59,59,0,0.0,0.0,0,0,0,0.0,0.0,0,0,0,0,0,0,24,20,16949.15254,16949.15254,2,6,3.333333333,2.309401077,5.333333333,0,0,0,1,0,0,0,0,1,5.0,2.0,6.0,24,0,0,0,0,0,0,1,2,1,6,1024,0,0,24,0.0,0.0,0,0,0.0,0.0,0,0,portscan,portscan,1
80,27265331,4,3,24,0,6,6,6.0,0.0,0,0,0.0,0.0,0.8802387178,0.2567362927,4544221.83333333,5057110.07033375,10007770,23486,27265331,9088443.66666667,1632965.08846158,10031256,7202858,20063424,10031712.0,4317.5940059251,10034765,10028659,0,0,0,0,80,96,0.146706453,0.1100298397,0,6,3.75,3.105295017,9.6428571429,0,0,0,0,1,0,0,0,0,4.2857142857,6.0,0.0,80,0,0,0,0,0,0,4,24,3,0,253,292,3,20,25240.5,2481.2376951836,26995,23486,10005996.0,2508.8148596499,10007770,10004222,benign,benign,0
443,90063816,3,3,18,0,6,6,6.0,0.0,0,0,0.0,0.0,0.1998582872,0.0666194291,18012763.2,24631992.0303385,44996974,22918,90040269,45020134.5,3780.8999590045,45022808,45017461,90040898,45020449.0,101.8233764909,45020521,45020377,0,0,0,0,60,96,0.0333097145,0.0333097145,0,6,3.4285714286,3.2071349029,10.2857142857,0,0,0,0,1,0,0,0,1,4.0,6.0,0.0,60,0,0,0,0,0,0,3,18,3,0,256,980,2,20,24376.0,2061.92337394,25834,22918,44995758.5,1718.9765850645,44996974,44994543,benign,benign,0
80,420575,3,6,26,11601,20,0,8.666666667,10.26320288,5840,0,1933.5,2189.772933,27645.48535,21.3992748,52571.875,136795.7994,390140,1,30006,15003.0,21216.03186,30005,1,420449,84089.8,171577.1908,390140,46,0,0,0,0,72,132,7.133091601,14.2661832,0,5840,1162.7,1911.59573,3654198.233,0,0,0,1,0,0,0,0,2,1291.888889,8.666666667,1933.5,72,0,0,0,0,0,0,3,26,6,11601,8192,229,2,20,0.0,0.0,0,0,0.0,0.0,0,0,ddos,ddos,1
443,119200340,24,22,405,21779,221,0,16.875,46.8441565193,1418,0,989.9545454545,610.8006047704,186.1068517086,0.3859049395,2648896.44444444,12136519.3469607,58291147,1,119200340,5182623.47826087,16771150.2272137,58368396,2,119163166,5674436.47619048,17513610.7944692,58331015,1,1,0,0,0,768,704,0.2013417076,0.184563232,0,1418,472.9787234043,641.6681551056,411738.021276596,0,1,0,0,1,0,0,0,0,483.2608695652,16.875,989.9545454545,768,0,0,0,0,0,0,24,405,22,21779,309,357,4,32,1310254.0,1738075.53922435,2539259,81249,58271468.0,27830.3086939401,58291147,58251789,benign,benign,0
53,76551,4,2,176,266,44,44,44.0,0.0,133,133,133.0,0.0,5773.9284921164,78.3791198025,15310.2,21733.3789296556,46396,3,30152,10050.6666666667,17403.0691641829,30146,3,3,3.0,0.0,3,3,0,0,0,0,80,40,52.252746535,26.1263732675,44,133,69.4285714286,43.4275532462,1885.9523809524,0,0,0,0,0,0,0,0,0,81.0,44.0,133.0,80,0,0,0,0,0,0,4,176,2,266,-1,-1,3,20,0.0,0.0,0,0,0.0,0.0,0,0,benign,benign,0
80,30914,2,4,20,11601,20,0,10.0,14.14213562,10135,0,2900.25,4871.82583,375913.8255,194.0868215,6182.8,13250.38329,29885,117,30002,30002.0,0.0,30002,30002,30797,10265.66667,17262.21731,30198,196,0,0,0,0,52,92,64.69560717,129.3912143,0,10135,1660.142857,3776.191663,14300000.0,0,0,0,1,0,0,0,0,2,1936.833333,10.0,2900.25,52,0,0,0,0,0,0,2,20,4,11601,8192,229,1,20,0.0,0.0,0,0,0.0,0.0,0,0,ddos,ddos,1
443,244757,15,11,522,12938,189,0,34.8,63.1610187197,4254,0,1176.1818181818,1359.3917623836,54993.3199050487,106.2278096234,9790.28,19235.7542927227,53528,1,244757,17482.6428571429,29903.3181632127,93919,4,114495,11449.5,23167.7218908358,57016,1,0,0,0,0,488,360,61.2852747827,44.9425348407,0,4254,498.5185185185,1020.197129155,1040802.18233618,0,0,0,1,0,0,0,0,0,517.6923076923,34.8,1176.1818181818,488,0,0,0,0,0,0,15,522,11,12938,29200,340,5,32,0.0,0.0,0,0,0.0,0.0,0,0,benign,benign,0
254,43,1,1,2,6,2,2,2.0,0.0,6,6,6.0,0.0,186046.5116,46511.62791,43.0,0.0,43,43,0,0.0,0.0,0,0,0,0.0,0.0,0,0,0,0,0,0,24,20,23255.81395,23255.81395,2,6,3.333333333,2.309401077,5.333333333,0,0,0,1,0,0,0,0,1,5.0,2.0,6.0,24,0,0,0,0,0,0,1,2,1,6,1024,0,0,24,0.0,0.0,0,0,0.0,0.0,0,0,portscan,portscan,1
1972,12,1,1,2,6,2,2,2.0,0.0,6,6,6.0,0.0,666666.6667,166666.6667,12.0,0.0,12,12,0,0.0,0.0,0,0,0,0.0,0.0,0,0,0,0,0,0,24,20,83333.33333,83333.33333,2,6,3.333333333,2.309401077,5.333333333,0,0,0,1,0,0,0,0,1,5.0,2.0,6.0,24,0,0,0,0,0,0,1,2,1,6,1024,0,0,24,0.0,0.0,0,0,0.0,0.0,0,0,portscan,portscan,1
80,12762056,10,7,1290,746,316,0,129.0,160.0944165867,185,0,106.5714285714,97.8380586187,159.535422819,1.3320737662,797628.5,2452069.43590225,9950627,3,12762056,1418006.22222222,3209887.37006892,9950627,76,12305589,2050931.5,4041370.73136305,10251284,3,0,0,0,0,212,164,0.7835728036,0.5485009625,0,316,113.1111111111,133.6641484287,17866.1045751634,0,0,0,1,0,0,0,0,0,119.7647058824,129.0,106.5714285714,212,0,0,0,0,0,0,10,1290,7,746,8192,148,9,20,2360252.0,0.0,2360252,2360252,9950627.0,0.0,9950627,9950627,benign,benign,0
80,3114933,5,0,30,0,6,6,6.0,0.0,0,0,0.0,0.0,9.631025772,1.605170962,778733.25,1556797.237,3113929,4,3114933,778733.25,1556797.237,3113929,4,0,0.0,0.0,0,0,0,0,0,0,100,0,1.605170962,0.0,6,6,6.0,0.0,0.0,0,0,0,0,1,0,0,0,0,7.2,6.0,0.0,100,0,0,0,0,0,0,5,30,0,0,256,-1,4,20,0.0,0.0,0,0,0.0,0.0,0,0,ddos,ddos,1
80,49321,3,6,26,11601,20,0,8.666666667,10.26320288,5840,0,1933.5,2201.078258,235741.3678,182.4780519,6165.125,11728.28669,31276,105,17479,8739.5,11868.78732,17132,347,49175,9835.0,14133.18075,31276,105,0,0,0,0,72,132,60.82601732,121.6520346,0,5840,1162.7,1918.795458,3681776.011,0,0,0,1,0,0,0,0,2,1291.888889,8.666666667,1933.5,72,0,0,0,0,0,0,3,26,6,11601,8192,229,2,20,0.0,0.0,0,0,0.0,0.0,0,0,ddos,ddos,1
5631,34,1,1,2,6,2,2,2.0,0.0,6,6,6.0,0.0,235294.1176,58823.52941,34.0,0.0,34,34,0,0.0,0.0,0,0,0,0.0,0.0,0,0,0,0,0,0,24,20,29411.76471,29411.76471,2,6,3.333333333,2.309401077,5.333333333,0,0,0,1,0,0,0,0,1,5.0,2.0,6.0,24,0,0,0,0,0,0,1,2,1,6,1024,0,0,24,0.0,0.0,0,0,0.0,0.0,0,0,portscan,portscan,1
51488,3,2,0,37,0,31,6,18.5,17.6776695297,0,0,0.0,0.0,12333333.3333333,666666.666666667,3.0,0.0,3,3,3,3.0,0.0,3,3,0,0.0,0.0,0,0,1,0,0,0,40,0,666666.666666667,0.0,6,31,22.6666666667,14.4337567297,208.3333333333,0,1,0,0,1,0,0,0,0,34.0,18.5,0.0,40,0,0,0,0,0,0,2,37,0,0,110,-1,1,20,0.0,0.0,0,0,0.0,0.0,0,0,benign,benign,0
80,1001097,3,6,26,11601,20,0,8.666666667,10.26320288,4380,0,1933.5,1757.789948,11614.25916,8.990137819,125137.125,346047.563,981409,16,19348,9674.0,12958.43887,18837,511,1001045,200209.0,436783.9832,981409,16,0,0,0,0,72,132,2.996712606,5.993425213,0,4380,1162.7,1645.241762,2706820.456,0,0,0,1,0,0,0,0,2,1291.888889,8.666666667,1933.5,72,0,0,0,0,0,0,3,26,6,11601,8192,229,2,20,0.0,0.0,0,0,0.0,0.0,0,0,ddos,ddos,1
1783,76,1,1,2,6,2,2,2.0,0.0,6,6,6.0,0.0,105263.1579,26315.78947,76.0,0.0,76,76,0,0.0,0.0,0,0,0,0.0,0.0,0,0,0,0,0,0,24,20,13157.89474,13157.89474,2,6,3.333333333,2.309401077,5.333333333,0,0,0,1,0,0,0,0,1,5.0,2.0,6.0,24,0,0,0,0,0,0,1,2,1,6,1024,0,0,24,0.0,0.0,0,0,0.0,0.0,0,0,portscan,portscan,1
49175,60,1,1,2,6,2,2,2.0,0.0,6,6,6.0,0.0,133333.3333,33333.33333,60.0,0.0,60,60,0,0.0,0.0,0,0,0,0.0,0.0,0,0,0,0,0,0,24,20,16666.66667,16666.66667,2,6,3.333333333,2.309401077,5.333333333,0,0,0,1,0,0,0,0,1,5.0,2.0,6.0,24,0,0,0,0,0,0,1,2,1,6,1024,0,0,24,0.0,0.0,0,0,0.0,0.0,0,0,portscan,portscan,1
443,77463,6,4,352,5489,208,0,58.6666666667,87.8604954838,4023,0,1372.25,1895.9504872227,75403.7411409318,129.0938899862,8607.0,10372.0701766812,22769,43,77463,15492.6,11090.6816877954,26303,106,26362,8787.3333333333,12332.6658242788,22918,193,0,0,0,0,132,92,77.4563339917,51.6375559945,0,4023,531.0,1235.8738608774,1527384.2,0,0,0,1,0,0,0,0,0,584.1,58.6666666667,1372.25,132,0,0,0,0,0,0,6,352,4,5489,8192,119,5,20,0.0,0.0,0,0,0.0,0.0,0,0,benign,benign,0
80,2025959,5,0,30,0,6,6,6.0,0.0,0,0,0.0,0.0,14.80780213,2.467967022,506489.75,1012324.936,2024977,4,2025959,506489.75,1012324.936,2024977,4,0,0.0,0.0,0,0,0,0,0,0,100,0,2.467967022,0.0,6,6,6.0,0.0,0.0,0,0,0,0,1,0,0,0,0,7.2,6.0,0.0,100,0,0,0,0,0,0,5,30,0,0,256,-1,4,20,0.0,0.0,0,0,0.0,0.0,0,0,ddos,ddos,1
80,670237,3,5,26,11607,20,0,8.666666667,10.26320288,5840,0,2321.4,3173.373883,17356.54701,11.93607634,95748.14286,252822.7542,669096,4,889,444.5,560.7356775,841,48,670104,167526.0,334380.1788,669096,4,0,0,0,0,72,112,4.476028629,7.460047714,0,5840,1292.555556,2554.159212,6523729.278,0,0,0,1,0,0,0,0,1,1454.125,8.666666667,2321.4,72,0,0,0,0,0,0,3,26,5,11607,8192,229,2,20,0.0,0.0,0,0,0.0,0.0,0,0,ddos,ddos,1
7025,66,1,1,2,6,2,2,2.0,0.0,6,6,6.0,0.0,121212.1212,30303.0303,66.0,0.0,66,66,0,0.0,0.0,0,0,0,0.0,0.0,0,0,0,0,0,0,24,20,15151.51515,15151.51515,2,6,3.333333333,2.309401077,5.333333333,0,0,0,1,0,0,0,0,1,5.0,2.0,6.0,24,0,0,0,0,0,0,1,2,1,6,1024,0,0,24,0.0,0.0,0,0,0.0,0.0,0,0,portscan,portscan,1
443,203335,25,31,1665,57901,1214,0,66.6,243.1683230467,4380,0,1867.7741935484,1002.9860653627,292945.139793936,275.4075786264,3697.0,8841.3700798513,36370,2,203317,8471.5416666667,14998.6242296018,60816,165,179250,5975.0,14477.9338161979,64003,189,0,0,0,0,512,632,122.9498118868,152.4577667396,0,4380,1045.0175438597,1177.2238755896,1385856.05325815,0,0,0,1,0,0,0,0,1,1063.6785714286,66.6,1867.7741935484,512,0,0,0,0,0,0,25,1665,31,57901,8192,64,24,20,0.0,0.0,0,0,0.0,0.0,0,0,benign,benign,0
80,625914,3,4,26,11601,20,0,8.666666667,10.26320288,8760,0,2900.25,4128.319301,18576.03441,11.18364504,104319.0,249603.7773,613740,57,11904,5952.0,7652.309586,11363,541,625857,208619.0,350894.2216,613740,186,0,0,0,0,72,92,4.79299073,6.390654307,0,8760,1453.375,3113.952607,9696700.839,0,0,0,1,0,0,0,0,1,1661.0,8.666666667,2900.25,72,0,0,0,0,0,0,3,26,4,11601,8192,229,2,20,0.0,0.0,0,0,0.0,0.0,0,0,ddos,ddos,1
20031,84,1,1,2,6,2,2,2.0,0.0,6,6,6.0,0.0,95238.09524,23809.52381,84.0,0.0,84,84,0,0.0,0.0,0,0,0,0.0,0.0,0,0,0,0,0,0,24,20,11904.7619,11904.7619,2,6,3.333333333,2.309401077,5.333333333,0,0,0,1,0,0,0,0,1,5.0,2.0,6.0,24,0,0,0,0,0,0,1,2,1,6,1024,0,0,24,0.0,0.0,0,0,0.0,0.0,0,0,portscan,portscan,1
9081,64,1,1,2,6,2,2,2.0,0.0,6,6,6.0,0.0,125000.0,31250.0,64.0,0.0,64,64,0,0.0,0.0,0,0,0,0.0,0.0,0,0,0,0,0,0,24,20,15625.0,15625.0,2,6,3.333333333,2.309401077,5.333333333,0,0,0,1,0,0,0,0,1,5.0,2.0,6.0,24,0,0,0,0,0,0,1,2,1,6,1024,0,0,24,0.0,0.0,0,0,0.0,0.0,0,0,portscan,portscan,1
443,30596614,2,1,12,0,6,6,6.0,0.0,0,0,0.0,0.0,0.3922002611,0.0980500653,15298307.0,21601880.2342248,30573143,23471,30596614,30596614.0,0.0,30596614,30596614,0,0.0,0.0,0,0,0,0,0,0,40,32,0.0653667102,0.0326833551,0,6,4.5,3.0,9.0,0,0,0,0,1,0,0,0,0,6.0,6.0,0.0,40,0,0,0,0,0,0,2,12,1,0,256,980,1,20,0.0,0.0,0,0,0.0,0.0,0,0,benign,benign,0
443,100411,4,1,185,0,185,0,46.25,92.5,0,0,0.0,0.0,1842.4276224717,49.7953411479,25102.75,21896.0606559719,50306,61,100411,33470.3333333333,17381.7769325617,50367,15641,0,0.0,0.0,0,0,0,0,0,0,136,40,39.8362729183,9.9590682296,0,185,30.8333333333,75.5259337358,5704.1666666667,0,0,0,1,0,0,0,0,0,37.0,46.25,0.0,136,0,0,0,0,0,0,4,185,1,0,29200,17898,1,32,0.0,0.0,0,0,0.0,0.0,0,0,benign,benign,0
80,106997,3,6,26,11607,20,0,8.666666667,10.26320288,5840,0,1934.5,2538.919278,108722.6745,84.11450788,13374.625,37341.1526,105786,2,1065,532.5,645.5884912,989,76,106948,21389.6,47181.14454,105786,2,0,0,0,0,72,132,28.03816929,56.07633859,0,5840,1163.3,2138.329153,4572451.567,0,0,0,1,0,0,0,0,2,1292.555556,8.666666667,1934.5,72,0,0,0,0,0,0,3,26,6,11607,8192,229,2,20,0.0,0.0,0,0,0.0,0.0,0,0,ddos,ddos,1
53,47100,1,1,60,281,60,60,60.0,0.0,281,281,281.0,0.0,7239.91507431,42.4628450106,47100.0,0.0,47100,47100,0,0.0,0.0,0,0,0,0.0,0.0,0,0,0,0,0,0,40,32,21.2314225053,21.2314225053,60,281,133.6666666667,127.5944094909,16280.3333333333,0,0,0,0,0,0,0,0,1,200.5,60.0,281.0,40,0,0,0,0,0,0,1,60,1,281,-1,-1,0,40,0.0,0.0,0,0,0.0,0.0,0,0,benign,benign,0
51502,0,2,0,37,0,31,6,18.5,17.6776695297,0,0,0.0,0.0,inf,inf,0.0,0.0,0,0,0,0.0,0.0,0,0,0,0.0,0.0,0,0,1,0,0,0,40,0,0.0,0.0,6,31,22.6666666667,14.4337567297,208.3333333333,0,1,0,0,1,0,0,0,0,34.0,18.5,0.0,40,0,0,0,0,0,0,2,37,0,0,110,-1,1,20,0.0,0.0,0,0,0.0,0.0,0,0,benign,benign,0
80,45913,5,0,30,0,6,6,6.0,0.0,0,0,0.0,0.0,653.4097097,108.9016183,11478.25,21049.69014,43029,4,45913,11478.25,21049.69014,43029,4,0,0.0,0.0,0,0,0,0,0,0,100,0,108.9016183,0.0,6,6,6.0,0.0,0.0,0,0,0,0,1,0,0,0,0,7.2,6.0,0.0,100,0,0,0,0,0,0,5,30,0,0,256,-1,4,20,0.0,0.0,0,0,0.0,0.0,0,0,ddos,ddos,1
3128,49,1,1,2,6,2,2,2.0,0.0,6,6,6.0,0.0,163265.3061,40816.32653,49.0,0.0,49,49,0,0.0,0.0,0,0,0,0.0,0.0,0,0,0,0,0,0,24,20,20408.16327,20408.16327,2,6,3.333333333,2.309401077,5.333333333,0,0,0,1,0,0,0,0,1,5.0,2.0,6.0,24,0,0,0,0,0,0,1,2,1,6,1024,0,0,24,0.0,0.0,0,0,0.0,0.0,0,0,portscan,portscan,1
53,61109,1,1,55,183,55,55,55.0,0.0,183,183,183.0,0.0,3894.6799980363,32.7284033448,61109.0,0.0,61109,61109,0,0.0,0.0,0,0,0,0.0,0.0,0,0,0,0,0,0,20,20,16.3642016724,16.3642016724,55,183,97.6666666667,73.9008344563,5461.3333333333,0,0,0,0,0,0,0,0,1,146.5,55.0,183.0,20,0,0,0,0,0,0,1,55,1,183,-1,-1,0,20,0.0,0.0,0,0,0.0,0.0,0,0,benign,benign,0
40911,16,1,1,2,6,2,2,2.0,0.0,6,6,6.0,0.0,500000.0,125000.0,16.0,0.0,16,16,0,0.0,0.0,0,0,0,0.0,0.0,0,0,0,0,0,0,24,20,62500.0,62500.0,2,6,3.333333333,2.309401077,5.333333333,0,0,0,1,0,0,0,0,1,5.0,2.0,6.0,24,0,0,0,0,0,0,1,2,1,6,1024,0,0,24,0.0,0.0,0,0,0.0,0.0,0,0,portscan,portscan,1
80,418581,3,6,26,11607,20,0,8.666666667,10.26320288,4380,0,1934.5,2177.344966,27791.51467,21.50121482,52322.625,147556.5965,417506,3,931,465.5,470.2260095,798,133,418567,83713.4,186596.2085,417506,3,0,0,0,0,72,132,7.167071606,14.33414321,0,4380,1163.3,1903.962654,3625073.789,0,0,0,1,0,0,0,0,2,1292.555556,8.666666667,1934.5,72,0,0,0,0,0,0,3,26,6,11607,8192,229,2,20,0.0,0.0,0,0,0.0,0.0,0,0,ddos,ddos,1
443,31059919,2,1,12,0,6,6,6.0,0.0,0,0,0.0,0.0,0.3863500095,0.0965875024,15529959.5,21929565.5374419,31036504,23415,31059919,31059919.0,0.0,31059919,31059919,0,0.0,0.0,0,0,0,0,0,0,40,32,0.0643916682,0.0321958341,0,6,4.5,3.0,9.0,0,0,0,0,1,0,0,0,0,6.0,6.0,0.0,40,0,0,0,0,0,0,2,12,1,0,1494,1676,1,20,0.0,0.0,0,0,0.0,0.0,0,0,benign,benign,0
443,152016,3,0,18,0,6,6,6.0,0.0,0,0,0.0,0.0,118.4085885696,19.7347647616,76008.0,107422.247984298,151967,49,152016,76008.0,107422.247984298,151967,49,0,0.0,0.0,0,0,0,0,0,0,60,0,19.7347647616,0.0,6,6,6.0,0.0,0.0,0,0,0,0,1,0,0,0,0,8.0,6.0,0.0,60,0,0,0,0,0,0,3,18,0,0,254,-1,2,20,0.0,0.0,0,0,0.0,0.0,0,0,benign,benign,0
8994,68,1,1,2,6,2,2,2.0,0.0,6,6,6.0,0.0,117647.0588,29411.76471,68.0,0.0,68,68,0,0.0,0.0,0,0,0,0.0,0.0,0,0,0,0,0,0,24,20,14705.88235,14705.88235,2,6,3.333333333,2.309401077,5.333333333,0,0,0,1,0,0,0,0,1,5.0,2.0,6.0,24,0,0,0,0,0,0,1,2,1,6,1024,0,0,24,0.0,0.0,0,0,0.0,0.0,0,0,portscan,portscan,1
80,1226421,4,0,24,0,6,6,6.0,0.0,0,0,0.0,0.0,19.56913654,3.261522756,408807.0,707412.8548,1225657,309,1226421,408807.0,707412.8548,1225657,309,0,0.0,0.0,0,0,0,0,0,0,80,0,3.261522756,0.0,6,6,6.0,0.0,0.0,0,0,0,0,1,0,0,0,0,7.5,6.0,0.0,80,0,0,0,0,0,0,4,24,0,0,256,-1,3,20,0.0,0.0,0,0,0.0,0.0,0,0,ddos,ddos,1
8652,42,1,1,2,6,2,2,2.0,0.0,6,6,6.0,0.0,190476.1905,47619.04762,42.0,0.0,42,42,0,0.0,0.0,0,0,0,0.0,0.0,0,0,0,0,0,0,24,20,23809.52381,23809.52381,2,6,3.333333333,2.309401077,5.333333333,0,0,0,1,0,0,0,0,1,5.0,2.0,6.0,24,0,0,0,0,0,0,1,2,1,6,1024,0,0,24,0.0,0.0,0,0,0.0,0.0,0,0,portscan,portscan,1
443,61,2,0,12,0,6,6,6.0,0.0,0,0,0.0,0.0,196721.31147541,32786.8852459016,61.0,0.0,61,61,61,61.0,0.0,61,61,0,0.0,0.0,0,0,0,0,0,0,40,0,32786.8852459016,0.0,6,6,6.0,0.0,0.0,0,0,0,0,1,0,0,0,0,9.0,6.0,0.0,40,0,0,0,0,0,0,2,12,0,0,256,-1,1,20,0.0,0.0,0,0,0.0,0.0,0,0,benign,benign,0
2607,25,1,1,2,6,2,2,2.0,0.0,6,6,6.0,0.0,320000.0,80000.0,25.0,0.0,25,25,0,0.0,0.0,0,0,0,0.0,0.0,0,0,0,0,0,0,24,20,40000.0,40000.0,2,6,3.333333333,2.309401077,5.333333333,0,0,0,1,0,0,0,0,1,5.0,2.0,6.0,24,0,0,0,0,0,0,1,2,1,6,1024,0,0,24,0.0,0.0,0,0,0.0,0.0,0,0,portscan,portscan,1
137,48,2,0,124,0,62,62,62.0,0.0,0,0,0.0,0.0,2583333.33333333,41666.6666666667,48.0,0.0,48,48,48,48.0,0.0,48,48,0,0.0,0.0,0,0,0,0,0,0,40,0,41666.6666666667,0.0,62,62,62.0,0.0,0.0,0,0,0,0,0,0,0,0,0,93.0,62.0,0.0,40,0,0,0,0,0,0,2,124,0,0,-1,-1,1,20,0.0,0.0,0,0,0.0,0.0,0,0,benign,benign,0
80,9210754,4,0,24,0,6,6,6.0,0.0,0,0,0.0,0.0,2.605649874,0.434274979,3070251.333,5316833.641,9209602,467,9210754,3070251.333,5316833.641,9209602,467,0,0.0,0.0,0,0,0,0,0,0,80,0,0.434274979,0.0,6,6,6.0,0.0,0.0,0,0,0,0,1,0,0,0,0,7.5,6.0,0.0,80,0,0,0,0,0,0,4,24,0,0,256,-1,3,20,1152.0,0.0,1152,1152,9209602.0,0.0,9209602,9209602,ddos,ddos,1
2288,66,1,1,2,6,2,2,2.0,0.0,6,6,6.0,0.0,121212.1212,30303.0303,66.0,0.0,66,66,0,0.0,0.0,0,0,0,0.0,0.0,0,0,0,0,0,0,24,20,15151.51515,15151.51515,2,6,3.333333333,2.309401077,5.333333333,0,0,0,1,0,0,0,0,1,5.0,2.0,6.0,24,0,0,0,0,0,0,1,2,1,6,1024,0,0,24,0.0,0.0,0,0,0.0,0.0,0,0,portscan,portscan,1
80,7132714,4,0,24,0,6,6,6.0,0.0,0,0,0.0,0.0,3.36477812,0.560796353,2377571.333,4117314.001,7131836,1,7132714,2377571.333,4117314.001,7131836,1,0,0.0,0.0,0,0,0,0,0,0,80,0,0.560796353,0.0,6,6,6.0,0.0,0.0,0,0,0,0,1,0,0,0,0,7.5,6.0,0.0,80,0,0,0,0,0,0,4,24,0,0,256,-1,3,20,878.0,0.0,878,878,7131836.0,0.0,7131836,7131836,ddos,ddos,1
80,909717,2,4,20,11601,20,0,10.0,14.14213562,8675,0,2900.25,4088.041942,12774.30234,6.595457708,181943.4,399640.2679,896776,34,12649,12649.0,0.0,12649,12649,909683,303227.6667,514066.1676,896776,184,0,0,0,0,52,92,2.198485903,4.396971806,0,8675,1660.142857,3278.463585,10700000.0,0,0,0,1,0,0,0,0,2,1936.833333,10.0,2900.25,52,0,0,0,0,0,0,2,20,4,11601,8192,229,1,20,0.0,0.0,0,0,0.0,0.0,0,0,ddos,ddos,1
443,113054,7,6,1417,3649,1076,0,202.4285714286,392.7950513702,3050,0,608.1666666667,1205.0693617658,44810.4445663134,114.98929715,9421.1666666667,15801.5112673862,39595,0,113054,18842.3333333333,18992.9567436633,39640,138,79719,15943.8,21051.0218208048,39759,4,0,0,0,0,152,132,61.91731385,53.0719833,0,3050,361.8571428571,825.5330079729,681504.747252747,0,0,0,1,0,0,0,0,0,389.6923076923,202.4285714286,608.1666666667,152,0,0,0,0,0,0,7,1417,6,3649,8192,140,6,20,0.0,0.0,0,0,0.0,0.0,0,0,benign,benign,0
5003,59,1,1,2,6,2,2,2.0,0.0,6,6,6.0,0.0,135593.2203,33898.30508,59.0,0.0,59,59,0,0.0,0.0,0,0,0,0.0,0.0,0,0,0,0,0,0,24,20,16949.15254,16949.15254,2,6,3.333333333,2.309401077,5.333333333,0,0,0,1,0,0,0,0,1,5.0,2.0,6.0,24,0,0,0,0,0,0,1,2,1,6,1024,0,0,24,0.0,0.0,0,0,0.0,0.0,0,0,portscan,portscan,1
80,1266910,3,4,26,11601,20,0,8.666666667,10.26320288,10135,0,2900.25,4871.82583,9177.44749,5.525254359,211151.6667,506322.0343,1244533,61,22135,11067.5,14873.99114,21585,550,1266712,422237.3333,712212.4809,1244533,181,0,0,0,0,72,92,2.367966154,3.157288205,0,10135,1453.375,3544.652026,12600000.0,0,0,0,1,0,0,0,0,1,1661.0,8.666666667,2900.25,72,0,0,0,0,0,0,3,26,4,11601,8192,229,2,20,0.0,0.0,0,0,0.0,0.0,0,0,ddos,ddos,1
5987,37,1,1,2,6,2,2,2.0,0.0,6,6,6.0,0.0,216216.2162,54054.05405,37.0,0.0,37,37,0,0.0,0.0,0,0,0,0.0,0.0,0,0,0,0,0,0,24,20,27027.02703,27027.02703,2,6,3.333333333,2.309401077,5.333333333,0,0,0,1,0,0,0,0,1,5.0,2.0,6.0,24,0,0,0,0,0,0,1,2,1,6,1024,0,0,24,0.0,0.0,0,0,0.0,0.0,0,0,portscan,portscan,1
2160,48,1,1,2,6,2,2,2.0,0.0,6,6,6.0,0.0,166666.6667,41666.66667,48.0,0.0,48,48,0,0.0,0.0,0,0,0,0.0,0.0,0,0,0,0,0,0,24,20,20833.33333,20833.33333,2,6,3.333333333,2.309401077,5.333333333,0,0,0,1,0,0,0,0,1,5.0,2.0,6.0,24,0,0,0,0,0,0,1,2,1,6,1024,0,0,24,0.0,0.0,0,0,0.0,0.0,0,0,portscan,portscan,1
53,30787,1,1,49,177,49,49,49.0,0.0,177,177,177.0,0.0,7340.7607106896,64.9624841654,30787.0,0.0,30787,30787,0,0.0,0.0,0,0,0,0.0,0.0,0,0,0,0,0,0,20,32,32.4812420827,32.4812420827,49,177,91.6666666667,73.9008344563,5461.3333333333,0,0,0,0,0,0,0,0,1,137.5,49.0,177.0,20,0,0,0,0,0,0,1,49,1,177,-1,-1,0,20,0.0,0.0,0,0,0.0,0.0,0,0,benign,benign,0
1761,91,1,1,2,6,2,2,2.0,0.0,6,6,6.0,0.0,87912.08791,21978.02198,91.0,0.0,91,91,0,0.0,0.0,0,0,0,0.0,0.0,0,0,0,0,0,0,24,20,10989.01099,10989.01099,2,6,3.333333333,2.309401077,5.333333333,0,0,0,1,0,0,0,0,1,5.0,2.0,6.0,24,0,0,0,0,0,0,1,2,1,6,1024,0,0,24,0.0,0.0,0,0,0.0,0.0,0,0,portscan,portscan,1
53,93692396,2,2,141,354,95,46,70.5,34.6482322781,207,147,177.0,42.4264068712,5.2832462519,0.042692899,31230798.6666667,53949934.32577,93526788,30857,93661539,93661539.0,0.0,93661539,93661539,93557645,93557645.0,0.0,93557645,93557645,0,0,0,0,40,40,0.0213464495,0.0213464495,46,207,108.2,69.2437722831,4794.7,0,0,0,0,0,0,0,0,1,135.25,70.5,177.0,40,0,0,0,0,0,0,2,141,2,354,-1,-1,1,20,134751.0,0.0,134751,134751,93526788.0,0.0,93526788,93526788,benign,benign,0
80,876971,3,5,26,11601,20,0,8.666666667,10.26320288,7300,0,2320.2,3022.508098,13258.1351,9.122308491,125281.5714,328275.5749,869722,10,6876,3438.0,4314.765579,6489,387,876870,219217.5,433681.0705,869722,10,0,0,0,0,72,112,3.420865684,5.701442807,0,7300,1291.888889,2460.652985,6054813.111,0,0,0,1,0,0,0,0,1,1453.375,8.666666667,2320.2,72,0,0,0,0,0,0,3,26,5,11601,8192,229,2,20,0.0,0.0,0,0,0.0,0.0,0,0,ddos,ddos,1
1216,63,1,1,2,6,2,2,2.0,0.0,6,6,6.0,0.0,126984.127,31746.03175,63.0,0.0,63,63,0,0.0,0.0,0,0,0,0.0,0.0,0,0,0,0,0,0,24,20,15873.01587,15873.01587,2,6,3.333333333,2.309401077,5.333333333,0,0,0,1,0,0,0,0,1,5.0,2.0,6.0,24,0,0,0,0,0,0,1,2,1,6,1024,0,0,24,0.0,0.0,0,0,0.0,0.0,0,0,portscan,portscan,1
80,6725645,5,0,30,0,6,6,6.0,0.0,0,0,0.0,0.0,4.460538729,0.743423121,1681411.25,3362281.188,6724833,0,6725645,1681411.25,3362281.188,6724833,0,0,0.0,0.0,0,0,0,0,0,0,100,0,0.743423121,0.0,6,6,6.0,0.0,0.0,0,0,0,0,1,0,0,0,0,7.2,6.0,0.0,100,0,0,0,0,0,0,5,30,0,0,256,-1,4,20,812.0,0.0,812,812,6724833.0,0.0,6724833,6724833,ddos,ddos,1
53,60393,1,1,50,119,50,50,50.0,0.0,119,119,119.0,0.0,2798.337555677,33.1164207772,60393.0,0.0,60393,60393,0,0.0,0.0,0,0,0,0.0,0.0,0,0,0,0,0,0,32,20,16.5582103886,16.5582103886,50,119,73.0,39.8371685741,1587.0,0,0,0,0,0,0,0,0,1,109.5,50.0,119.0,32,0,0,0,0,0,0,1,50,1,119,-1,-1,0,32,0.0,0.0,0,0,0.0,0.0,0,0,benign,benign,0
443,337380,7,9,1138,4663,788,0,162.5714285714,287.0417258535,1460,0,518.1111111111,608.1300116843,17194.2616634062,47.4242693699,22492.0,60307.7128080883,236445,1,100931,16821.8333333333,24660.108591948,64502,98,322310,40288.75,83311.2675722798,243201,1,0,0,0,0,152,192,20.7481178493,26.6761515205,0,1460,341.2352941176,504.6277748762,254649.191176471,0,0,0,1,0,0,0,0,1,362.5625,162.5714285714,518.1111111111,152,0,0,0,0,0,0,7,1138,9,4663,8192,63,6,20,0.0,0.0,0,0,0.0,0.0,0,0,benign,benign,0
2179,42,1,1,2,6,2,2,2.0,0.0,6,6,6.0,0.0,190476.1905,47619.04762,42.0,0.0,42,42,0,0.0,0.0,0,0,0,0.0,0.0,0,0,0,0,0,0,24,20,23809.52381,23809.52381,2,6,3.333333333,2.309401077,5.333333333,0,0,0,1,0,0,0,0,1,5.0,2.0,6.0,24,0,0,0,0,0,0,1,2,1,6,1024,0,0,24,0.0,0.0,0,0,0.0,0.0,0,0,portscan,portscan,1
80,997537,3,5,26,11601,20,0,8.666666667,10.26320288,4380,0,2320.2,2207.341206,11655.70801,8.019752651,142505.2857,372071.2243,986244,39,10911,5455.5,6350.526002,9946,965,997493,249373.25,491273.2289,986244,160,0,0,0,0,72,112,3.007407244,5.012345407,0,4380,1291.888889,1980.710254,3923213.111,0,0,0,1,0,0,0,0,1,1453.375,8.666666667,2320.2,72,0,0,0,0,0,0,3,26,5,11601,8192,229,2,20,0.0,0.0,0,0,0.0,0.0,0,0,ddos,ddos,1
443,77803,7,5,358,5489,208,0,51.1428571429,82.6386281175,2563,0,1097.8,1096.1729790503,75151.3437785175,154.2356978523,7073.0,9608.8515442794,22824,55,77803,12967.1666666667,11455.8038289186,26921,191,27447,6861.75,10969.6523607937,23091,169,0,0,0,0,152,112,89.9708237472,64.2648741051,0,2563,449.7692307692,829.7433492599,688474.025641026,0,0,0,1,0,0,0,0,0,487.25,51.1428571429,1097.8,152,0,0,0,0,0,0,7,358,5,5489,8192,119,6,20,0.0,0.0,0,0,0.0,0.0,0,0,benign,benign,0
80,622481,3,5,26,11607,20,0,8.666666667,10.26320288,7215,0,2321.4,3327.769794,18688.1206,12.85179789,88925.85714,234762.0898,621316,3,840,420.0,459.6194078,745,95,622406,155601.5,310476.5698,621316,3,0,0,0,0,72,112,4.819424207,8.032373679,0,7215,1292.555556,2650.585648,7025604.278,0,0,0,1,0,0,0,0,1,1454.125,8.666666667,2321.4,72,0,0,0,0,0,0,3,26,5,11607,8192,229,2,20,0.0,0.0,0,0,0.0,0.0,0,0,ddos,ddos,1
80,783658,3,5,26,11607,20,0,8.666666667,10.26320288,5840,0,2321.4,3173.373883,14844.48573,10.20853485,111951.1429,295668.5337,782464,4,1002,501.0,640.6387438,954,48,783572,195893.0,391047.5523,782464,4,0,0,0,0,72,112,3.828200567,6.380334278,0,5840,1292.555556,2554.159212,6523729.278,0,0,0,1,0,0,0,0,1,1454.125,8.666666667,2321.4,72,0,0,0,0,0,0,3,26,5,11607,8192,229,2,20,0.0,0.0,0,0,0.0,0.0,0,0,ddos,ddos,1
545,70,1,1,2,6,2,2,2.0,0.0,6,6,6.0,0.0,114285.7143,28571.42857,70.0,0.0,70,70,0,0.0,0.0,0,0,0,0.0,0.0,0,0,0,0,0,0,24,20,14285.71429,14285.71429,2,6,3.333333333,2.309401077,5.333333333,0,0,0,1,0,0,0,0,1,5.0,2.0,6.0,24,0,0,0,0,0,0,1,2,1,6,1024,0,0,24,0.0,0.0,0,0,0.0,0.0,0,0,portscan,portscan,1
8649,45,1,1,2,6,2,2,2.0,0.0,6,6,6.0,0.0,177777.7778,44444.44444,45.0,0.0,45,45,0,0.0,0.0,0,0,0,0.0,0.0,0,0,0,0,0,0,24,20,22222.22222,22222.22222,2,6,3.333333333,2.309401077,5.333333333,0,0,0,1,0,0,0,0,1,5.0,2.0,6.0,24,0,0,0,0,0,0,1,2,1,6,1024,0,0,24,0.0,0.0,0,0,0.0,0.0,0,0,portscan,portscan,1
53,66766,1,1,45,196,45,45,45.0,0.0,196,196,196.0,0.0,3609.6216637211,29.9553665039,66766.0,0.0,66766,66766,0,0.0,0.0,0,0,0,0.0,0.0,0,0,0,0,0,0,32,32,14.977683252,14.977683252,45,196,95.3333333333,87.1798906476,7600.3333333333,0,0,0,0,0,0,0,0,1,143.0,45.0,196.0,32,0,0,0,0,0,0,1,45,1,196,-1,-1,0,32,0.0,0.0,0,0,0.0,0.0,0,0,benign,benign,0
443,126,1,1,6,6,6,6,6.0,0.0,6,6,6.0,0.0,95238.0952380952,15873.0158730159,126.0,0.0,126,126,0,0.0,0.0,0,0,0,0.0,0.0,0,0,0,0,0,0,20,20,7936.5079365079,7936.5079365079,6,6,6.0,0.0,0.0,0,0,0,0,1,0,0,0,1,9.0,6.0,6.0,20,0,0,0,0,0,0,1,6,1,6,255,60,0,20,0.0,0.0,0,0,0.0,0.0,0,0,benign,benign,0
80,140996,4,0,24,0,6,6,6.0,0.0,0,0,0.0,0.0,170.2175948,28.36959914,46998.66667,79662.50216,138985,995,140996,46998.66667,79662.50216,138985,995,0,0.0,0.0,0,0,0,0,0,0,80,0,28.36959914,0.0,6,6,6.0,0.0,0.0,0,0,0,0,1,0,0,0,0,7.5,6.0,0.0,80,0,0,0,0,0,0,4,24,0,0,256,-1,3,20,0.0,0.0,0,0,0.0,0.0,0,0,ddos,ddos,1
80,9210787,4,0,24,0,6,6,6.0,0.0,0,0,0.0,0.0,2.605640539,0.434273423,3070262.333,5315238.445,9207771,1007,9210787,3070262.333,5315238.445,9207771,1007,0,0.0,0.0,0,0,0,0,0,0,80,0,0.434273423,0.0,6,6,6.0,0.0,0.0,0,0,0,0,1,0,0,0,0,7.5,6.0,0.0,80,0,0,0,0,0,0,4,24,0,0,256,-1,3,20,3016.0,0.0,3016,3016,9207771.0,0.0,9207771,9207771,ddos,ddos,1
80,33073,3,6,26,11601,20,0,8.666666667,10.26320288,5840,0,1933.5,2189.772933,351555.6496,272.1252986,4134.125,10768.55291,30773,46,32026,16013.0,21217.44608,31016,1010,32830,6566.0,14202.32328,31969,46,0,0,0,0,72,132,90.70843286,181.4168657,0,5840,1162.7,1911.59573,3654198.233,0,0,0,1,0,0,0,0,2,1291.888889,8.666666667,1933.5,72,0,0,0,0,0,0,3,26,6,11601,8192,229,2,20,0.0,0.0,0,0,0.0,0.0,0,0,ddos,ddos,1
80,1266749,3,4,26,11601,20,0,8.666666667,10.26320288,8760,0,2900.25,4128.319301,9178.613916,5.525956602,211124.8333,502789.6243,1237192,31,29037,14518.5,19109.56076,28031,1006,1266718,422239.3333,705920.1506,1237192,190,0,0,0,0,72,92,2.368267115,3.157689487,0,8760,1453.375,3113.952607,9696700.839,0,0,0,1,0,0,0,0,1,1661.0,8.666666667,2900.25,72,0,0,0,0,0,0,3,26,4,11601,8192,229,2,20,0.0,0.0,0,0,0.0,0.0,0,0,ddos,ddos,1
51280,0,2,0,37,0,31,6,18.5,17.6776695297,0,0,0.0,0.0,inf,inf,0.0,0.0,0,0,0,0.0,0.0,0,0,0,0.0,0.0,0,0,1,0,0,0,40,0,0.0,0.0,6,31,22.6666666667,14.4337567297,208.3333333333,0,1,0,0,1,0,0,0,0,34.0,18.5,0.0,40,0,0,0,0,0,0,2,37,0,0,1676,-1,1,20,0.0,0.0,0,0,0.0,0.0,0,0,benign,benign,0
80,27682739,6,6,455,1786,431,0,75.8333333333,174.0119727682,1774,0,297.6666666667,723.2586443774,80.9529721752,0.4334831174,2516612.63636364,4324034.46656595,10000748,47,20119367,4023873.4,5473905.75515822,10039636,111,27643889,5528777.8,5132564.87377108,10040304,875,0,0,0,0,132,156,0.2167415587,0.2167415587,0,1774,172.3846153846,495.5417134244,245561.58974359,0,0,0,1,0,0,0,0,1,186.75,75.8333333333,297.6666666667,132,0,0,0,0,0,0,6,455,6,1786,8192,946,5,20,59242.0,27917.9899348073,78983,39501,10000441.5,433.4564568674,10000748,10000135,benign,benign,0
80,1012270,2,5,20,11607,20,0,10.0,14.14213562,8675,0,2321.4,3769.536019,11486.06597,6.915151096,168711.6667,412762.7881,1011260,33,768,768.0,0.0,768,768,1012237,253059.25,505467.2732,1011260,44,0,0,0,0,52,112,1.975757456,4.93939364,0,8675,1453.375,3091.095642,9554872.268,0,0,0,1,0,0,0,0,2,1661.0,10.0,2321.4,52,0,0,0,0,0,0,2,20,5,11607,8192,229,1,20,0.0,0.0,0,0,0.0,0.0,0,0,ddos,ddos,1
80,624659,3,4,26,11607,20,0,8.666666667,10.26320288,11595,0,2901.75,5795.50069,18622.96069,11.20611406,104109.8333,254593.2731,623796,13,753,376.5,364.1599923,634,119,624610,208203.3333,359914.0226,623796,13,0,0,0,0,72,92,4.80262031,6.403493746,0,11595,1454.125,4097.537534,16800000.0,0,0,0,1,0,0,0,0,1,1661.857143,8.666666667,2901.75,72,0,0,0,0,0,0,3,26,4,11607,8192,229,2,20,0.0,0.0,0,0,0.0,0.0,0,0,ddos,ddos,1
8651,56,1,1,2,6,2,2,2.0,0.0,6,6,6.0,0.0,142857.1429,35714.28571,56.0,0.0,56,56,0,0.0,0.0,0,0,0,0.0,0.0,0,0,0,0,0,0,24,20,17857.14286,17857.14286,2,6,3.333333333,2.309401077,5.333333333,0,0,0,1,0,0,0,0,1,5.0,2.0,6.0,24,0,0,0,0,0,0,1,2,1,6,1024,0,0,24,0.0,0.0,0,0,0.0,0.0,0,0,portscan,portscan,1
80,9112436,4,0,24,0,6,6,6.0,0.0,0,0,0.0,0.0,2.633763354,0.438960559,3037478.667,5261063.913,9112432,1,9112436,3037478.667,5261063.913,9112432,1,0,0.0,0.0,0,0,0,0,0,0,80,0,0.438960559,0.0,6,6,6.0,0.0,0.0,0,0,0,0,1,0,0,0,0,7.5,6.0,0.0,80,0,0,0,0,0,0,4,24,0,0,256,-1,3,20,4.0,0.0,4,4,9112432.0,0.0,9112432,9112432,ddos,ddos,1
1524,61,1,1,2,6,2,2,2.0,0.0,6,6,6.0,0.0,131147.541,32786.88525,61.0,0.0,61,61,0,0.0,0.0,0,0,0,0.0,0.0,0,0,0,0,0,0,24,20,16393.44262,16393.44262,2,6,3.333333333,2.309401077,5.333333333,0,0,0,1,0,0,0,0,1,5.0,2.0,6.0,24,0,0,0,0,0,0,1,2,1,6,1024,0,0,24,0.0,0.0,0,0,0.0,0.0,0,0,portscan,portscan,1
53,486,1,1,61,143,61,61,61.0,0.0,143,143,143.0,0.0,419753.086419753,4115.2263374486,486.0,0.0,486,486,0,0.0,0.0,0,0,0,0.0,0.0,0,0,0,0,0,0,20,20,2057.6131687243,2057.6131687243,61,143,88.3333333333,47.3427220735,2241.3333333333,0,0,0,0,0,0,0,0,1,132.5,61.0,143.0,20,0,0,0,0,0,0,1,61,1,143,-1,-1,0,20,0.0,0.0,0,0,0.0,0.0,0,0,benign,benign,0
53,257630,1,1,55,115,55,55,55.0,0.0,115,115,115.0,0.0,659.8610410278,7.7630710709,257630.0,0.0,257630,257630,0,0.0,0.0,0,0,0,0.0,0.0,0,0,0,0,0,0,20,20,3.8815355355,3.8815355355,55,115,75.0,34.6410161514,1200.0,0,0,0,0,0,0,0,0,1,112.5,55.0,115.0,20,0,0,0,0,0,0,1,55,1,115,-1,-1,0,20,0.0,0.0,0,0,0.0,0.0,0,0,benign,benign,0
80,115679130,16,14,518,752,434,0,32.375,107.1104570058,746,0,53.7142857143,199.2599494944,10.9786441167,0.25933805,3988935.51724138,4871751.01156192,10010054,58,115679130,7711942.0,4156926.23721854,10048396,121,110512204,8500938.76923077,3759525.8811101,10047677,22364,0,0,0,0,332,424,0.1383136267,0.1210244233,0,746,40.9677419355,152.0288314478,23112.7655913978,0,0,0,1,0,0,0,0,0,42.3333333333,32.375,53.7142857143,332,0,0,0,0,0,0,16,518,14,752,8192,343,15,20,48153.9090909091,32849.3058905498,147101,37110,9998397.72727273,16516.6730735392,10010054,9949785,benign,benign,0
311,70,1,1,2,6,2,2,2.0,0.0,6,6,6.0,0.0,114285.7143,28571.42857,70.0,0.0,70,70,0,0.0,0.0,0,0,0,0.0,0.0,0,0,0,0,0,0,24,20,14285.71429,14285.71429,2,6,3.333333333,2.309401077,5.333333333,0,0,0,1,0,0,0,0,1,5.0,2.0,6.0,24,0,0,0,0,0,0,1,2,1,6,1024,0,0,24,0.0,0.0,0,0,0.0,0.0,0,0,portscan,portscan,1
9878,80,1,1,2,6,2,2,2.0,0.0,6,6,6.0,0.0,100000.0,25000.0,80.0,0.0,80,80,0,0.0,0.0,0,0,0,0.0,0.0,0,0,0,0,0,0,24,20,12500.0,12500.0,2,6,3.333333333,2.309401077,5.333333333,0,0,0,1,0,0,0,0,1,5.0,2.0,6.0,24,0,0,0,0,0,0,1,2,1,6,1024,0,0,24,0.0,0.0,0,0,0.0,0.0,0,0,portscan,portscan,1
49156,53,1,1,2,6,2,2,2.0,0.0,6,6,6.0,0.0,150943.3962,37735.84906,53.0,0.0,53,53,0,0.0,0.0,0,0,0,0.0,0.0,0,0,0,0,0,0,24,20,18867.92453,18867.92453,2,6,3.333333333,2.309401077,5.333333333,0,0,0,1,0,0,0,0,1,5.0,2.0,6.0,24,0,0,0,0,0,0,1,2,1,6,1024,0,0,24,0.0,0.0,0,0,0.0,0.0,0,0,portscan,portscan,1
53,30581,1,1,55,83,55,55,55.0,0.0,83,83,83.0,0.0,4512.6058663876,65.4000850201,30581.0,0.0,30581,30581,0,0.0,0.0,0,0,0,0.0,0.0,0,0,0,0,0,0,32,20,32.7000425101,32.7000425101,55,83,64.3333333333,16.1658075373,261.3333333333,0,0,0,0,0,0,0,0,1,96.5,55.0,83.0,32,0,0,0,0,0,0,1,55,1,83,-1,-1,0,32,0.0,0.0,0,0,0.0,0.0,0,0,benign,benign,0
5989,13,1,1,2,6,2,2,2.0,0.0,6,6,6.0,0.0,615384.6154,153846.1538,13.0,0.0,13,13,0,0.0,0.0,0,0,0,0.0,0.0,0,0,0,0,0,0,24,20,76923.07692,76923.07692,2,6,3.333333333,2.309401077,5.333333333,0,0,0,1,0,0,0,0,1,5.0,2.0,6.0,24,0,0,0,0,0,0,1,2,1,6,1024,0,0,24,0.0,0.0,0,0,0.0,0.0,0,0,portscan,portscan,1
443,92963394,14,14,11341,6486,3802,0,810.0714285714,1506.8636028461,1477,0,463.2857142857,624.4988672246,191.7636526911,0.3011938226,3443088.66666667,11978624.8982101,45001652,4,92928386,7148337.38461538,16807037.1250834,45037605,138,92926500,7148192.30769231,16828248.791052,45041632,4,0,0,0,0,292,316,0.1505969113,0.1505969113,0,3802,614.724137931,1131.0785275426,1279338.63546798,0,0,0,1,0,0,0,0,1,636.6785714286,810.0714285714,463.2857142857,292,0,0,0,0,0,0,14,11341,14,6486,8192,37960,13,20,1487979.5,2053475.56922514,2940006,35953,44976213.5,35975.471706428,45001652,44950775,benign,benign,0
9998,69,1,1,2,6,2,2,2.0,0.0,6,6,6.0,0.0,115942.029,28985.50725,69.0,0.0,69,69,0,0.0,0.0,0,0,0,0.0,0.0,0,0,0,0,0,0,24,20,14492.75362,14492.75362,2,6,3.333333333,2.309401077,5.333333333,0,0,0,1,0,0,0,0,1,5.0,2.0,6.0,24,0,0,0,0,0,0,1,2,1,6,1024,0,0,24,0.0,0.0,0,0,0.0,0.0,0,0,portscan,portscan,1
16000,18,1,1,2,6,2,2,2.0,0.0,6,6,6.0,0.0,444444.4444,111111.1111,18.0,0.0,18,18,0,0.0,0.0,0,0,0,0.0,0.0,0,0,0,0,0,0,24,20,55555.55556,55555.55556,2,6,3.333333333,2.309401077,5.333333333,0,0,0,1,0,0,0,0,1,5.0,2.0,6.0,24,0,0,0,0,0,0,1,2,1,6,1024,0,0,24,0.0,0.0,0,0,0.0,0.0,0,0,portscan,portscan,1
80,27604141,10,11,1287,5324,417,0,128.7,198.9545174154,1767,0,484.0,767.477817269,239.493052872,0.7607554243,1380207.05,3086029.31805594,10026075,98,25548694,2838743.77777778,4230717.83311862,10042540,36893,27567346,2756734.6,4016818.30391895,10063041,198,0,0,0,0,212,256,0.3622644878,0.3984909366,0,1767,300.5,577.4457509049,333443.595238095,0,0,0,1,0,0,0,0,1,314.8095238095,128.7,484.0,212,0,0,0,0,0,0,10,1287,11,5324,8192,1013,9,20,2758467.0,3848940.60191736,5480079,36855,10015880.0,14417.9072683937,10026075,10005685,benign,benign,0
49670,3,2,0,37,0,37,0,18.5,26.1629509039,0,0,0.0,0.0,12333333.3333333,666666.666666667,3.0,0.0,3,3,3,3.0,0.0,3,3,0,0.0,0.0,0,0,1,0,0,0,64,0,666666.666666667,0.0,0,37,24.6666666667,21.36195996,456.3333333333,0,1,0,0,1,0,0,0,0,37.0,18.5,0.0,64,0,0,0,0,0,0,2,37,0,0,972,-1,0,32,0.0,0.0,0,0,0.0,0.0,0,0,benign,benign,0
80,9058806,5,0,30,0,6,6,6.0,0.0,0,0,0.0,0.0,3.31169472,0.55194912,2264701.5,4528061.691,9056794,1,9058806,2264701.5,4528061.691,9056794,1,0,0.0,0.0,0,0,0,0,0,0,100,0,0.55194912,0.0,6,6,6.0,0.0,0.0,0,0,0,0,1,0,0,0,0,7.2,6.0,0.0,100,0,0,0,0,0,0,5,30,0,0,256,-1,4,20,2012.0,0.0,2012,2012,9056794.0,0.0,9056794,9056794,ddos,ddos,1
53,62949,1,1,48,128,48,48,48.0,0.0,128,128,128.0,0.0,2795.9141527268,31.7717517355,62949.0,0.0,62949,62949,0,0.0,0.0,0,0,0,0.0,0.0,0,0,0,0,0,0,20,20,15.8858758678,15.8858758678,48,128,74.6666666667,46.1880215352,2133.3333333333,0,0,0,0,0,0,0,0,1,112.0,48.0,128.0,20,0,0,0,0,0,0,1,48,1,128,-1,-1,0,20,0.0,0.0,0,0,0.0,0.0,0,0,benign,benign,0
9009,68,1,1,2,6,2,2,2.0,0.0,6,6,6.0,0.0,117647.0588,29411.76471,68.0,0.0,68,68,0,0.0,0.0,0,0,0,0.0,0.0,0,0,0,0,0,0,24,20,14705.88235,14705.88235,2,6,3.333333333,2.309401077,5.333333333,0,0,0,1,0,0,0,0,1,5.0,2.0,6.0,24,0,0,0,0,0,0,1,2,1,6,1024,0,0,24,0.0,0.0,0,0,0.0,0.0,0,0,portscan,portscan,1
80,561446,3,6,26,11607,20,0,8.666666667,10.26320288,4380,0,1934.5,2177.344966,20719.71303,16.03003673,70180.75,198011.9747,560235,17,884,442.0,530.3300859,817,67,561397,112279.4,250415.054,560235,17,0,0,0,0,72,132,5.343345576,10.68669115,0,4380,1163.3,1903.962654,3625073.789,0,0,0,1,0,0,0,0,2,1292.555556,8.666666667,1934.5,72,0,0,0,0,0,0,3,26,6,11607,8192,229,2,20,0.0,0.0,0,0,0.0,0.0,0,0,ddos,ddos,1
80,130207,3,5,26,11607,20,0,8.666666667,10.26320288,10135,0,2321.4,4413.201989,89342.35487,61.44062915,18601.0,48707.44199,129058,48,761,380.5,454.6696603,702,59,130158,32539.5,64346.29387,129058,99,0,0,0,0,72,112,23.04023593,38.40039322,0,10135,1292.555556,3350.634907,11200000.0,0,0,0,1,0,0,0,0,1,1454.125,8.666666667,2321.4,72,0,0,0,0,0,0,3,26,5,11607,8192,229,2,20,0.0,0.0,0,0,0.0,0.0,0,0,ddos,ddos,1
2009,73,1,1,2,6,2,2,2.0,0.0,6,6,6.0,0.0,109589.0411,27397.26027,73.0,0.0,73,73,0,0.0,0.0,0,0,0,0.0,0.0,0,0,0,0,0,0,24,20,13698.63014,13698.63014,2,6,3.333333333,2.309401077,5.333333333,0,0,0,1,0,0,0,0,1,5.0,2.0,6.0,24,0,0,0,0,0,0,1,2,1,6,1024,0,0,24,0.0,0.0,0,0,0.0,0.0,0,0,portscan,portscan,1
80,263175,3,6,26,11601,20,0,8.666666667,10.26320288,5840,0,1933.5,2189.772933,44179.72832,34.19777714,32896.875,77539.09513,221690,46,41085,20542.5,27666.96703,40106,979,263023,52604.6,96170.06357,221690,46,0,0,0,0,72,132,11.39925905,22.7985181,0,5840,1162.7,1911.59573,3654198.233,0,0,0,1,0,0,0,0,2,1291.888889,8.666666667,1933.5,72,0,0,0,0,0,0,3,26,6,11601,8192,229,2,20,0.0,0.0,0,0,0.0,0.0,0,0,ddos,ddos,1
80,3360012,2,2,6,6,6,0,3.0,4.2426406871,6,0,3.0,4.2426406871,3.5714158164,1.1904719388,1120004.0,1915074.8876775,3331280,25,28732,28732.0,0.0,28732,28732,3331305,3331305.0,0.0,3331305,3331305,0,0,0,0,52,52,0.5952359694,0.5952359694,0,6,2.4,3.286335345,10.8,0,0,0,1,0,0,0,0,1,3.0,3.0,3.0,52,0,0,0,0,0,0,2,6,2,6,8192,8,1,20,0.0,0.0,0,0,0.0,0.0,0,0,benign,benign,0
80,40954,3,6,26,11601,20,0,8.666666667,10.26320288,5840,0,1933.5,2189.772933,283903.8922,219.7587537,5119.25,13660.03798,38916,47,40010,20005.0,26834.70235,38980,1030,40890,8178.0,17799.34693,40017,47,0,0,0,0,72,132,73.25291791,146.5058358,0,5840,1162.7,1911.59573,3654198.233,0,0,0,1,0,0,0,0,2,1291.888889,8.666666667,1933.5,72,0,0,0,0,0,0,3,26,6,11601,8192,229,2,20,0.0,0.0,0,0,0.0,0.0,0,0,ddos,ddos,1
443,62881189,21,22,3108,13949,533,0,148.0,227.3682035818,1460,0,634.0454545455,573.1956764926,271.2575934275,0.6838293086,1497171.16666667,7273099.26461364,44986054,1,62881189,3144059.45,10431394.464175,44986054,118,62400981,2971475.28571429,10207592.6570397,45056684,1,0,0,0,0,432,464,0.3339631507,0.3498661579,0,1460,387.6590909091,497.096871528,247105.299682875,0,0,0,1,0,0,0,0,1,396.6744186047,148.0,634.0454545455,432,0,0,0,0,0,0,21,3108,22,13949,8192,131,20,20,1019910.5,1369652.4001295,1988401,51420,30205751.0,20902504.9585837,44986054,15425448,benign,benign,0
53,143744,1,1,48,208,48,48,48.0,0.0,208,208,208.0,0.0,1780.9439002672,13.9136242208,143744.0,0.0,143744,143744,0,0.0,0.0,0,0,0,0.0,0.0,0,0,0,0,0,0,32,20,6.9568121104,6.9568121104,48,208,101.3333333333,92.3760430703,8533.3333333333,0,0,0,0,0,0,0,0,1,152.0,48.0,208.0,32,0,0,0,0,0,0,1,48,1,208,-1,-1,0,32,0.0,0.0,0,0,0.0,0.0,0,0,benign,benign,0
6006,58,1,1,2,6,2,2,2.0,0.0,6,6,6.0,0.0,137931.0345,34482.75862,58.0,0.0,58,58,0,0.0,0.0,0,0,0,0.0,0.0,0,0,0,0,0,0,24,20,17241.37931,17241.37931,2,6,3.333333333,2.309401077,5.333333333,0,0,0,1,0,0,0,0,1,5.0,2.0,6.0,24,0,0,0,0,0,0,1,2,1,6,1024,0,0,24,0.0,0.0,0,0,0.0,0.0,0,0,portscan,portscan,1
16001,65,1,1,2,6,2,2,2.0,0.0,6,6,6.0,0.0,123076.9231,30769.23077,65.0,0.0,65,65,0,0.0,0.0,0,0,0,0.0,0.0,0,0,0,0,0,0,24,20,15384.61538,15384.61538,2,6,3.333333333,2.309401077,5.333333333,0,0,0,1,0,0,0,0,1,5.0,2.0,6.0,24,0,0,0,0,0,0,1,2,1,6,1024,0,0,24,0.0,0.0,0,0,0.0,0.0,0,0,portscan,portscan,1
123,66042907,2,2,96,96,48,48,48.0,0.0,48,48,48.0,0.0,2.9072009202,0.0605666858,22014302.3333333,38055476.0361342,65956981,42775,65999756,65999756.0,0.0,65999756,65999756,66000132,66000132.0,0.0,66000132,66000132,0,0,0,0,40,52,0.0302833429,0.0302833429,48,48,48.0,0.0,0.0,0,0,0,0,0,0,0,0,1,60.0,48.0,48.0,40,0,0,0,0,0,0,2,96,2,96,-1,-1,1,20,42775.0,0.0,42775,42775,65956981.0,0.0,65956981,65956981,benign,benign,0
616,53,1,1,2,6,2,2,2.0,0.0,6,6,6.0,0.0,150943.3962,37735.84906,53.0,0.0,53,53,0,0.0,0.0,0,0,0,0.0,0.0,0,0,0,0,0,0,24,20,18867.92453,18867.92453,2,6,3.333333333,2.309401077,5.333333333,0,0,0,1,0,0,0,0,1,5.0,2.0,6.0,24,0,0,0,0,0,0,1,2,1,6,1024,0,0,24,0.0,0.0,0,0,0.0,0.0,0,0,portscan,portscan,1
25734,44,1,1,2,6,2,2,2.0,0.0,6,6,6.0,0.0,181818.1818,45454.54545,44.0,0.0,44,44,0,0.0,0.0,0,0,0,0.0,0.0,0,0,0,0,0,0,24,20,22727.27273,22727.27273,2,6,3.333333333,2.309401077,5.333333333,0,0,0,1,0,0,0,0,1,5.0,2.0,6.0,24,0,0,0,0,0,0,1,2,1,6,1024,0,0,24,0.0,0.0,0,0,0.0,0.0,0,0,portscan,portscan,1
80,566959,3,6,26,11607,20,0,8.666666667,10.26320288,5840,0,1934.5,2538.919278,20518.23853,15.87416374,70869.875,200029.3551,565917,3,888,444.0,287.0853532,647,241,566942,113388.4,252971.4723,565917,3,0,0,0,0,72,132,5.291387913,10.58277583,0,5840,1163.3,2138.329153,4572451.567,0,0,0,1,0,0,0,0,2,1292.555556,8.666666667,1934.5,72,0,0,0,0,0,0,3,26,6,11607,8192,229,2,20,0.0,0.0,0,0,0.0,0.0,0,0,ddos,ddos,1
80,429936,3,6,26,11601,20,0,8.666666667,10.26320288,5840,0,1933.5,2189.772933,27043.55997,20.93334822,53742.0,145488.5206,413545,5,15997,7998.5,11304.51611,15992,5,429896,85979.2,183245.3155,413545,45,0,0,0,0,72,132,6.97778274,13.95556548,0,5840,1162.7,1911.59573,3654198.233,0,0,0,1,0,0,0,0,2,1291.888889,8.666666667,1933.5,72,0,0,0,0,0,0,3,26,6,11601,8192,229,2,20,0.0,0.0,0,0,0.0,0.0,0,0,ddos,ddos,1
53,126907,1,1,47,154,47,47,47.0,0.0,154,154,154.0,0.0,1583.8369829876,15.75957197,126907.0,0.0,126907,126907,0,0.0,0.0,0,0,0,0.0,0.0,0,0,0,0,0,0,32,20,7.879785985,7.879785985,47,154,82.6666666667,61.7764788033,3816.3333333333,0,0,0,0,0,0,0,0,1,124.0,47.0,154.0,32,0,0,0,0,0,0,1,47,1,154,-1,-1,0,32,0.0,0.0,0,0,0.0,0.0,0,0,benign,benign,0
32773,55,1,1,2,6,2,2,2.0,0.0,6,6,6.0,0.0,145454.5455,36363.63636,55.0,0.0,55,55,0,0.0,0.0,0,0,0,0.0,0.0,0,0,0,0,0,0,24,20,18181.81818,18181.81818,2,6,3.333333333,2.309401077,5.333333333,0,0,0,1,0,0,0,0,1,5.0,2.0,6.0,24,0,0,0,0,0,0,1,2,1,6,1024,0,0,24,0.0,0.0,0,0,0.0,0.0,0,0,portscan,portscan,1
53,558957,1,1,43,101,43,43,43.0,0.0,101,101,101.0,0.0,257.6226793832,3.5780927692,558957.0,0.0,558957,558957,0,0.0,0.0,0,0,0,0.0,0.0,0,0,0,0,0,0,20,32,1.7890463846,1.7890463846,43,101,62.3333333333,33.486315613,1121.3333333333,0,0,0,0,0,0,0,0,1,93.5,43.0,101.0,20,0,0,0,0,0,0,1,43,1,101,-1,-1,0,20,0.0,0.0,0,0,0.0,0.0,0,0,benign,benign,0
65000,17,1,1,2,6,2,2,2.0,0.0,6,6,6.0,0.0,470588.2353,117647.0588,17.0,0.0,17,17,0,0.0,0.0,0,0,0,0.0,0.0,0,0,0,0,0,0,24,20,58823.52941,58823.52941,2,6,3.333333333,2.309401077,5.333333333,0,0,0,1,0,0,0,0,1,5.0,2.0,6.0,24,0,0,0,0,0,0,1,2,1,6,1024,0,0,24,0.0,0.0,0,0,0.0,0.0,0,0,portscan,portscan,1
80,670348,3,4,26,11607,20,0,8.666666667,10.26320288,11595,0,2901.75,5795.50069,17353.67302,10.44233741,111724.6667,273099.2968,669186,38,930,465.0,535.9869401,844,86,670266,223422.0,386043.1031,669186,194,0,0,0,0,72,92,4.475287463,5.96704995,0,11595,1454.125,4097.537534,16800000.0,0,0,0,1,0,0,0,0,1,1661.857143,8.666666667,2901.75,72,0,0,0,0,0,0,3,26,4,11607,8192,229,2,20,0.0,0.0,0,0,0.0,0.0,0,0,ddos,ddos,1
443,3773567,9,10,986,6376,627,0,109.5555555556,206.8732166758,1460,0,637.6,653.0183254192,1950.9392572068,5.0350238912,209642.611111111,826412.468317062,3520306,2,253259,31657.375,30717.9456155402,75577,80,3744864,416096.0,1181333.00375487,3564889,2,0,0,0,0,192,212,2.3850113169,2.6500125743,0,1460,368.1,545.0096957129,297035.568421053,0,0,0,1,0,0,0,0,1,387.4736842105,109.5555555556,637.6,192,0,0,0,0,0,0,9,986,10,6376,8192,10,8,20,0.0,0.0,0,0,0.0,0.0,0,0,benign,benign,0
123,69083291,2,2,96,96,48,48,48.0,0.0,48,48,48.0,0.0,2.7792538141,0.0579011211,23027763.6666667,39738938.1996479,68914337,84307,68998644,68998644.0,0.0,68998644,68998644,68998984,68998984.0,0.0,68998984,68998984,0,0,0,0,40,40,0.0289505606,0.0289505606,48,48,48.0,0.0,0.0,0,0,0,0,0,0,0,0,1,60.0,48.0,48.0,40,0,0,0,0,0,0,2,96,2,96,-1,-1,1,20,84307.0,0.0,84307,84307,68914337.0,0.0,68914337,68914337,benign,benign,0
51489,3,2,0,37,0,31,6,18.5,17.6776695297,0,0,0.0,0.0,12333333.3333333,666666.666666667,3.0,0.0,3,3,3,3.0,0.0,3,3,0,0.0,0.0,0,0,1,0,0,0,40,0,666666.666666667,0.0,6,31,22.6666666667,14.4337567297,208.3333333333,0,1,0,0,1,0,0,0,0,34.0,18.5,0.0,40,0,0,0,0,0,0,2,37,0,0,110,-1,1,20,0.0,0.0,0,0,0.0,0.0,0,0,benign,benign,0
80,1085003,4,0,24,0,6,6,6.0,0.0,0,0,0.0,0.0,22.11975451,3.686625751,361667.6667,625573.9322,1084018,1,1085003,361667.6667,625573.9322,1084018,1,0,0.0,0.0,0,0,0,0,0,0,80,0,3.686625751,0.0,6,6,6.0,0.0,0.0,0,0,0,0,1,0,0,0,0,7.5,6.0,0.0,80,0,0,0,0,0,0,4,24,0,0,256,-1,3,20,0.0,0.0,0,0,0.0,0.0,0,0,ddos,ddos,1
53,36791696,2,2,85,117,47,38,42.5,6.3639610307,63,54,58.5,6.3639610307,5.4903693486,0.1087201851,12263898.6666667,21199376.4149521,36742830,23450,36768246,36768246.0,0.0,36768246,36768246,36766280,36766280.0,0.0,36766280,36766280,0,0,0,0,60,60,0.0543600926,0.0543600926,38,63,49.8,9.3112834776,86.7,0,0,0,0,0,0,0,0,1,62.25,42.5,58.5,60,0,0,0,0,0,0,2,85,2,117,-1,-1,1,20,25416.0,0.0,25416,25416,36742830.0,0.0,36742830,36742830,benign,benign,0
80,781581,3,5,26,11607,20,0,8.666666667,10.26320288,5840,0,2321.4,3173.373883,14883.93397,10.23566335,111654.4286,294970.2715,780584,3,785,392.5,215.6675683,545,240,781565,195391.25,390128.6609,780584,3,0,0,0,0,72,112,3.838373758,6.397289596,0,5840,1292.555556,2554.159212,6523729.278,0,0,0,1,0,0,0,0,1,1454.125,8.666666667,2321.4,72,0,0,0,0,0,0,3,26,5,11607,8192,229,2,20,0.0,0.0,0,0,0.0,0.0,0,0,ddos,ddos,1
80,46195,3,4,26,11607,20,0,8.666666667,10.26320288,11595,0,2901.75,5795.50069,251823.7905,151.531551,7699.166667,17840.75897,44101,46,1733,866.5,881.7621561,1490,243,46149,15383.0,24881.88391,44101,272,0,0,0,0,72,92,64.9420933,86.58945773,0,11595,1454.125,4097.537534,16800000.0,0,0,0,1,0,0,0,0,1,1661.857143,8.666666667,2901.75,72,0,0,0,0,0,0,3,26,4,11607,8192,229,2,20,0.0,0.0,0,0,0.0,0.0,0,0,ddos,ddos,1
53,50584,1,1,57,115,57,57,57.0,0.0,115,115,115.0,0.0,3400.2846749961,39.5381938953,50584.0,0.0,50584,50584,0,0.0,0.0,0,0,0,0.0,0.0,0,0,0,0,0,0,20,20,19.7690969477,19.7690969477,57,115,76.3333333333,33.486315613,1121.3333333333,0,0,0,0,0,0,0,0,1,114.5,57.0,115.0,20,0,0,0,0,0,0,1,57,1,115,-1,-1,0,20,0.0,0.0,0,0,0.0,0.0,0,0,benign,benign,0
406,67,1,1,2,6,2,2,2.0,0.0,6,6,6.0,0.0,119402.9851,29850.74627,67.0,0.0,67,67,0,0.0,0.0,0,0,0,0.0,0.0,0,0,0,0,0,0,24,20,14925.37313,14925.37313,2,6,3.333333333,2.309401077,5.333333333,0,0,0,1,0,0,0,0,1,5.0,2.0,6.0,24,0,0,0,0,0,0,1,2,1,6,1024,0,0,24,0.0,0.0,0,0,0.0,0.0,0,0,portscan,portscan,1
9917,55,1,1,2,6,2,2,2.0,0.0,6,6,6.0,0.0,145454.5455,36363.63636,55.0,0.0,55,55,0,0.0,0.0,0,0,0,0.0,0.0,0,0,0,0,0,0,24,20,18181.81818,18181.81818,2,6,3.333333333,2.309401077,5.333333333,0,0,0,1,0,0,0,0,1,5.0,2.0,6.0,24,0,0,0,0,0,0,1,2,1,6,1024,0,0,24,0.0,0.0,0,0,0.0,0.0,0,0,portscan,portscan,1
3005,87,1,1,2,6,2,2,2.0,0.0,6,6,6.0,0.0,91954.02299,22988.50575,87.0,0.0,87,87,0,0.0,0.0,0,0,0,0.0,0.0,0,0,0,0,0,0,24,20,11494.25287,11494.25287,2,6,3.333333333,2.309401077,5.333333333,0,0,0,1,0,0,0,0,1,5.0,2.0,6.0,24,0,0,0,0,0,0,1,2,1,6,1024,0,0,24,0.0,0.0,0,0,0.0,0.0,0,0,portscan,portscan,1
80,117582081,18,15,980,1964,445,0,54.4444444444,142.0924397634,979,0,130.9333333333,344.317641278,25.0378286807,0.280655009,3674440.03125,4751512.52197951,10010614,60,117582081,6916593.0,4495991.46154818,10032722,103,112154567,8011040.5,4023862.31649814,10032590,14271,0,0,0,0,372,444,0.1530845504,0.1275704586,0,979,86.5882352941,249.7630534881,62381.5828877005,0,0,0,1,0,0,0,0,0,89.2121212121,54.4444444444,130.9333333333,372,0,0,0,0,0,0,18,980,15,1964,8192,123,17,20,197592.545454545,580524.711862702,1947939,21976,9998277.0,16550.8092128451,10010614,9949613,benign,benign,0
80,115838382,16,14,368,116,368,0,23.0,92.0,116,0,8.2857142857,31.0023040618,4.1782351553,0.2589815179,3994426.96551724,4962689.99631523,10203831,31,115838382,7722558.8,4354732.08318977,10240043,2210,112491620,8653201.53846154,3831650.99685063,10242659,740,0,0,0,0,520,456,0.1381234762,0.1208580417,0,368,15.6129032258,68.6351112378,4710.7784946237,0,0,0,1,0,0,0,0,0,16.1333333333,23.0,8.2857142857,520,0,0,0,0,0,0,16,368,14,116,29200,340,1,32,40570.1818181818,12402.0581261191,77809,36191,10185969.8181818,57032.3415788237,10203831,10014044,benign,benign,0
80,2059974,5,0,30,0,6,6,6.0,0.0,0,0,0.0,0.0,14.5632906,2.427215101,514993.5,1029323.772,2058979,1,2059974,514993.5,1029323.772,2058979,1,0,0.0,0.0,0,0,0,0,0,0,100,0,2.427215101,0.0,6,6,6.0,0.0,0.0,0,0,0,0,1,0,0,0,0,7.2,6.0,0.0,100,0,0,0,0,0,0,5,30,0,0,256,-1,4,20,0.0,0.0,0,0,0.0,0.0,0,0,ddos,ddos,1
53,1023808,1,1,56,112,56,56,56.0,0.0,112,112,112.0,0.0,164.0932674877,1.9534912796,1023808.0,0.0,1023808,1023808,0,0.0,0.0,0,0,0,0.0,0.0,0,0,0,0,0,0,20,40,0.9767456398,0.9767456398,56,112,74.6666666667,32.3316150746,1045.3333333333,0,0,0,0,0,0,0,0,1,112.0,56.0,112.0,20,0,0,0,0,0,0,1,56,1,112,-1,-1,0,20,0.0,0.0,0,0,0.0,0.0,0,0,benign,benign,0
443,1216780,2,0,62,0,31,31,31.0,0.0,0,0,0.0,0.0,50.9541576949,1.6436825063,1216780.0,0.0,1216780,1216780,1216780,1216780.0,0.0,1216780,1216780,0,0.0,0.0,0,0,1,0,0,0,40,0,1.6436825063,0.0,31,31,31.0,0.0,0.0,0,1,0,0,1,1,0,0,0,46.5,31.0,0.0,40,0,0,0,0,0,0,2,62,0,0,254,-1,1,20,0.0,0.0,0,0,0.0,0.0,0,0,benign,benign,0
80,775044,4,0,24,0,6,6,6.0,0.0,0,0,0.0,0.0,30.96598387,5.160997311,258348.0,446608.7118,774047,1,775044,258348.0,446608.7118,774047,1,0,0.0,0.0,0,0,0,0,0,0,80,0,5.160997311,0.0,6,6,6.0,0.0,0.0,0,0,0,0,1,0,0,0,0,7.5,6.0,0.0,80,0,0,0,0,0,0,4,24,0,0,256,-1,3,20,0.0,0.0,0,0,0.0,0.0,0,0,ddos,ddos,1
443,5462837,8,4,610,4032,342,0,76.25,125.2913746889,3951,0,1008.0,1962.2950848433,849.7416269239,2.1966608193,496621.545454545,1601935.60760602,5326404,48,5462837,780405.285714286,2004771.62244312,5326404,48,63002,21000.6666666667,16277.5650001262,35291,3282,0,0,0,0,172,88,1.4644405462,0.7322202731,0,3951,357.0769230769,1084.5470991416,1176242.41025641,0,0,0,1,0,0,0,0,0,386.8333333333,76.25,1008.0,172,0,0,0,0,0,0,8,610,4,4032,8192,4913,7,20,136385.0,0.0,136385,136385,5326404.0,0.0,5326404,5326404,benign,benign,0
1035,69,1,1,2,6,2,2,2.0,0.0,6,6,6.0,0.0,115942.029,28985.50725,69.0,0.0,69,69,0,0.0,0.0,0,0,0,0.0,0.0,0,0,0,0,0,0,24,20,14492.75362,14492.75362,2,6,3.333333333,2.309401077,5.333333333,0,0,0,1,0,0,0,0,1,5.0,2.0,6.0,24,0,0,0,0,0,0,1,2,1,6,1024,0,0,24,0.0,0.0,0,0,0.0,0.0,0,0,portscan,portscan,1
443,90068079,3,3,18,0,6,6,6.0,0.0,0,0,0.0,0.0,0.1998488277,0.0666162759,18013615.8,24632006.689598,44999761,22970,90039840,45019920.0,4888.9362851238,45023377,45016463,90044463,45022231.5,706.3996744054,45022731,45021732,0,0,0,0,60,96,0.0333081379,0.0333081379,0,6,3.4285714286,3.2071349029,10.2857142857,0,0,0,0,1,0,0,0,1,4.0,6.0,0.0,60,0,0,0,0,0,0,3,18,3,0,256,1494,2,20,23293.0,456.7909806465,23616,22970,44996627.0,4432.1453044773,44999761,44993493,benign,benign,0
80,1096075,4,0,24,0,6,6,6.0,0.0,0,0,0.0,0.0,21.89631184,3.649385307,365358.3333,631896.0475,1095009,325,1096075,365358.3333,631896.0475,1095009,325,0,0.0,0.0,0,0,0,0,0,0,80,0,3.649385307,0.0,6,6,6.0,0.0,0.0,0,0,0,0,1,0,0,0,0,7.5,6.0,0.0,80,0,0,0,0,0,0,4,24,0,0,256,-1,3,20,0.0,0.0,0,0,0.0,0.0,0,0,ddos,ddos,1
443,83757,6,7,1573,3375,918,0,262.1666666667,377.7758153544,1460,0,482.1428571429,622.7333374116,59075.6593478754,155.210907745,6979.75,11272.3738415086,27345,2,56406,11281.2,12966.8324852294,26790,448,60025,10004.1666666667,15171.9479094369,32756,2,0,0,0,0,132,152,71.6358035746,83.5751041704,0,1460,353.4285714286,506.2083356889,256246.879120879,0,0,0,1,0,0,0,0,1,380.6153846154,262.1666666667,482.1428571429,132,0,0,0,0,0,0,6,1573,7,3375,8192,63,5,20,0.0,0.0,0,0,0.0,0.0,0,0,benign,benign,0
80,7556417,5,0,30,0,6,6,6.0,0.0,0,0,0.0,0.0,3.970135581,0.661689264,1889104.25,3776189.864,7553389,329,7556417,1889104.25,3776189.864,7553389,329,0,0.0,0.0,0,0,0,0,0,0,100,0,0.661689264,0.0,6,6,6.0,0.0,0.0,0,0,0,0,1,0,0,0,0,7.2,6.0,0.0,100,0,0,0,0,0,0,5,30,0,0,256,-1,4,20,3028.0,0.0,3028,3028,7553389.0,0.0,7553389,7553389,ddos,ddos,1
80,9216721,4,0,24,0,6,6,6.0,0.0,0,0,0.0,0.0,2.60396295,0.433993825,3072240.333,5320448.451,9215765,1,9216721,3072240.333,5320448.451,9215765,1,0,0.0,0.0,0,0,0,0,0,0,80,0,0.433993825,0.0,6,6,6.0,0.0,0.0,0,0,0,0,1,0,0,0,0,7.5,6.0,0.0,80,0,0,0,0,0,0,4,24,0,0,256,-1,3,20,956.0,0.0,956,956,9215765.0,0.0,9215765,9215765,ddos,ddos,1
443,43183240,18,22,2222,29926,1000,0,123.4444444444,291.1856537801,4380,0,1360.2727272727,1180.2003938726,744.4554878235,0.9262852903,1107262.56410256,5151118.19932131,29999039,4,13183926,775525.058823529,3020653.83926459,12492329,4,43140324,2054301.14285714,6961546.71558535,29999039,49,0,0,0,0,372,452,0.4168283806,0.5094569097,0,4380,784.0975609756,1077.803247464,1161659.8402439,0,0,0,1,0,0,0,0,1,803.7,123.4444444444,1360.2727272727,372,0,0,0,0,0,0,18,2222,22,29926,8192,67,17,20,345899.5,35375.8451559818,370914,320885,21245605.0,12379225.0801378,29999039,12492171,benign,benign,0
40193,26,1,1,2,6,2,2,2.0,0.0,6,6,6.0,0.0,307692.3077,76923.07692,26.0,0.0,26,26,0,0.0,0.0,0,0,0,0.0,0.0,0,0,0,0,0,0,24,20,38461.53846,38461.53846,2,6,3.333333333,2.309401077,5.333333333,0,0,0,1,0,0,0,0,1,5.0,2.0,6.0,24,0,0,0,0,0,0,1,2,1,6,1024,0,0,24,0.0,0.0,0,0,0.0,0.0,0,0,portscan,portscan,1
53,60308,1,1,64,117,64,64,64.0,0.0,117,117,117.0,0.0,3001.2601976521,33.1630961067,60308.0,0.0,60308,60308,0,0.0,0.0,0,0,0,0.0,0.0,0,0,0,0,0,0,20,20,16.5815480533,16.5815480533,64,117,81.6666666667,30.5995642671,936.3333333333,0,0,0,0,0,0,0,0,1,122.5,64.0,117.0,20,0,0,0,0,0,0,1,64,1,117,-1,-1,0,20,0.0,0.0,0,0,0.0,0.0,0,0,benign,benign,0
5054,42,1,1,2,6,2,2,2.0,0.0,6,6,6.0,0.0,190476.1905,47619.04762,42.0,0.0,42,42,0,0.0,0.0,0,0,0,0.0,0.0,0,0,0,0,0,0,24,20,23809.52381,23809.52381,2,6,3.333333333,2.309401077,5.333333333,0,0,0,1,0,0,0,0,1,5.0,2.0,6.0,24,0,0,0,0,0,0,1,2,1,6,1024,0,0,24,0.0,0.0,0,0,0.0,0.0,0,0,portscan,portscan,1
53,63845,1,1,40,94,40,40,40.0,0.0,94,94,94.0,0.0,2098.8331114418,31.325867335,63845.0,0.0,63845,63845,0,0.0,0.0,0,0,0,0.0,0.0,0,0,0,0,0,0,20,20,15.6629336675,15.6629336675,40,94,58.0,31.1769145362,972.0,0,0,0,0,0,0,0,0,1,87.0,40.0,94.0,20,0,0,0,0,0,0,1,40,1,94,-1,-1,0,20,0.0,0.0,0,0,0.0,0.0,0,0,benign,benign,0
80,2044005,4,0,24,0,6,6,6.0,0.0,0,0,0.0,0.0,11.74165425,1.956942375,681335.0,1178383.0,2042014,1,2044005,681335.0,1178383.0,2042014,1,0,0.0,0.0,0,0,0,0,0,0,80,0,1.956942375,0.0,6,6,6.0,0.0,0.0,0,0,0,0,1,0,0,0,0,7.5,6.0,0.0,80,0,0,0,0,0,0,4,24,0,0,256,-1,3,20,0.0,0.0,0,0,0.0,0.0,0,0,ddos,ddos,1
80,1013013,5,0,30,0,6,6,6.0,0.0,0,0,0.0,0.0,29.61462489,4.935770814,253253.25,502507.1481,1007002,1,1013013,253253.25,502507.1481,1007002,1,0,0.0,0.0,0,0,0,0,0,0,100,0,4.935770814,0.0,6,6,6.0,0.0,0.0,0,0,0,0,1,0,0,0,0,7.2,6.0,0.0,100,0,0,0,0,0,0,5,30,0,0,256,-1,4,20,0.0,0.0,0,0,0.0,0.0,0,0,ddos,ddos,1
80,1264952,3,6,26,11601,20,0,8.666666667,10.26320288,5840,0,1933.5,2189.772933,9191.653122,7.114894478,158119.0,436147.7125,1237301,45,27023,13511.5,17689.69034,26020,1003,1264851,252970.2,550383.431,1237301,45,0,0,0,0,72,132,2.371631493,4.743262985,0,5840,1162.7,1911.59573,3654198.233,0,0,0,1,0,0,0,0,2,1291.888889,8.666666667,1933.5,72,0,0,0,0,0,0,3,26,6,11601,8192,229,2,20,0.0,0.0,0,0,0.0,0.0,0,0,ddos,ddos,1
80,467,2,0,12,0,6,6,6.0,0.0,0,0,0.0,0.0,25695.9314775161,4282.6552462527,467.0,0.0,467,467,467,467.0,0.0,467,467,0,0.0,0.0,0,0,0,0,0,0,40,0,4282.6552462527,0.0,6,6,6.0,0.0,0.0,0,0,0,0,1,0,0,0,0,9.0,6.0,0.0,40,0,0,0,0,0,0,2,12,0,0,256,-1,1,20,0.0,0.0,0,0,0.0,0.0,0,0,benign,benign,0
14238,53,1,1,2,6,2,2,2.0,0.0,6,6,6.0,0.0,150943.3962,37735.84906,53.0,0.0,53,53,0,0.0,0.0,0,0,0,0.0,0.0,0,0,0,0,0,0,24,20,18867.92453,18867.92453,2,6,3.333333333,2.309401077,5.333333333,0,0,0,1,0,0,0,0,1,5.0,2.0,6.0,24,0,0,0,0,0,0,1,2,1,6,1024,0,0,24,0.0,0.0,0,0,0.0,0.0,0,0,portscan,portscan,1
80,672914,2,6,20,11607,20,0,10.0,14.14213562,4380,0,1934.5,2177.344966,17278.5824,11.888592,96130.57143,253756.5458,671596,17,950,950.0,0.0,950,950,672774,134554.8,300215.3832,671596,17,0,0,0,0,52,132,2.972148001,8.916444003,0,4380,1291.888889,1972.862923,3892188.111,0,0,0,1,0,0,0,0,3,1453.375,10.0,1934.5,52,0,0,0,0,0,0,2,20,6,11607,8192,229,1,20,0.0,0.0,0,0,0.0,0.0,0,0,ddos,ddos,1
443,115728699,20,19,819,5619,366,0,40.95,91.8324991206,1460,0,295.7368421053,541.8984982966,55.630107792,0.3369950612,3045492.07894737,4558886.50012447,10011517,2,115728699,6090984.15789474,4837750.41504389,10033682,2,110814467,6156359.27777778,4995059.59017451,10068991,48,0,0,0,0,412,524,0.1728179801,0.1641770811,0,1460,160.95,395.6523305462,156540.766666667,0,0,0,1,0,0,0,0,0,165.0769230769,40.95,295.7368421053,412,0,0,0,0,0,0,20,819,19,5619,8192,123,19,20,86386.3636363636,211927.728440274,725369,21955,9987590.09090909,46285.6469900865,10011517,9848889,benign,benign,0
443,110282415,22,22,6851,7588,617,6,311.4090909091,312.5964474543,684,6,344.9090909091,346.8847632299,130.9274919306,0.3989756662,2564707.32558139,4541001.48228849,10750037,1755,110282415,5251543.57142857,5338648.54129295,10750037,275699,109999367,5238065.0952381,5626329.11647432,11033969,1755,1,0,0,0,440,440,0.1994878331,0.1994878331,6,684,334.5777777778,325.8860989594,106201.74949495,0,1,0,0,1,0,0,0,1,342.1818181818,311.4090909091,344.9090909091,440,0,0,0,0,0,0,22,6851,22,7588,62872,65535,21,20,283933.6,4670.9109080683,289810,275699,10715803.9,21378.0805055086,10750037,10671162,benign,benign,0
443,90071386,3,3,18,0,6,6,6.0,0.0,0,0,0.0,0.0,0.1998414902,0.0666138301,18014277.2,24635260.1411877,45003477,22971,90048415,45024207.5,3182.6876221207,45026458,45021957,90047657,45023828.5,3704.5324266363,45026448,45021209,0,0,0,0,60,96,0.033306915,0.033306915,0,6,3.4285714286,3.2071349029,10.2857142857,0,0,0,0,1,0,0,0,1,4.0,6.0,0.0,60,0,0,0,0,0,0,3,18,3,0,521,1494,2,20,23355.0,528.9158723275,23729,22981,45000852.5,3711.6034944482,45003477,44998228,benign,benign,0
80,1248072,2,6,20,11601,20,0,10.0,14.14213562,4380,0,1933.5,1757.789948,9311.161536,6.409886609,178296.0,467962.0136,1239513,16,8041,8041.0,0.0,8041,8041,1248052,249610.4,553383.7615,1239513,16,0,0,0,0,52,132,1.602471652,4.807414957,0,4380,1291.222222,1690.960066,2859345.944,0,0,0,1,0,0,0,0,3,1452.625,10.0,1933.5,52,0,0,0,0,0,0,2,20,6,11601,8192,229,1,20,0.0,0.0,0,0,0.0,0.0,0,0,ddos,ddos,1
51618,4,2,0,37,0,31,6,18.5,17.6776695297,0,0,0.0,0.0,9250000.0,500000.0,4.0,0.0,4,4,4,4.0,0.0,4,4,0,0.0,0.0,0,0,1,0,0,0,40,0,500000.0,0.0,6,31,22.6666666667,14.4337567297,208.3333333333,0,1,0,0,1,0,0,0,0,34.0,18.5,0.0,40,0,0,0,0,0,0,2,37,0,0,110,-1,1,20,0.0,0.0,0,0,0.0,0.0,0,0,benign,benign,0
6669,34,1,1,2,6,2,2,2.0,0.0,6,6,6.0,0.0,235294.1176,58823.52941,34.0,0.0,34,34,0,0.0,0.0,0,0,0,0.0,0.0,0,0,0,0,0,0,24,20,29411.76471,29411.76471,2,6,3.333333333,2.309401077,5.333333333,0,0,0,1,0,0,0,0,1,5.0,2.0,6.0,24,0,0,0,0,0,0,1,2,1,6,1024,0,0,24,0.0,0.0,0,0,0.0,0.0,0,0,portscan,portscan,1
1296,74,1,1,2,6,2,2,2.0,0.0,6,6,6.0,0.0,108108.1081,27027.02703,74.0,0.0,74,74,0,0.0,0.0,0,0,0,0.0,0.0,0,0,0,0,0,0,24,20,13513.51351,13513.51351,2,6,3.333333333,2.309401077,5.333333333,0,0,0,1,0,0,0,0,1,5.0,2.0,6.0,24,0,0,0,0,0,0,1,2,1,6,1024,0,0,24,0.0,0.0,0,0,0.0,0.0,0,0,portscan,portscan,1
80,35046,2,4,20,11601,20,0,10.0,14.14213562,8760,0,2900.25,4128.319301,331592.7638,171.203561,7009.2,13812.9527,31619,17,3006,3006.0,0.0,3006,3006,35029,11676.33333,17322.37542,31619,370,0,0,0,0,52,92,57.06785368,114.1357074,0,8760,1660.142857,3303.602601,10900000.0,0,0,0,1,0,0,0,0,2,1936.833333,10.0,2900.25,52,0,0,0,0,0,0,2,20,4,11601,8192,229,1,20,0.0,0.0,0,0,0.0,0.0,0,0,ddos,ddos,1
80,9057786,5,0,30,0,6,6,6.0,0.0,0,0,0.0,0.0,3.312067651,0.552011275,2264446.5,4527489.694,9055681,1,9057786,2264446.5,4527489.694,9055681,1,0,0.0,0.0,0,0,0,0,0,0,100,0,0.552011275,0.0,6,6,6.0,0.0,0.0,0,0,0,0,1,0,0,0,0,7.2,6.0,0.0,100,0,0,0,0,0,0,5,30,0,0,256,-1,4,20,2105.0,0.0,2105,2105,9055681.0,0.0,9055681,9055681,ddos,ddos,1
2718,53,1,1,2,6,2,2,2.0,0.0,6,6,6.0,0.0,150943.3962,37735.84906,53.0,0.0,53,53,0,0.0,0.0,0,0,0,0.0,0.0,0,0,0,0,0,0,24,20,18867.92453,18867.92453,2,6,3.333333333,2.309401077,5.333333333,0,0,0,1,0,0,0,0,1,5.0,2.0,6.0,24,0,0,0,0,0,0,1,2,1,6,1024,0,0,24,0.0,0.0,0,0,0.0,0.0,0,0,portscan,portscan,1
443,60916088,17,15,865,5376,472,0,50.8823529412,120.1134267853,1460,2,358.4,571.3333777852,102.4524096163,0.5253127876,1965035.09677419,3983994.96300027,10001198,18,60916088,3807255.5,4960832.51430716,10054502,1192,60864818,4347487.0,5120604.12350164,10051646,19,0,0,0,0,352,304,0.2790724184,0.2462403692,0,1460,189.1212121212,418.0014770889,174725.234848485,0,0,0,1,0,0,0,0,0,195.03125,50.8823529412,358.4,352,0,0,0,0,0,0,17,865,15,5376,8192,31088,16,20,185537.333333333,328124.970650919,855314,50441,9964083.16666667,85850.6165089493,10001198,9788898,benign,benign,0
443,173,2,0,12,0,6,6,6.0,0.0,0,0,0.0,0.0,69364.161849711,11560.6936416185,173.0,0.0,173,173,173,173.0,0.0,173,173,0,0.0,0.0,0,0,0,0,0,0,40,0,11560.6936416185,0.0,6,6,6.0,0.0,0.0,0,0,0,0,1,0,0,0,0,9.0,6.0,0.0,40,0,0,0,0,0,0,2,12,0,0,256,-1,1,20,0.0,0.0,0,0,0.0,0.0,0,0,benign,benign,0
443,10113669,8,10,1137,5849,517,0,142.125,221.2344829103,2920,0,584.9,941.1064941511,690.7483327762,1.7797695376,594921.705882353,2409401.52562698,9944605,4,169060,24151.4285714286,28485.9931770987,79818,116,10094045,1121560.55555556,3328600.7193237,9997732,4,0,0,0,0,172,212,0.7910086834,0.9887608542,0,2920,367.6842105263,719.8680475253,518210.005847953,0,0,0,1,0,0,0,0,1,388.1111111111,142.125,584.9,172,0,0,0,0,0,0,8,1137,10,5849,8192,31,7,20,169060.0,0.0,169060,169060,9944605.0,0.0,9944605,9944605,benign,benign,0
443,8941274,10,6,704,5469,517,0,70.4,161.5014275823,2920,0,911.5,1133.1576677586,690.3937850467,1.789454165,596084.933333333,1391145.11521806,4797177,3,8941274,993474.888888889,1716915.44438161,4797177,3,722360,144472.0,196863.095561357,362131,193,0,0,0,0,224,132,1.1184088531,0.6710453119,0,2920,363.1176470588,768.4402125697,590500.360294118,0,0,0,1,0,0,0,0,0,385.8125,70.4,911.5,224,0,0,0,0,0,0,10,704,6,5469,8192,123,8,20,0.0,0.0,0,0,0.0,0.0,0,0,benign,benign,0
1048,79,1,1,2,6,2,2,2.0,0.0,6,6,6.0,0.0,101265.8228,25316.4557,79.0,0.0,79,79,0,0.0,0.0,0,0,0,0.0,0.0,0,0,0,0,0,0,24,20,12658.22785,12658.22785,2,6,3.333333333,2.309401077,5.333333333,0,0,0,1,0,0,0,0,1,5.0,2.0,6.0,24,0,0,0,0,0,0,1,2,1,6,1024,0,0,24,0.0,0.0,0,0,0.0,0.0,0,0,portscan,portscan,1
60020,49,1,1,2,6,2,2,2.0,0.0,6,6,6.0,0.0,163265.3061,40816.32653,49.0,0.0,49,49,0,0.0,0.0,0,0,0,0.0,0.0,0,0,0,0,0,0,24,20,20408.16327,20408.16327,2,6,3.333333333,2.309401077,5.333333333,0,0,0,1,0,0,0,0,1,5.0,2.0,6.0,24,0,0,0,0,0,0,1,2,1,6,1024,0,0,24,0.0,0.0,0,0,0.0,0.0,0,0,portscan,portscan,1
443,17963,1,3,6,317,6,6,6.0,0.0,242,6,105.6666666667,122.1979268782,17981.4062239047,222.6799532372,5987.6666666667,10316.4254629854,17900,2,0,0.0,0.0,0,0,17902,8951.0,12655.7971696768,17900,2,0,0,0,0,20,60,55.6699883093,167.0099649279,6,242,65.8,102.2066534038,10446.2,1,0,0,0,1,0,0,0,3,82.25,6.0,105.6666666667,20,0,0,0,0,0,0,1,6,3,317,0,119,0,20,0.0,0.0,0,0,0.0,0.0,0,0,benign,benign,0
80,6056008,4,0,24,0,6,6,6.0,0.0,0,0,0.0,0.0,3.963006654,0.660501109,2018669.333,3490377.423,6049009,1013,6056008,2018669.333,3490377.423,6049009,1013,0,0.0,0.0,0,0,0,0,0,0,80,0,0.660501109,0.0,6,6,6.0,0.0,0.0,0,0,0,0,1,0,0,0,0,7.5,6.0,0.0,80,0,0,0,0,0,0,4,24,0,0,256,-1,3,20,6999.0,0.0,6999,6999,6049009.0,0.0,6049009,6049009,ddos,ddos,1
80,115912,3,5,26,11607,20,0,8.666666667,10.26320288,5840,0,2321.4,3173.373883,100360.6184,69.01787563,16558.85714,43251.2554,114641,13,1048,524.0,602.4549776,950,98,115855,28963.75,57119.98593,114641,13,0,0,0,0,72,112,25.88170336,43.13617227,0,5840,1292.555556,2554.159212,6523729.278,0,0,0,1,0,0,0,0,1,1454.125,8.666666667,2321.4,72,0,0,0,0,0,0,3,26,5,11607,8192,229,2,20,0.0,0.0,0,0,0.0,0.0,0,0,ddos,ddos,1
80,56877,3,6,26,11601,20,0,8.666666667,10.26320288,7300,0,1933.5,2720.783986,204423.5807,158.2361939,7109.625,13011.91332,30586,21,30778,15389.0,21521.50199,30607,171,56856,11371.2,15464.1366,30807,103,0,0,0,0,72,132,52.74539796,105.4907959,0,7300,1162.7,2258.94725,5102842.678,0,0,0,1,0,0,0,0,2,1291.888889,8.666666667,1933.5,72,0,0,0,0,0,0,3,26,6,11601,8192,229,2,20,0.0,0.0,0,0,0.0,0.0,0,0,ddos,ddos,1
443,142765,8,5,527,3749,207,0,65.875,80.6888866485,1430,0,749.8,717.3780035658,29951.3186004973,91.0587328827,11897.0833333333,16326.4421858214,37741,3,142765,20395.0,17778.5855830359,39896,3,40458,10114.5,18756.1060013355,38216,47,0,0,0,0,172,112,56.0361433124,35.0225895703,0,1430,305.4285714286,529.4266440486,280292.571428571,0,0,0,1,0,0,0,0,0,328.9230769231,65.875,749.8,172,0,0,0,0,0,0,8,527,5,3749,8192,343,7,20,0.0,0.0,0,0,0.0,0.0,0,0,benign,benign,0
80,65,2,0,12,0,6,6,6.0,0.0,0,0,0.0,0.0,184615.384615385,30769.2307692308,65.0,0.0,65,65,65,65.0,0.0,65,65,0,0.0,0.0,0,0,0,0,0,0,40,0,30769.2307692308,0.0,6,6,6.0,0.0,0.0,0,0,0,0,1,0,0,0,0,9.0,6.0,0.0,40,0,0,0,0,0,0,2,12,0,0,256,-1,1,20,0.0,0.0,0,0,0.0,0.0,0,0,benign,benign,0
53,59251,2,2,66,190,33,33,33.0,0.0,95,95,95.0,0.0,4320.6021839294,67.5094091239,19750.3333333333,34205.1167127571,59247,1,1,1.0,0.0,1,1,3,3.0,0.0,3,3,0,0,0,0,64,40,33.7547045619,33.7547045619,33,95,57.8,33.9587985653,1153.2,0,0,0,0,0,0,0,0,1,72.25,33.0,95.0,64,0,0,0,0,0,0,2,66,2,190,-1,-1,1,32,0.0,0.0,0,0,0.0,0.0,0,0,benign,benign,0
80,115828,3,6,26,11607,20,0,8.666666667,10.26320288,5840,0,1934.5,2538.919278,100433.4013,77.70141935,14478.5,40372.36746,114392,47,1064,532.0,681.6509371,1014,50,115778,23155.6,51004.5665,114392,47,0,0,0,0,72,132,25.90047312,51.80094623,0,5840,1163.3,2138.329153,4572451.567,0,0,0,1,0,0,0,0,2,1292.555556,8.666666667,1934.5,72,0,0,0,0,0,0,3,26,6,11607,8192,229,2,20,0.0,0.0,0,0,0.0,0.0,0,0,ddos,ddos,1
9220,62,1,1,2,6,2,2,2.0,0.0,6,6,6.0,0.0,129032.2581,32258.06452,62.0,0.0,62,62,0,0.0,0.0,0,0,0,0.0,0.0,0,0,0,0,0,0,24,20,16129.03226,16129.03226,2,6,3.333333333,2.309401077,5.333333333,0,0,0,1,0,0,0,0,1,5.0,2.0,6.0,24,0,0,0,0,0,0,1,2,1,6,1024,0,0,24,0.0,0.0,0,0,0.0,0.0,0,0,portscan,portscan,1
49815,5827,2,0,12,0,6,6,6.0,0.0,0,0,0.0,0.0,2059.3787540759,343.229792346,5827.0,0.0,5827,5827,5827,5827.0,0.0,5827,5827,0,0.0,0.0,0,0,0,0,0,0,40,0,343.229792346,0.0,6,6,6.0,0.0,0.0,0,0,0,0,1,0,0,0,0,9.0,6.0,0.0,40,0,0,0,0,0,0,2,12,0,0,373,-1,1,20,0.0,0.0,0,0,0.0,0.0,0,0,benign,benign,0
53,32668,1,1,50,162,50,50,50.0,0.0,162,162,162.0,0.0,6489.5310395494,61.2219909391,32668.0,0.0,32668,32668,0,0.0,0.0,0,0,0,0.0,0.0,0,0,0,0,0,0,32,40,30.6109954696,30.6109954696,50,162,87.3333333333,64.6632301492,4181.3333333333,0,0,0,0,0,0,0,0,1,131.0,50.0,162.0,32,0,0,0,0,0,0,1,50,1,162,-1,-1,0,32,0.0,0.0,0,0,0.0,0.0,0,0,benign,benign,0
80,485263,3,6,26,11607,20,0,8.666666667,10.26320288,4380,0,1934.5,2177.344966,23972.56745,18.54664378,60657.875,171090.146,484084,3,913,456.5,555.0788232,849,64,485124,97024.8,216373.0629,484084,3,0,0,0,0,72,132,6.182214593,12.36442919,0,4380,1163.3,1903.962654,3625073.789,0,0,0,1,0,0,0,0,2,1292.555556,8.666666667,1934.5,72,0,0,0,0,0,0,3,26,6,11607,8192,229,2,20,0.0,0.0,0,0,0.0,0.0,0,0,ddos,ddos,1
443,228596,27,39,891,65601,405,0,33.0,93.078544169,2896,0,1682.0769230769,950.8877399184,290871.231342631,288.7189627115,3516.8615384615,10907.6455795879,64307,1,228596,8792.1538461539,21763.7907188841,106008,1,203179,5346.8157894737,14509.8052715811,64660,1,0,0,0,0,876,1256,118.1123029274,170.6066597841,0,2896,992.4179104478,1093.8662201353,1196543.30755314,0,0,0,1,0,0,0,0,1,1007.4545454546,33.0,1682.0769230769,876,0,0,0,0,0,0,27,891,39,65601,65535,972,6,32,0.0,0.0,0,0,0.0,0.0,0,0,benign,benign,0
80,992881,3,6,26,11607,20,0,8.666666667,10.26320288,5840,0,1934.5,2538.919278,11716.40912,9.064530392,124110.125,350583.1574,991759,3,971,485.5,333.0472939,721,250,992831,198566.2,443408.4417,991759,3,0,0,0,0,72,132,3.021510131,6.043020261,0,5840,1163.3,2138.329153,4572451.567,0,0,0,1,0,0,0,0,2,1292.555556,8.666666667,1934.5,72,0,0,0,0,0,0,3,26,6,11607,8192,229,2,20,0.0,0.0,0,0,0.0,0.0,0,0,ddos,ddos,1
3005,11,1,1,2,6,2,2,2.0,0.0,6,6,6.0,0.0,727272.7273,181818.1818,11.0,0.0,11,11,0,0.0,0.0,0,0,0,0.0,0.0,0,0,0,0,0,0,24,20,90909.09091,90909.09091,2,6,3.333333333,2.309401077,5.333333333,0,0,0,1,0,0,0,0,1,5.0,2.0,6.0,24,0,0,0,0,0,0,1,2,1,6,1024,0,0,24,0.0,0.0,0,0,0.0,0.0,0,0,portscan,portscan,1
53,478,1,1,48,108,48,48,48.0,0.0,108,108,108.0,0.0,326359.832635983,4184.1004184101,478.0,0.0,478,478,0,0.0,0.0,0,0,0,0.0,0.0,0,0,0,0,0,0,32,32,2092.050209205,2092.050209205,48,108,68.0,34.6410161514,1200.0,0,0,0,0,0,0,0,0,1,102.0,48.0,108.0,32,0,0,0,0,0,0,1,48,1,108,-1,-1,0,32,0.0,0.0,0,0,0.0,0.0,0,0,benign,benign,0
2030,73,1,1,2,6,2,2,2.0,0.0,6,6,6.0,0.0,109589.0411,27397.26027,73.0,0.0,73,73,0,0.0,0.0,0,0,0,0.0,0.0,0,0,0,0,0,0,24,20,13698.63014,13698.63014,2,6,3.333333333,2.309401077,5.333333333,0,0,0,1,0,0,0,0,1,5.0,2.0,6.0,24,0,0,0,0,0,0,1,2,1,6,1024,0,0,24,0.0,0.0,0,0,0.0,0.0,0,0,portscan,portscan,1
8088,38,1,1,2,6,2,2,2.0,0.0,6,6,6.0,0.0,210526.3158,52631.57895,38.0,0.0,38,38,0,0.0,0.0,0,0,0,0.0,0.0,0,0,0,0,0,0,24,20,26315.78947,26315.78947,2,6,3.333333333,2.309401077,5.333333333,0,0,0,1,0,0,0,0,1,5.0,2.0,6.0,24,0,0,0,0,0,0,1,2,1,6,1024,0,0,24,0.0,0.0,0,0,0.0,0.0,0,0,portscan,portscan,1
2718,65,1,1,2,6,2,2,2.0,0.0,6,6,6.0,0.0,123076.9231,30769.23077,65.0,0.0,65,65,0,0.0,0.0,0,0,0,0.0,0.0,0,0,0,0,0,0,24,20,15384.61538,15384.61538,2,6,3.333333333,2.309401077,5.333333333,0,0,0,1,0,0,0,0,1,5.0,2.0,6.0,24,0,0,0,0,0,0,1,2,1,6,1024,0,0,24,0.0,0.0,0,0,0.0,0.0,0,0,portscan,portscan,1
1090,49,1,1,2,6,2,2,2.0,0.0,6,6,6.0,0.0,163265.3061,40816.32653,49.0,0.0,49,49,0,0.0,0.0,0,0,0,0.0,0.0,0,0,0,0,0,0,24,20,20408.16327,20408.16327,2,6,3.333333333,2.309401077,5.333333333,0,0,0,1,0,0,0,0,1,5.0,2.0,6.0,24,0,0,0,0,0,0,1,2,1,6,1024,0,0,24,0.0,0.0,0,0,0.0,0.0,0,0,portscan,portscan,1
51715,9992,3,0,43,0,31,6,14.3333333333,14.4337567297,0,0,0.0,0.0,4303.4427542034,300.2401921537,4996.0,7063.9967440536,9991,1,9992,4996.0,7063.9967440536,9991,1,0,0.0,0.0,0,0,0,0,0,0,60,0,300.2401921537,0.0,6,31,12.25,12.5,156.25,0,0,0,0,1,0,0,0,0,16.3333333333,14.3333333333,0.0,60,0,0,0,0,0,0,3,43,0,0,946,-1,2,20,0.0,0.0,0,0,0.0,0.0,0,0,benign,benign,0
2126,69,1,1,2,6,2,2,2.0,0.0,6,6,6.0,0.0,115942.029,28985.50725,69.0,0.0,69,69,0,0.0,0.0,0,0,0,0.0,0.0,0,0,0,0,0,0,24,20,14492.75362,14492.75362,2,6,3.333333333,2.309401077,5.333333333,0,0,0,1,0,0,0,0,1,5.0,2.0,6.0,24,0,0,0,0,0,0,1,2,1,6,1024,0,0,24,0.0,0.0,0,0,0.0,0.0,0,0,portscan,portscan,1
80,7212795,4,0,24,0,6,6,6.0,0.0,0,0,0.0,0.0,3.32742023,0.554570038,2404265.0,4163461.324,7211816,3,7212795,2404265.0,4163461.324,7211816,3,0,0.0,0.0,0,0,0,0,0,0,80,0,0.554570038,0.0,6,6,6.0,0.0,0.0,0,0,0,0,1,0,0,0,0,7.5,6.0,0.0,80,0,0,0,0,0,0,4,24,0,0,256,-1,3,20,979.0,0.0,979,979,7211816.0,0.0,7211816,7211816,ddos,ddos,1
80,813330,3,5,26,11601,20,0,8.666666667,10.26320288,5840,0,2320.2,2436.833027,14295.55039,9.836105886,116190.0,296210.3174,787600,12,25323,12661.5,17614.73703,25117,206,813318,203329.5,389694.975,787600,151,0,0,0,0,72,112,3.688539707,6.147566179,0,5840,1291.888889,2110.95076,4456113.111,0,0,0,1,0,0,0,0,1,1453.375,8.666666667,2320.2,72,0,0,0,0,0,0,3,26,5,11601,8192,229,2,20,0.0,0.0,0,0,0.0,0.0,0,0,ddos,ddos,1
443,516044,2,0,12,0,6,6,6.0,0.0,0,0,0.0,0.0,23.2538310687,3.8756385114,516044.0,0.0,516044,516044,516044,516044.0,0.0,516044,516044,0,0.0,0.0,0,0,0,0,0,0,40,0,3.8756385114,0.0,6,6,6.0,0.0,0.0,0,0,0,0,1,0,0,0,0,9.0,6.0,0.0,40,0,0,0,0,0,0,2,12,0,0,256,-1,1,20,0.0,0.0,0,0,0.0,0.0,0,0,benign,benign,0
80,117290838,18,14,1713,999,824,0,95.1666666667,260.6436038642,501,0,71.3571428571,167.9595222037,23.1220106041,0.2728260838,3783575.41935484,4782401.28945196,10120421,27,117290838,6899461.05882353,4697346.50719477,10271975,117333,113777436,8752110.46153846,3622725.31665783,10274162,270719,0,0,0,0,380,292,0.1534646722,0.1193614117,0,824,82.1818181818,218.8793124283,47908.1534090909,0,0,0,1,0,0,0,0,0,84.75,95.1666666667,71.3571428571,380,0,0,0,0,0,0,18,1713,14,999,29200,512,17,20,263681.727272727,359241.386686749,1346762,151554,10080178.8181818,27889.9684109472,10120421,10003666,benign,benign,0
80,1123816,2,7,20,11601,20,0,10.0,14.14213562,4380,0,1657.285714,1548.670905,10340.66075,8.008428426,140477.0,395071.3416,1118220,47,5032,5032.0,0.0,5032,5032,1123660,187276.6667,456071.3261,1118220,47,0,0,0,0,52,152,1.779650761,6.228777665,0,4380,1162.1,1494.883752,2234677.433,0,0,0,1,0,0,0,0,3,1291.222222,10.0,1657.285714,52,0,0,0,0,0,0,2,20,7,11601,8192,229,1,20,0.0,0.0,0,0,0.0,0.0,0,0,ddos,ddos,1
8333,56,1,1,2,6,2,2,2.0,0.0,6,6,6.0,0.0,142857.1429,35714.28571,56.0,0.0,56,56,0,0.0,0.0,0,0,0,0.0,0.0,0,0,0,0,0,0,24,20,17857.14286,17857.14286,2,6,3.333333333,2.309401077,5.333333333,0,0,0,1,0,0,0,0,1,5.0,2.0,6.0,24,0,0,0,0,0,0,1,2,1,6,1024,0,0,24,0.0,0.0,0,0,0.0,0.0,0,0,portscan,portscan,1
80,168988,6,0,36,0,6,6,6.0,0.0,0,0,0.0,0.0,213.0328781,35.50547968,33797.6,72337.42878,163174,4,168988,33797.6,72337.42878,163174,4,0,0.0,0.0,0,0,0,0,0,0,120,0,35.50547968,0.0,6,6,6.0,0.0,0.0,0,0,0,0,1,0,0,0,0,7.0,6.0,0.0,120,0,0,0,0,0,0,6,36,0,0,256,-1,5,20,0.0,0.0,0,0,0.0,0.0,0,0,ddos,ddos,1
80,68722,2,0,12,0,6,6,6.0,0.0,0,0,0.0,0.0,174.6165711126,29.1027618521,68722.0,0.0,68722,68722,68722,68722.0,0.0,68722,68722,0,0.0,0.0,0,0,0,0,0,0,40,0,29.1027618521,0.0,6,6,6.0,0.0,0.0,0,0,0,0,1,0,0,0,0,9.0,6.0,0.0,40,0,0,0,0,0,0,2,12,0,0,256,-1,1,20,0.0,0.0,0,0,0.0,0.0,0,0,benign,benign,0
40291,3,2,0,0,0,0,0,0.0,0.0,0,0,0.0,0.0,0.0,666666.666666667,3.0,0.0,3,3,3,3.0,0.0,3,3,0,0.0,0.0,0,0,0,0,0,0,64,0,666666.666666667,0.0,0,0,0.0,0.0,0.0,0,0,0,0,1,0,0,0,0,0.0,0.0,0.0,64,0,0,0,0,0,0,2,0,0,0,4728,-1,0,32,0.0,0.0,0,0,0.0,0.0,0,0,benign,benign,0
51579,3,2,0,37,0,31,6,18.5,17.6776695297,0,0,0.0,0.0,12333333.3333333,666666.666666667,3.0,0.0,3,3,3,3.0,0.0,3,3,0,0.0,0.0,0,0,1,0,0,0,40,0,666666.666666667,0.0,6,31,22.6666666667,14.4337567297,208.3333333333,0,1,0,0,1,0,0,0,0,34.0,18.5,0.0,40,0,0,0,0,0,0,2,37,0,0,946,-1,1,20,0.0,0.0,0,0,0.0,0.0,0,0,benign,benign,0
80,793200,3,4,26,11601,20,0,8.666666667,10.26320288,8760,0,2900.25,4128.319301,14658.34594,8.825012607,132200.0,320817.3582,787052,66,5892,2946.0,3770.293357,5612,280,792964,264321.3333,452706.4868,787052,190,0,0,0,0,72,92,3.78214826,5.042864347,0,8760,1453.375,3113.952607,9696700.839,0,0,0,1,0,0,0,0,1,1661.0,8.666666667,2900.25,72,0,0,0,0,0,0,3,26,4,11601,8192,229,2,20,0.0,0.0,0,0,0.0,0.0,0,0,ddos,ddos,1
80,62699,3,6,26,11607,20,0,8.666666667,10.26320288,5840,0,1934.5,2538.919278,185537.2494,143.5429592,7837.375,21250.20159,60412,6,2133,1066.5,822.3651865,1648,485,62644,12528.8,26782.98817,60412,6,0,0,0,0,72,132,47.84765307,95.69530615,0,5840,1163.3,2138.329153,4572451.567,0,0,0,1,0,0,0,0,2,1292.555556,8.666666667,1934.5,72,0,0,0,0,0,0,3,26,6,11607,8192,229,2,20,0.0,0.0,0,0,0.0,0.0,0,0,ddos,ddos,1
80,10628714,4,0,24,0,6,6,6.0,0.0,0,0,0.0,0.0,2.258034227,0.376339038,3542904.667,6135862.155,10600000,317,10600000,3542904.667,6135862.155,10600000,317,0,0.0,0.0,0,0,0,0,0,0,80,0,0.376339038,0.0,6,6,6.0,0.0,0.0,0,0,0,0,1,0,0,0,0,7.5,6.0,0.0,80,0,0,0,0,0,0,4,24,0,0,256,-1,3,20,726.0,0.0,726,726,10600000.0,0.0,10600000,10600000,ddos,ddos,1
80,763086,5,0,30,0,6,6,6.0,0.0,0,0,0.0,0.0,39.31404848,6.552341414,190771.5,380577.8786,761638,3,763086,190771.5,380577.8786,761638,3,0,0.0,0.0,0,0,0,0,0,0,100,0,6.552341414,0.0,6,6,6.0,0.0,0.0,0,0,0,0,1,0,0,0,0,7.2,6.0,0.0,100,0,0,0,0,0,0,5,30,0,0,256,-1,4,20,0.0,0.0,0,0,0.0,0.0,0,0,ddos,ddos,1
2170,57,1,1,2,6,2,2,2.0,0.0,6,6,6.0,0.0,140350.8772,35087.7193,57.0,0.0,57,57,0,0.0,0.0,0,0,0,0.0,0.0,0,0,0,0,0,0,24,20,17543.85965,17543.85965,2,6,3.333333333,2.309401077,5.333333333,0,0,0,1,0,0,0,0,1,5.0,2.0,6.0,24,0,0,0,0,0,0,1,2,1,6,1024,0,0,24,0.0,0.0,0,0,0.0,0.0,0,0,portscan,portscan,1
80,119096,3,0,0,0,0,0,0.0,0.0,0,0,0.0,0.0,0.0,25.1897628804,59548.0,30848.2404360443,81361,37735,119096,59548.0,30848.2404360443,81361,37735,0,0.0,0.0,0,0,0,0,0,0,96,0,25.1897628804,0.0,0,0,0.0,0.0,0.0,0,0,0,0,1,0,0,0,0,0.0,0.0,0.0,96,0,0,0,0,0,0,3,0,0,0,274,-1,0,32,0.0,0.0,0,0,0.0,0.0,0,0,benign,benign,0
123,69028969,2,2,96,96,48,48,48.0,0.0,48,48,48.0,0.0,2.7814409339,0.0579466861,23009656.3333333,39804095.6415541,68971467,28599,69000066,69000066.0,0.0,69000066,69000066,69000370,69000370.0,0.0,69000370,69000370,0,0,0,0,40,40,0.0289733431,0.0289733431,48,48,48.0,0.0,0.0,0,0,0,0,0,0,0,0,1,60.0,48.0,48.0,40,0,0,0,0,0,0,2,96,2,96,-1,-1,1,20,28599.0,0.0,28599,28599,68971467.0,0.0,68971467,68971467,benign,benign,0
1974,74,1,1,2,6,2,2,2.0,0.0,6,6,6.0,0.0,108108.1081,27027.02703,74.0,0.0,74,74,0,0.0,0.0,0,0,0,0.0,0.0,0,0,0,0,0,0,24,20,13513.51351,13513.51351,2,6,3.333333333,2.309401077,5.333333333,0,0,0,1,0,0,0,0,1,5.0,2.0,6.0,24,0,0,0,0,0,0,1,2,1,6,1024,0,0,24,0.0,0.0,0,0,0.0,0.0,0,0,portscan,portscan,1
80,25858842,6,6,434,2051,434,0,72.3333333333,177.1797580613,2051,0,341.8333333333,837.3172437414,96.0986574728,0.4640579033,2350803.81818182,4173528.74832782,10201115,35,20390247,4078049.4,5548194.8863181,10240004,140,25819374,5163874.8,5079849.14683509,10239961,885,0,0,0,0,200,200,0.2320289516,0.2320289516,0,2051,191.1538461538,571.5432101124,326661.641025641,0,0,0,1,0,0,0,0,1,207.0833333333,72.3333333333,341.8333333333,200,0,0,0,0,0,0,6,434,6,2051,29200,939,1,32,59154.5,28659.744948272,79420,38889,10135969.0,92130.3567343576,10201115,10070823,benign,benign,0
443,5803891,8,4,370,5695,189,0,46.25,71.3036765231,3993,0,1423.75,1828.1098389685,1044.9886119502,2.0675784573,527626.454545455,1709126.82751254,5680654,2,5803891,829127.285714286,2139426.98650922,5680654,44,58487,19495.6666666667,17408.8328825724,34444,382,0,0,0,0,172,92,1.3783856382,0.6891928191,0,3993,466.5384615385,1131.2735902059,1279779.93589744,0,0,0,1,0,0,0,0,0,505.4166666667,46.25,1423.75,172,0,0,0,0,0,0,8,370,4,5695,8192,60,7,20,123193.0,0.0,123193,123193,5680654.0,0.0,5680654,5680654,benign,benign,0
6009,54,1,1,2,6,2,2,2.0,0.0,6,6,6.0,0.0,148148.1481,37037.03704,54.0,0.0,54,54,0,0.0,0.0,0,0,0,0.0,0.0,0,0,0,0,0,0,24,20,18518.51852,18518.51852,2,6,3.333333333,2.309401077,5.333333333,0,0,0,1,0,0,0,0,1,5.0,2.0,6.0,24,0,0,0,0,0,0,1,2,1,6,1024,0,0,24,0.0,0.0,0,0,0.0,0.0,0,0,portscan,portscan,1
80,68495,2,0,12,0,6,6,6.0,0.0,0,0,0.0,0.0,175.1952697277,29.1992116213,68495.0,0.0,68495,68495,68495,68495.0,0.0,68495,68495,0,0.0,0.0,0,0,0,0,0,0,40,0,29.1992116213,0.0,6,6,6.0,0.0,0.0,0,0,0,0,1,0,0,0,0,9.0,6.0,0.0,40,0,0,0,0,0,0,2,12,0,0,256,-1,1,20,0.0,0.0,0,0,0.0,0.0,0,0,benign,benign,0
443,4653201,5,1,135,46,46,6,27.0,20.1246117975,46,46,46.0,0.0,38.8979543329,1.2894349503,930640.2,2069783.65048033,4633158,19,4653201,1163300.25,2313252.05444952,4633158,19,0,0.0,0.0,0,0,1,0,0,0,100,20,1.0745291252,0.214905825,6,46,32.4285714286,18.8667003197,355.9523809524,0,1,0,0,1,0,0,0,0,37.8333333333,27.0,46.0,100,0,0,0,0,0,0,5,135,1,46,538,32,4,20,0.0,0.0,0,0,0.0,0.0,0,0,benign,benign,0
62465,1,2,0,12,0,6,6,6.0,0.0,0,0,0.0,0.0,12000000.0,2000000.0,1.0,0.0,1,1,1,1.0,0.0,1,1,0,0.0,0.0,0,0,0,0,0,0,40,0,2000000.0,0.0,6,6,6.0,0.0,0.0,0,0,0,0,1,0,0,0,0,9.0,6.0,0.0,40,0,0,0,0,0,0,2,12,0,0,6350,-1,1,20,0.0,0.0,0,0,0.0,0.0,0,0,benign,benign,0
80,1618575,3,5,26,11607,20,0,8.666666667,10.26320288,10135,0,2321.4,4413.201989,7187.18626,4.942619279,231225.0,611217.5348,1617336,5,948,474.0,489.3178926,820,128,1618410,404602.5,808489.0898,1617336,5,0,0,0,0,72,112,1.85348223,3.08913705,0,10135,1292.555556,3350.634907,11200000.0,0,0,0,1,0,0,0,0,1,1454.125,8.666666667,2321.4,72,0,0,0,0,0,0,3,26,5,11607,8192,229,2,20,0.0,0.0,0,0,0.0,0.0,0,0,ddos,ddos,1
80,4714934,5,0,30,0,6,6,6.0,0.0,0,0,0.0,0.0,6.362761388,1.060460231,1178733.5,2355447.207,4711904,188,4714934,1178733.5,2355447.207,4711904,188,0,0.0,0.0,0,0,0,0,0,0,100,0,1.060460231,0.0,6,6,6.0,0.0,0.0,0,0,0,0,1,0,0,0,0,7.2,6.0,0.0,100,0,0,0,0,0,0,5,30,0,0,256,-1,4,20,0.0,0.0,0,0,0.0,0.0,0,0,ddos,ddos,1
1108,45,1,1,2,6,2,2,2.0,0.0,6,6,6.0,0.0,177777.7778,44444.44444,45.0,0.0,45,45,0,0.0,0.0,0,0,0,0.0,0.0,0,0,0,0,0,0,24,20,22222.22222,22222.22222,2,6,3.333333333,2.309401077,5.333333333,0,0,0,1,0,0,0,0,1,5.0,2.0,6.0,24,0,0,0,0,0,0,1,2,1,6,1024,0,0,24,0.0,0.0,0,0,0.0,0.0,0,0,portscan,portscan,1
1271,44,1,1,2,6,2,2,2.0,0.0,6,6,6.0,0.0,181818.1818,45454.54545,44.0,0.0,44,44,0,0.0,0.0,0,0,0,0.0,0.0,0,0,0,0,0,0,24,20,22727.27273,22727.27273,2,6,3.333333333,2.309401077,5.333333333,0,0,0,1,0,0,0,0,1,5.0,2.0,6.0,24,0,0,0,0,0,0,1,2,1,6,1024,0,0,24,0.0,0.0,0,0,0.0,0.0,0,0,portscan,portscan,1
443,249876,2,0,12,0,6,6,6.0,0.0,0,0,0.0,0.0,48.0238198146,8.0039699691,249876.0,0.0,249876,249876,249876,249876.0,0.0,249876,249876,0,0.0,0.0,0,0,0,0,0,0,40,0,8.0039699691,0.0,6,6,6.0,0.0,0.0,0,0,0,0,1,0,0,0,0,9.0,6.0,0.0,40,0,0,0,0,0,0,2,12,0,0,63802,-1,1,20,0.0,0.0,0,0,0.0,0.0,0,0,benign,benign,0
80,1010992,4,0,24,0,6,6,6.0,0.0,0,0,0.0,0.0,23.73906025,3.956510042,336997.3333,582839.345,1010002,4,1010992,336997.3333,582839.345,1010002,4,0,0.0,0.0,0,0,0,0,0,0,80,0,3.956510042,0.0,6,6,6.0,0.0,0.0,0,0,0,0,1,0,0,0,0,7.5,6.0,0.0,80,0,0,0,0,0,0,4,24,0,0,256,-1,3,20,0.0,0.0,0,0,0.0,0.0,0,0,ddos,ddos,1
80,9063772,5,0,30,0,6,6,6.0,0.0,0,0,0.0,0.0,3.309880257,0.55164671,2265943.0,4530548.024,9061765,3,9063772,2265943.0,4530548.024,9061765,3,0,0.0,0.0,0,0,0,0,0,0,100,0,0.55164671,0.0,6,6,6.0,0.0,0.0,0,0,0,0,1,0,0,0,0,7.2,6.0,0.0,100,0,0,0,0,0,0,5,30,0,0,256,-1,4,20,2007.0,0.0,2007,2007,9061765.0,0.0,9061765,9061765,ddos,ddos,1
443,90262360,3,3,18,0,6,6,6.0,0.0,0,0,0.0,0.0,0.1994186724,0.0664728908,18052472.0,24598192.8958317,45002569,87069,90175291,45087645.5,3179.8591949959,45089894,45085397,90175035,45087517.5,8674.0788848154,45093651,45081384,0,0,0,0,60,96,0.0332364454,0.0332364454,0,6,3.4285714286,3.2071349029,10.2857142857,0,0,0,0,1,0,0,0,1,4.0,6.0,0.0,60,0,0,0,0,0,0,3,18,3,0,253,123,2,20,89203.5,2656.6001769179,91082,87325,44998442.0,5836.4593719138,45002569,44994315,benign,benign,0
80,6153845,4,0,24,0,6,6,6.0,0.0,0,0,0.0,0.0,3.900000731,0.650000122,2051281.667,3552069.334,6152858,5,6153845,2051281.667,3552069.334,6152858,5,0,0.0,0.0,0,0,0,0,0,0,80,0,0.650000122,0.0,6,6,6.0,0.0,0.0,0,0,0,0,1,0,0,0,0,7.5,6.0,0.0,80,0,0,0,0,0,0,4,24,0,0,256,-1,3,20,987.0,0.0,987,987,6152858.0,0.0,6152858,6152858,ddos,ddos,1
80,878834,3,4,26,11601,20,0,8.666666667,10.26320288,8760,0,2900.25,4128.319301,13230.02979,7.965099211,146472.3333,355173.4701,871448,61,7126,3563.0,4553.767671,6783,343,878687,292895.6667,501052.6935,871448,199,0,0,0,0,72,92,3.413613948,4.551485263,0,8760,1453.375,3113.952607,9696700.839,0,0,0,1,0,0,0,0,1,1661.0,8.666666667,2900.25,72,0,0,0,0,0,0,3,26,4,11601,8192,229,2,20,0.0,0.0,0,0,0.0,0.0,0,0,ddos,ddos,1
80,929690,2,4,20,11601,20,0,10.0,14.14213562,8760,0,2900.25,4128.319301,12499.86555,6.453764158,185938.0,412833.6656,924429,35,4736,4736.0,0.0,4736,4736,929655,309885.0,532215.4086,924429,378,0,0,0,0,52,92,2.151254719,4.302509439,0,8760,1660.142857,3303.602601,10900000.0,0,0,0,1,0,0,0,0,2,1936.833333,10.0,2900.25,52,0,0,0,0,0,0,2,20,4,11601,8192,229,1,20,0.0,0.0,0,0,0.0,0.0,0,0,ddos,ddos,1
51462,1352,2,0,12,0,6,6,6.0,0.0,0,0,0.0,0.0,8875.7396449704,1479.2899408284,1352.0,0.0,1352,1352,1352,1352.0,0.0,1352,1352,0,0.0,0.0,0,0,0,0,0,0,40,0,1479.2899408284,0.0,6,6,6.0,0.0,0.0,0,0,0,0,1,0,0,0,0,9.0,6.0,0.0,40,0,0,0,0,0,0,2,12,0,0,64,-1,1,20,0.0,0.0,0,0,0.0,0.0,0,0,benign,benign,0
443,321503,10,10,545,4225,188,0,54.5,69.9845220983,1430,0,422.5,600.3034880606,14836.5645110621,62.2078176564,16921.2105263158,20994.972129798,55965,0,321503,35722.5555555556,29626.7153643089,90601,0,230360,25595.5555555556,36898.1504215019,93160,1,0,0,0,0,212,212,31.1039088282,31.1039088282,0,1430,227.1428571429,448.2550931907,200932.628571429,0,0,0,1,0,0,0,0,1,238.5,54.5,422.5,212,0,0,0,0,0,0,10,545,10,4225,8192,351,9,20,0.0,0.0,0,0,0.0,0.0,0,0,benign,benign,0
9090,17,1,1,2,6,2,2,2.0,0.0,6,6,6.0,0.0,470588.2353,117647.0588,17.0,0.0,17,17,0,0.0,0.0,0,0,0,0.0,0.0,0,0,0,0,0,0,24,20,58823.52941,58823.52941,2,6,3.333333333,2.309401077,5.333333333,0,0,0,1,0,0,0,0,1,5.0,2.0,6.0,24,0,0,0,0,0,0,1,2,1,6,1024,0,0,24,0.0,0.0,0,0,0.0,0.0,0,0,portscan,portscan,1
443,96226,3,1,12,0,6,0,4.0,3.4641016151,0,0,0.0,0.0,124.7064203022,41.5688067674,32075.3333333333,30086.5344852699,59842,110,96226,48113.0,16587.310873074,59842,36384,0,0.0,0.0,0,0,0,0,0,0,72,32,31.1766050756,10.3922016919,0,6,2.4,3.286335345,10.8,0,0,0,1,0,0,0,0,0,3.0,4.0,0.0,72,0,0,0,0,0,0,3,12,1,0,8192,42780,2,20,0.0,0.0,0,0,0.0,0.0,0,0,benign,benign,0
80,932179,3,5,26,11601,20,0,8.666666667,10.26320288,8760,0,2320.2,3668.897,12472.92634,8.582042719,133168.4286,350395.4012,927785,3,3690,1845.0,2604.981382,3687,3,932132,233033.0,463171.425,927785,188,0,0,0,0,72,112,3.21826602,5.3637767,0,8760,1291.888889,2866.607422,8217438.111,0,0,0,1,0,0,0,0,1,1453.375,8.666666667,2320.2,72,0,0,0,0,0,0,3,26,5,11601,8192,229,2,20,0.0,0.0,0,0,0.0,0.0,0,0,ddos,ddos,1
443,4696180,2,0,12,0,6,6,6.0,0.0,0,0,0.0,0.0,2.5552683245,0.4258780541,4696180.0,0.0,4696180,4696180,4696180,4696180.0,0.0,4696180,4696180,0,0.0,0.0,0,0,0,0,0,0,40,0,0.4258780541,0.0,6,6,6.0,0.0,0.0,0,0,0,0,1,0,0,0,0,9.0,6.0,0.0,40,0,0,0,0,0,0,2,12,0,0,250,-1,1,20,0.0,0.0,0,0,0.0,0.0,0,0,benign,benign,0
1524,30,1,1,2,6,2,2,2.0,0.0,6,6,6.0,0.0,266666.6667,66666.66667,30.0,0.0,30,30,0,0.0,0.0,0,0,0,0.0,0.0,0,0,0,0,0,0,24,20,33333.33333,33333.33333,2,6,3.333333333,2.309401077,5.333333333,0,0,0,1,0,0,0,0,1,5.0,2.0,6.0,24,0,0,0,0,0,0,1,2,1,6,1024,0,0,24,0.0,0.0,0,0,0.0,0.0,0,0,portscan,portscan,1
443,20893167,8,7,402,4488,246,0,50.25,89.7389069945,1460,0,641.1428571429,693.2518610557,234.0478109422,0.7179380704,1492369.07142857,5494974.1402613,20583659,1,20893167,2984738.14285714,7760572.45287937,20583659,23,181067,30177.8333333333,45800.3334896883,90331,1,0,0,0,0,172,152,0.3829003042,0.3350377662,0,1460,305.625,538.0894442377,289540.25,0,0,0,1,0,0,0,0,0,326.0,50.25,641.1428571429,172,0,0,0,0,0,0,8,402,7,4488,8192,62,7,20,0.0,0.0,0,0,0.0,0.0,0,0,benign,benign,0
53,90355,1,1,50,148,50,50,50.0,0.0,148,148,148.0,0.0,2191.3563167506,22.1349122904,90355.0,0.0,90355,90355,0,0.0,0.0,0,0,0,0.0,0.0,0,0,0,0,0,0,20,20,11.0674561452,11.0674561452,50,148,82.6666666667,56.5803263806,3201.3333333333,0,0,0,0,0,0,0,0,1,124.0,50.0,148.0,20,0,0,0,0,0,0,1,50,1,148,-1,-1,0,20,0.0,0.0,0,0,0.0,0.0,0,0,benign,benign,0
1233,10,1,1,2,6,2,2,2.0,0.0,6,6,6.0,0.0,800000.0,200000.0,10.0,0.0,10,10,0,0.0,0.0,0,0,0,0.0,0.0,0,0,0,0,0,0,24,20,100000.0,100000.0,2,6,3.333333333,2.309401077,5.333333333,0,0,0,1,0,0,0,0,1,5.0,2.0,6.0,24,0,0,0,0,0,0,1,2,1,6,1024,0,0,24,0.0,0.0,0,0,0.0,0.0,0,0,portscan,portscan,1
4998,74,1,1,2,6,2,2,2.0,0.0,6,6,6.0,0.0,108108.1081,27027.02703,74.0,0.0,74,74,0,0.0,0.0,0,0,0,0.0,0.0,0,0,0,0,0,0,24,20,13513.51351,13513.51351,2,6,3.333333333,2.309401077,5.333333333,0,0,0,1,0,0,0,0,1,5.0,2.0,6.0,24,0,0,0,0,0,0,1,2,1,6,1024,0,0,24,0.0,0.0,0,0,0.0,0.0,0,0,portscan,portscan,1
80,22580406,5,0,30,0,6,6,6.0,0.0,0,0,0.0,0.0,1.3285855,0.221430917,5645101.5,11300000.0,22600000,1,22600000,5645101.5,11300000.0,22600000,1,0,0.0,0.0,0,0,0,0,0,0,100,0,0.221430917,0.0,6,6,6.0,0.0,0.0,0,0,0,0,1,0,0,0,0,7.2,6.0,0.0,100,0,0,0,0,0,0,5,30,0,0,256,-1,4,20,3002.0,0.0,3002,3002,22600000.0,0.0,22600000,22600000,ddos,ddos,1
53,77000,1,1,51,201,51,51,51.0,0.0,201,201,201.0,0.0,3272.7272727273,25.974025974,77000.0,0.0,77000,77000,0,0.0,0.0,0,0,0,0.0,0.0,0,0,0,0,0,0,20,20,12.987012987,12.987012987,51,201,101.0,86.6025403784,7500.0,0,0,0,0,0,0,0,0,1,151.5,51.0,201.0,20,0,0,0,0,0,0,1,51,1,201,-1,-1,0,20,0.0,0.0,0,0,0.0,0.0,0,0,benign,benign,0
123,66028244,2,2,96,96,48,48,48.0,0.0,48,48,48.0,0.0,2.907846527,0.060580136,22009414.6666667,38073703.8563603,65973141,26839,65999980,65999980.0,0.0,65999980,65999980,66001405,66001405.0,0.0,66001405,66001405,0,0,0,0,40,40,0.030290068,0.030290068,48,48,48.0,0.0,0.0,0,0,0,0,0,0,0,0,1,60.0,48.0,48.0,40,0,0,0,0,0,0,2,96,2,96,-1,-1,1,20,26839.0,0.0,26839,26839,65973141.0,0.0,65973141,65973141,benign,benign,0
33,45,1,1,2,6,2,2,2.0,0.0,6,6,6.0,0.0,177777.7778,44444.44444,45.0,0.0,45,45,0,0.0,0.0,0,0,0,0.0,0.0,0,0,0,0,0,0,24,20,22222.22222,22222.22222,2,6,3.333333333,2.309401077,5.333333333,0,0,0,1,0,0,0,0,1,5.0,2.0,6.0,24,0,0,0,0,0,0,1,2,1,6,1024,0,0,24,0.0,0.0,0,0,0.0,0.0,0,0,portscan,portscan,1
80,2821958,4,0,24,0,6,6,6.0,0.0,0,0,0.0,0.0,8.504733238,1.41745554,940652.6667,1628393.993,2820960,3,2821958,940652.6667,1628393.993,2820960,3,0,0.0,0.0,0,0,0,0,0,0,80,0,1.41745554,0.0,6,6,6.0,0.0,0.0,0,0,0,0,1,0,0,0,0,7.5,6.0,0.0,80,0,0,0,0,0,0,4,24,0,0,256,-1,3,20,0.0,0.0,0,0,0.0,0.0,0,0,ddos,ddos,1
80,867750,3,6,26,11607,20,0,8.666666667,10.26320288,4380,0,1934.5,2177.344966,13405.93489,10.37165082,108468.75,306457.4233,866912,2,682,341.0,412.9503602,633,49,867747,173549.4,387601.6039,866912,2,0,0,0,0,72,132,3.45721694,6.914433881,0,4380,1163.3,1903.962654,3625073.789,0,0,0,1,0,0,0,0,2,1292.555556,8.666666667,1934.5,72,0,0,0,0,0,0,3,26,6,11607,8192,229,2,20,0.0,0.0,0,0,0.0,0.0,0,0,ddos,ddos,1
123,66016372,2,2,96,96,48,48,48.0,0.0,48,48,48.0,0.0,2.9083694572,0.0605910304,22005457.3333333,38086204.3490527,65983618,16356,65999974,65999974.0,0.0,65999974,65999974,66000016,66000016.0,0.0,66000016,66000016,0,0,0,0,40,40,0.0302955152,0.0302955152,48,48,48.0,0.0,0.0,0,0,0,0,0,0,0,0,1,60.0,48.0,48.0,40,0,0,0,0,0,0,2,96,2,96,-1,-1,1,20,16356.0,0.0,16356,16356,65983618.0,0.0,65983618,65983618,benign,benign,0
443,333173,10,8,559,3973,202,0,55.9,73.0257945295,1430,0,496.625,621.4345012032,13602.5428230979,54.0259864995,19598.4117647059,37097.8993139417,148438,1,333173,37019.2222222222,45347.1316479272,148438,3,127181,18168.7142857143,31049.0706340479,74922,1,0,0,0,0,212,172,30.0144369442,24.0115495553,0,1430,238.5263157895,451.8233883599,204144.374269006,0,0,0,1,0,0,0,0,0,251.7777777778,55.9,496.625,212,0,0,0,0,0,0,10,559,8,3973,8192,343,9,20,0.0,0.0,0,0,0.0,0.0,0,0,benign,benign,0
443,11572942,5,4,580,164,517,0,116.0,225.1010884025,152,0,41.0,74.0540343263,64.2878880755,0.7776760654,1446617.75,4045187.34842969,11457789,4,11572942,2893235.5,5753266.64783469,11523118,237,90630,30210.0,33103.8395960348,65600,4,0,0,0,0,112,92,0.4320422586,0.3456338069,0,517,74.4,162.5438060613,26420.4888888889,0,0,0,1,0,0,0,0,0,82.6666666667,116.0,41.0,112,0,0,0,0,0,0,5,580,4,164,8192,946,4,20,0.0,0.0,0,0,0.0,0.0,0,0,benign,benign,0
443,67432519,29,39,2883,33176,437,0,99.4137931034,160.4717414468,3237,0,850.6666666667,913.3153410957,534.7419988863,1.0084155391,1006455.50746269,2878255.65712133,10009554,1,63534166,2269077.35714286,4210571.65574877,10218796,1,67211771,1768730.81578947,3755968.79208376,10227419,3,0,0,0,0,640,864,0.4300595681,0.578355971,0,3237,522.5942028986,786.6780737574,618862.391730605,0,0,0,1,0,0,0,0,1,530.2794117647,99.4137931034,850.6666666667,640,0,0,0,0,0,0,29,2883,39,33176,8192,182,24,20,586725.833333333,903401.304180023,2430786,217762,10002301.8333333,3555.9816881793,10009554,10000608,benign,benign,0
80,1939968,5,0,30,0,6,6,6.0,0.0,0,0,0.0,0.0,15.4641726,2.577362101,484992.0,966649.4972,1934964,4,1939968,484992.0,966649.4972,1934964,4,0,0.0,0.0,0,0,0,0,0,0,100,0,2.577362101,0.0,6,6,6.0,0.0,0.0,0,0,0,0,1,0,0,0,0,7.2,6.0,0.0,100,0,0,0,0,0,0,5,30,0,0,256,-1,4,20,0.0,0.0,0,0,0.0,0.0,0,0,ddos,ddos,1
123,350,2,2,96,96,48,48,48.0,0.0,48,48,48.0,0.0,548571.428571429,11428.5714285714,116.6666666667,158.5728013669,298,4,4,4.0,0.0,4,4,48,48.0,0.0,48,48,0,0,0,0,40,40,5714.2857142857,5714.2857142857,48,48,48.0,0.0,0.0,0,0,0,0,0,0,0,0,1,60.0,48.0,48.0,40,0,0,0,0,0,0,2,96,2,96,-1,-1,1,20,0.0,0.0,0,0,0.0,0.0,0,0,benign,benign,0
443,186583,7,7,834,7258,491,0,119.1428571429,181.3380163961,2932,0,1036.8571428572,1087.1103023722,43369.4388020345,75.0336311454,14352.5384615385,16848.6059147109,41114,1,145468,24244.6666666667,22740.7107775168,58554,247,153973,25662.1666666667,29642.5487461296,66652,1,0,0,0,0,152,148,37.5168155727,37.5168155727,0,2932,539.4666666667,867.9887973822,753404.552380952,0,0,0,1,0,0,0,0,1,578.0,119.1428571429,1036.8571428572,152,0,0,0,0,0,0,7,834,7,7258,8192,31088,6,20,0.0,0.0,0,0,0.0,0.0,0,0,benign,benign,0
53,439442,1,1,46,74,46,46,46.0,0.0,74,74,74.0,0.0,273.073579676,4.5512263279,439442.0,0.0,439442,439442,0,0.0,0.0,0,0,0,0.0,0.0,0,0,0,0,0,0,32,32,2.275613164,2.275613164,46,74,55.3333333333,16.1658075373,261.3333333333,0,0,0,0,0,0,0,0,1,83.0,46.0,74.0,32,0,0,0,0,0,0,1,46,1,74,-1,-1,0,32,0.0,0.0,0,0,0.0,0.0,0,0,benign,benign,0
22,97,1,1,0,0,0,0,0.0,0.0,0,0,0.0,0.0,0.0,20618.5567010309,97.0,0.0,97,97,0,0.0,0.0,0,0,0,0.0,0.0,0,0,0,0,0,0,32,32,10309.2783505155,10309.2783505155,0,0,0.0,0.0,0.0,0,0,0,0,1,1,0,0,1,0.0,0.0,0.0,32,0,0,0,0,0,0,1,0,1,0,290,243,0,32,0.0,0.0,0,0,0.0,0.0,0,0,benign,benign,0
80,47489,3,5,26,11601,20,0,8.666666667,10.26320288,5840,0,2320.2,2436.833027,244835.6461,168.4600644,6784.142857,12895.684,33958,6,13019,6509.5,9197.337903,13013,6,47388,11847.0,15942.07726,33958,179,0,0,0,0,72,112,63.17252416,105.2875403,0,5840,1291.888889,2110.95076,4456113.111,0,0,0,1,0,0,0,0,1,1453.375,8.666666667,2320.2,72,0,0,0,0,0,0,3,26,5,11601,8192,229,2,20,0.0,0.0,0,0,0.0,0.0,0,0,ddos,ddos,1
53,66199,1,1,45,137,45,45,45.0,0.0,137,137,137.0,0.0,2749.2862429946,30.2119367362,66199.0,0.0,66199,66199,0,0.0,0.0,0,0,0,0.0,0.0,0,0,0,0,0,0,32,20,15.1059683681,15.1059683681,45,137,75.6666666667,53.1162247654,2821.3333333333,0,0,0,0,0,0,0,0,1,113.5,45.0,137.0,32,0,0,0,0,0,0,1,45,1,137,-1,-1,0,32,0.0,0.0,0,0,0.0,0.0,0,0,benign,benign,0
53,60328,1,1,50,130,50,50,50.0,0.0,130,130,130.0,0.0,2983.6891658931,33.1521018433,60328.0,0.0,60328,60328,0,0.0,0.0,0,0,0,0.0,0.0,0,0,0,0,0,0,32,20,16.5760509216,16.5760509216,50,130,76.6666666667,46.1880215352,2133.3333333333,0,0,0,0,0,0,0,0,1,115.0,50.0,130.0,32,0,0,0,0,0,0,1,50,1,130,-1,-1,0,32,0.0,0.0,0,0,0.0,0.0,0,0,benign,benign,0
443,66,1,2,6,37,6,6,6.0,0.0,31,6,18.5,17.6776695297,651515.151515152,45454.5454545455,33.0,45.2548339959,65,1,0,0.0,0.0,0,0,1,1.0,0.0,1,1,0,0,0,0,20,40,15151.5151515152,30303.0303030303,6,31,12.25,12.5,156.25,1,0,0,0,1,0,0,0,2,16.3333333333,6.0,18.5,20,0,0,0,0,0,0,1,6,2,37,0,110,0,20,0.0,0.0,0,0,0.0,0.0,0,0,benign,benign,0
80,1474830,3,4,26,11607,20,0,8.666666667,10.26320288,11595,0,2901.75,5795.50069,7887.688751,4.746309744,245805.0,601626.5811,1473870,4,860,430.0,582.6559877,842,18,1474694,491564.6667,850701.4708,1473870,4,0,0,0,0,72,92,2.034132748,2.712176997,0,11595,1454.125,4097.537534,16800000.0,0,0,0,1,0,0,0,0,1,1661.857143,8.666666667,2901.75,72,0,0,0,0,0,0,3,26,4,11607,8192,229,2,20,0.0,0.0,0,0,0.0,0.0,0,0,ddos,ddos,1
18101,42,1,1,2,6,2,2,2.0,0.0,6,6,6.0,0.0,190476.1905,47619.04762,42.0,0.0,42,42,0,0.0,0.0,0,0,0,0.0,0.0,0,0,0,0,0,0,24,20,23809.52381,23809.52381,2,6,3.333333333,2.309401077,5.333333333,0,0,0,1,0,0,0,0,1,5.0,2.0,6.0,24,0,0,0,0,0,0,1,2,1,6,1024,0,0,24,0.0,0.0,0,0,0.0,0.0,0,0,portscan,portscan,1
80,773987,3,4,26,11601,20,0,8.666666667,10.26320288,8760,0,2900.25,4128.319301,15022.21614,9.044079552,128997.8333,310472.0508,762684,6,11018,5509.0,7782.417234,11012,6,773938,257979.3333,437120.9644,762684,183,0,0,0,0,72,92,3.876034094,5.168045458,0,8760,1453.375,3113.952607,9696700.839,0,0,0,1,0,0,0,0,1,1661.0,8.666666667,2900.25,72,0,0,0,0,0,0,3,26,4,11601,8192,229,2,20,0.0,0.0,0,0,0.0,0.0,0,0,ddos,ddos,1
1666,16,1,1,2,6,2,2,2.0,0.0,6,6,6.0,0.0,500000.0,125000.0,16.0,0.0,16,16,0,0.0,0.0,0,0,0,0.0,0.0,0,0,0,0,0,0,24,20,62500.0,62500.0,2,6,3.333333333,2.309401077,5.333333333,0,0,0,1,0,0,0,0,1,5.0,2.0,6.0,24,0,0,0,0,0,0,1,2,1,6,1024,0,0,24,0.0,0.0,0,0,0.0,0.0,0,0,portscan,portscan,1
53,70839,1,1,51,118,51,51,51.0,0.0,118,118,118.0,0.0,2385.6914976214,28.2330354748,70839.0,0.0,70839,70839,0,0.0,0.0,0,0,0,0.0,0.0,0,0,0,0,0,0,20,20,14.1165177374,14.1165177374,51,118,73.3333333333,38.6824680357,1496.3333333333,0,0,0,0,0,0,0,0,1,110.0,51.0,118.0,20,0,0,0,0,0,0,1,51,1,118,-1,-1,0,20,0.0,0.0,0,0,0.0,0.0,0,0,benign,benign,0
1500,43,1,1,2,6,2,2,2.0,0.0,6,6,6.0,0.0,186046.5116,46511.62791,43.0,0.0,43,43,0,0.0,0.0,0,0,0,0.0,0.0,0,0,0,0,0,0,24,20,23255.81395,23255.81395,2,6,3.333333333,2.309401077,5.333333333,0,0,0,1,0,0,0,0,1,5.0,2.0,6.0,24,0,0,0,0,0,0,1,2,1,6,1024,0,0,24,0.0,0.0,0,0,0.0,0.0,0,0,portscan,portscan,1
80,68479,3,5,434,2279,428,0,144.6666666667,245.3922030818,1460,0,455.8,660.3318862511,39617.9850757166,116.8241358665,9782.7142857143,16312.4039482667,34766,1,32689,16344.5,22964.7069325955,32583,106,35970,8992.5,17308.1268869087,34946,1,0,0,0,0,72,112,43.8090509499,73.0150849165,0,1460,301.4444444444,518.2087202834,268540.277777778,0,0,0,1,0,0,0,0,1,339.125,144.6666666667,455.8,72,0,0,0,0,0,0,3,434,5,2279,8192,237,2,20,0.0,0.0,0,0,0.0,0.0,0,0,benign,benign,0
443,101465,9,10,552,4131,193,0,61.3333333333,77.5387000149,1410,0,413.1,583.5027277857,46153.8461538462,187.2566894988,5636.9444444445,8525.2104232938,22812,1,95203,11900.375,10190.6782185275,23867,1,79563,8840.3333333333,15616.6317271043,45243,3,0,0,0,0,192,212,88.700537131,98.5561523678,0,1410,234.15,444.6302159631,197696.028947368,0,0,0,1,0,0,0,0,1,246.4736842105,61.3333333333,413.1,192,0,0,0,0,0,0,9,552,10,4131,8192,119,8,20,0.0,0.0,0,0,0.0,0.0,0,0,benign,benign,0
80,781503,3,4,26,11607,20,0,8.666666667,10.26320288,11595,0,2901.75,5795.50069,14885.41951,8.957099333,130250.5,318543.7506,780475,7,947,473.5,395.2726907,753,194,781450,260483.3333,450326.2494,780475,7,0,0,0,0,72,92,3.838756857,5.118342476,0,11595,1454.125,4097.537534,16800000.0,0,0,0,1,0,0,0,0,1,1661.857143,8.666666667,2901.75,72,0,0,0,0,0,0,3,26,4,11607,8192,229,2,20,0.0,0.0,0,0,0.0,0.0,0,0,ddos,ddos,1
80,5025861,5,0,30,0,6,6,6.0,0.0,0,0,0.0,0.0,5.969126484,0.994854414,1256465.25,2512261.836,5024858,235,5025861,1256465.25,2512261.836,5024858,235,0,0.0,0.0,0,0,0,0,0,0,100,0,0.994854414,0.0,6,6,6.0,0.0,0.0,0,0,0,0,1,0,0,0,0,7.2,6.0,0.0,100,0,0,0,0,0,0,5,30,0,0,256,-1,4,20,1003.0,0.0,1003,1003,5024858.0,0.0,5024858,5024858,ddos,ddos,1
2033,17,1,1,2,6,2,2,2.0,0.0,6,6,6.0,0.0,470588.2353,117647.0588,17.0,0.0,17,17,0,0.0,0.0,0,0,0,0.0,0.0,0,0,0,0,0,0,24,20,58823.52941,58823.52941,2,6,3.333333333,2.309401077,5.333333333,0,0,0,1,0,0,0,0,1,5.0,2.0,6.0,24,0,0,0,0,0,0,1,2,1,6,1024,0,0,24,0.0,0.0,0,0,0.0,0.0,0,0,portscan,portscan,1
8994,69,1,1,2,6,2,2,2.0,0.0,6,6,6.0,0.0,115942.029,28985.50725,69.0,0.0,69,69,0,0.0,0.0,0,0,0,0.0,0.0,0,0,0,0,0,0,24,20,14492.75362,14492.75362,2,6,3.333333333,2.309401077,5.333333333,0,0,0,1,0,0,0,0,1,5.0,2.0,6.0,24,0,0,0,0,0,0,1,2,1,6,1024,0,0,24,0.0,0.0,0,0,0.0,0.0,0,0,portscan,portscan,1
123,66055902,2,2,96,96,48,48,48.0,0.0,48,48,48.0,0.0,2.9066289943,0.0605547707,22018634.0,38037872.6260464,65940986,57378,65998524,65998524.0,0.0,65998524,65998524,65998364,65998364.0,0.0,65998364,65998364,0,0,0,0,40,40,0.0302773854,0.0302773854,48,48,48.0,0.0,0.0,0,0,0,0,0,0,0,0,1,60.0,48.0,48.0,40,0,0,0,0,0,0,2,96,2,96,-1,-1,1,20,57538.0,0.0,57538,57538,65940986.0,0.0,65940986,65940986,benign,benign,0
53,44942,1,1,56,93,56,56,56.0,0.0,93,93,93.0,0.0,3315.3842730631,44.501802323,44942.0,0.0,44942,44942,0,0.0,0.0,0,0,0,0.0,0.0,0,0,0,0,0,0,40,32,22.2509011615,22.2509011615,56,93,68.3333333333,21.36195996,456.3333333333,0,0,0,0,0,0,0,0,1,102.5,56.0,93.0,40,0,0,0,0,0,0,1,56,1,93,-1,-1,0,40,0.0,0.0,0,0,0.0,0.0,0,0,benign,benign,0
3301,44,1,1,2,6,2,2,2.0,0.0,6,6,6.0,0.0,181818.1818,45454.54545,44.0,0.0,44,44,0,0.0,0.0,0,0,0,0.0,0.0,0,0,0,0,0,0,24,20,22727.27273,22727.27273,2,6,3.333333333,2.309401077,5.333333333,0,0,0,1,0,0,0,0,1,5.0,2.0,6.0,24,0,0,0,0,0,0,1,2,1,6,1024,0,0,24,0.0,0.0,0,0,0.0,0.0,0,0,portscan,portscan,1
80,11360701,5,0,30,0,6,6,6.0,0.0,0,0,0.0,0.0,2.64068212,0.440113687,2840175.25,5679579.851,11400000,3,11400000,2840175.25,5679579.851,11400000,3,0,0.0,0.0,0,0,0,0,0,0,100,0,0.440113687,0.0,6,6,6.0,0.0,0.0,0,0,0,0,1,0,0,0,0,7.2,6.0,0.0,100,0,0,0,0,0,0,5,30,0,0,256,-1,4,20,1156.0,0.0,1156,1156,11400000.0,0.0,11400000,11400000,ddos,ddos,1
443,83708,5,6,1432,520,858,0,286.4,385.9939118691,325,0,86.6666666667,130.1501696759,23319.1570698141,131.4091843074,8370.8,11274.8480728862,24687,3,59288,14822.0,12601.6090242477,26333,535,59404,11880.8,16359.7646590652,33652,3,0,0,0,0,112,132,59.7314474124,71.6777368949,0,858,162.6666666667,272.751413073,74393.3333333333,0,0,0,1,0,0,0,0,1,177.4545454545,286.4,86.6666666667,112,0,0,0,0,0,0,5,1432,6,520,8192,63,4,20,0.0,0.0,0,0,0.0,0.0,0,0,benign,benign,0
443,5907072,2,0,12,0,6,6,6.0,0.0,0,0,0.0,0.0,2.0314633036,0.3385772173,5907072.0,0.0,5907072,5907072,5907072,5907072.0,0.0,5907072,5907072,0,0.0,0.0,0,0,0,0,0,0,40,0,0.3385772173,0.0,6,6,6.0,0.0,0.0,0,0,0,0,1,0,0,0,0,9.0,6.0,0.0,40,0,0,0,0,0,0,2,12,0,0,253,-1,1,20,0.0,0.0,0,0,0.0,0.0,0,0,benign,benign,0
443,5721533,9,6,704,5469,517,0,78.2222222222,169.2769755296,2285,0,911.5,955.618281533,1078.9066496689,2.6216749951,408680.928571429,1314777.93749652,4965577,3,5721533,715191.625,1722049.17201148,4965577,3,448786,89757.2,122087.111613798,226183,49,0,0,0,0,192,132,1.5730049971,1.0486699981,0,2285,385.8125,704.9212928878,496914.029166667,0,0,0,1,0,0,0,0,0,411.5333333333,78.2222222222,911.5,192,0,0,0,0,0,0,9,704,6,5469,8192,123,8,20,0.0,0.0,0,0,0.0,0.0,0,0,benign,benign,0
15660,16,1,1,2,6,2,2,2.0,0.0,6,6,6.0,0.0,500000.0,125000.0,16.0,0.0,16,16,0,0.0,0.0,0,0,0,0.0,0.0,0,0,0,0,0,0,24,20,62500.0,62500.0,2,6,3.333333333,2.309401077,5.333333333,0,0,0,1,0,0,0,0,1,5.0,2.0,6.0,24,0,0,0,0,0,0,1,2,1,6,1024,0,0,24,0.0,0.0,0,0,0.0,0.0,0,0,portscan,portscan,1
80,691838,3,5,26,11607,20,0,8.666666667,10.26320288,10135,0,2321.4,4413.201989,16814.63001,11.56340068,98834.0,260948.4358,690609,4,959,479.5,672.4585489,955,4,691775,172943.75,345110.417,690609,4,0,0,0,0,72,112,4.336275255,7.227125425,0,10135,1292.555556,3350.634907,11200000.0,0,0,0,1,0,0,0,0,1,1454.125,8.666666667,2321.4,72,0,0,0,0,0,0,3,26,5,11607,8192,229,2,20,0.0,0.0,0,0,0.0,0.0,0,0,ddos,ddos,1
443,5487407,8,5,379,3298,198,0,47.375,73.9013580003,1590,0,659.6,797.3297937491,670.0796933779,2.3690606511,457283.916666667,1533687.64503191,5327034,2,5487407,783915.285714286,2003550.48535691,5327034,48,76102,19025.5,21860.0806723123,39245,2,0,0,0,0,172,112,1.4578834776,0.9111771735,0,1590,262.6428571429,541.2767821966,292980.554945055,0,0,0,1,0,0,0,0,0,282.8461538462,47.375,659.6,172,0,0,0,0,0,0,8,379,5,3298,8192,123,7,20,160325.0,0.0,160325,160325,5327034.0,0.0,5327034,5327034,benign,benign,0
110,15,1,1,2,6,2,2,2.0,0.0,6,6,6.0,0.0,533333.3333,133333.3333,15.0,0.0,15,15,0,0.0,0.0,0,0,0,0.0,0.0,0,0,0,0,0,0,24,20,66666.66667,66666.66667,2,6,3.333333333,2.309401077,5.333333333,0,0,0,1,0,0,0,0,1,5.0,2.0,6.0,24,0,0,0,0,0,0,1,2,1,6,1024,0,0,24,0.0,0.0,0,0,0.0,0.0,0,0,portscan,portscan,1
80,30935,2,6,20,11601,20,0,10.0,14.14213562,5840,0,1933.5,2189.772933,375658.6391,258.6067561,4419.285714,11248.92717,29927,48,30008,30008.0,0.0,30008,30008,30854,6170.8,13359.63992,30067,48,0,0,0,0,52,132,64.65168903,193.9550671,0,5840,1291.222222,1981.198108,3925145.944,0,0,0,1,0,0,0,0,3,1452.625,10.0,1933.5,52,0,0,0,0,0,0,2,20,6,11601,8192,229,1,20,0.0,0.0,0,0,0.0,0.0,0,0,ddos,ddos,1
593,97,1,1,2,6,2,2,2.0,0.0,6,6,6.0,0.0,82474.2268,20618.5567,97.0,0.0,97,97,0,0.0,0.0,0,0,0,0.0,0.0,0,0,0,0,0,0,24,20,10309.27835,10309.27835,2,6,3.333333333,2.309401077,5.333333333,0,0,0,1,0,0,0,0,1,5.0,2.0,6.0,24,0,0,0,0,0,0,1,2,1,6,1024,0,0,24,0.0,0.0,0,0,0.0,0.0,0,0,portscan,portscan,1
80,867954,3,5,26,11607,20,0,8.666666667,10.26320288,10135,0,2321.4,4413.201989,13402.78402,9.217078324,123993.4286,327643.5293,867019,4,687,343.5,340.1183618,584,103,867905,216976.25,433361.9288,867019,4,0,0,0,0,72,112,3.456404372,5.760673953,0,10135,1292.555556,3350.634907,11200000.0,0,0,0,1,0,0,0,0,1,1454.125,8.666666667,2321.4,72,0,0,0,0,0,0,3,26,5,11607,8192,229,2,20,0.0,0.0,0,0,0.0,0.0,0,0,ddos,ddos,1
443,62485529,13,14,1317,1249,517,0,101.3076923077,170.8724595595,456,0,89.2142857143,145.5071653385,41.0655081435,0.4321000467,2403289.57692308,11439459.5062188,58377939,1,62485529,5207127.41666667,16802320.979331,58454776,74,62397745,4799826.53846154,16142097.3814886,58415048,1,0,0,0,0,272,292,0.2080481706,0.2240518761,0,517,91.6428571429,153.3942425608,23529.7936507937,0,0,0,1,0,0,0,0,1,95.037037037,101.3076923077,89.2142857143,272,0,0,0,0,0,0,13,1317,14,1249,8192,360,12,20,4019853.0,0.0,4019853,4019853,58377939.0,0.0,58377939,58377939,benign,benign,0
80,779623,3,5,26,11607,20,0,8.666666667,10.26320288,10220,0,2321.4,4455.182578,14921.31453,10.26136992,111374.7143,294161.9653,778471,2,932,466.0,569.9280656,869,63,779608,194902.0,389046.2357,778471,2,0,0,0,0,72,112,3.848013719,6.413356199,0,10220,1292.555556,3378.299021,11400000.0,0,0,0,1,0,0,0,0,1,1454.125,8.666666667,2321.4,72,0,0,0,0,0,0,3,26,5,11607,8192,229,2,20,0.0,0.0,0,0,0.0,0.0,0,0,ddos,ddos,1
80,3019647,5,0,30,0,6,6,6.0,0.0,0,0,0.0,0.0,9.934936103,1.655822684,754911.75,1508487.126,3017642,3,3019647,754911.75,1508487.126,3017642,3,0,0.0,0.0,0,0,0,0,0,0,100,0,1.655822684,0.0,6,6,6.0,0.0,0.0,0,0,0,0,1,0,0,0,0,7.2,6.0,0.0,100,0,0,0,0,0,0,5,30,0,0,256,-1,4,20,0.0,0.0,0,0,0.0,0.0,0,0,ddos,ddos,1
53,83595,1,1,45,116,45,45,45.0,0.0,116,116,116.0,0.0,1925.9525091214,23.9248758897,83595.0,0.0,83595,83595,0,0.0,0.0,0,0,0,0.0,0.0,0,0,0,0,0,0,20,32,11.9624379449,11.9624379449,45,116,68.6666666667,40.9918691125,1680.3333333333,0,0,0,0,0,0,0,0,1,103.0,45.0,116.0,20,0,0,0,0,0,0,1,45,1,116,-1,-1,0,20,0.0,0.0,0,0,0.0,0.0,0,0,benign,benign,0
80,1878301,3,6,26,11607,20,0,8.666666667,10.26320288,4380,0,1934.5,2177.344966,6193.363045,4.791564291,234787.625,663729.8139,1877435,3,748,374.0,503.4600282,730,18,1878283,375656.6,839519.7116,1877435,3,0,0,0,0,72,132,1.597188097,3.194376194,0,4380,1163.3,1903.962654,3625073.789,0,0,0,1,0,0,0,0,2,1292.555556,8.666666667,1934.5,72,0,0,0,0,0,0,3,26,6,11607,8192,229,2,20,0.0,0.0,0,0,0.0,0.0,0,0,ddos,ddos,1
80,7044804,4,0,24,0,6,6,6.0,0.0,0,0,0.0,0.0,3.406766178,0.567794363,2348268.0,4066461.284,7043813,4,7044804,2348268.0,4066461.284,7043813,4,0,0.0,0.0,0,0,0,0,0,0,80,0,0.567794363,0.0,6,6,6.0,0.0,0.0,0,0,0,0,1,0,0,0,0,7.5,6.0,0.0,80,0,0,0,0,0,0,4,24,0,0,256,-1,3,20,991.0,0.0,991,991,7043813.0,0.0,7043813,7043813,ddos,ddos,1
212,54,1,1,2,6,2,2,2.0,0.0,6,6,6.0,0.0,148148.1481,37037.03704,54.0,0.0,54,54,0,0.0,0.0,0,0,0,0.0,0.0,0,0,0,0,0,0,24,20,18518.51852,18518.51852,2,6,3.333333333,2.309401077,5.333333333,0,0,0,1,0,0,0,0,1,5.0,2.0,6.0,24,0,0,0,0,0,0,1,2,1,6,1024,0,0,24,0.0,0.0,0,0,0.0,0.0,0,0,portscan,portscan,1
80,7057905,4,0,24,0,6,6,6.0,0.0,0,0,0.0,0.0,3.400442483,0.566740414,2352635.0,4074017.357,7056905,3,7057905,2352635.0,4074017.357,7056905,3,0,0.0,0.0,0,0,0,0,0,0,80,0,0.566740414,0.0,6,6,6.0,0.0,0.0,0,0,0,0,1,0,0,0,0,7.5,6.0,0.0,80,0,0,0,0,0,0,4,24,0,0,256,-1,3,20,1000.0,0.0,1000,1000,7056905.0,0.0,7056905,7056905,ddos,ddos,1
50000,50,1,1,2,6,2,2,2.0,0.0,6,6,6.0,0.0,160000.0,40000.0,50.0,0.0,50,50,0,0.0,0.0,0,0,0,0.0,0.0,0,0,0,0,0,0,24,20,20000.0,20000.0,2,6,3.333333333,2.309401077,5.333333333,0,0,0,1,0,0,0,0,1,5.0,2.0,6.0,24,0,0,0,0,0,0,1,2,1,6,1024,0,0,24,0.0,0.0,0,0,0.0,0.0,0,0,portscan,portscan,1
80,1084021,4,0,24,0,6,6,6.0,0.0,0,0,0.0,0.0,22.13979249,3.689965416,361340.3333,624985.3313,1083011,4,1084021,361340.3333,624985.3313,1083011,4,0,0.0,0.0,0,0,0,0,0,0,80,0,3.689965416,0.0,6,6,6.0,0.0,0.0,0,0,0,0,1,0,0,0,0,7.5,6.0,0.0,80,0,0,0,0,0,0,4,24,0,0,256,-1,3,20,0.0,0.0,0,0,0.0,0.0,0,0,ddos,ddos,1
62468,4,2,0,12,0,6,6,6.0,0.0,0,0,0.0,0.0,3000000.0,500000.0,4.0,0.0,4,4,4,4.0,0.0,4,4,0,0.0,0.0,0,0,0,0,0,0,40,0,500000.0,0.0,6,6,6.0,0.0,0.0,0,0,0,0,1,0,0,0,0,9.0,6.0,0.0,40,0,0,0,0,0,0,2,12,0,0,4969,-1,1,20,0.0,0.0,0,0,0.0,0.0,0,0,benign,benign,0
9200,17,1,1,2,6,2,2,2.0,0.0,6,6,6.0,0.0,470588.2353,117647.0588,17.0,0.0,17,17,0,0.0,0.0,0,0,0,0.0,0.0,0,0,0,0,0,0,24,20,58823.52941,58823.52941,2,6,3.333333333,2.309401077,5.333333333,0,0,0,1,0,0,0,0,1,5.0,2.0,6.0,24,0,0,0,0,0,0,1,2,1,6,1024,0,0,24,0.0,0.0,0,0,0.0,0.0,0,0,portscan,portscan,1
6156,44,1,1,2,6,2,2,2.0,0.0,6,6,6.0,0.0,181818.1818,45454.54545,44.0,0.0,44,44,0,0.0,0.0,0,0,0,0.0,0.0,0,0,0,0,0,0,24,20,22727.27273,22727.27273,2,6,3.333333333,2.309401077,5.333333333,0,0,0,1,0,0,0,0,1,5.0,2.0,6.0,24,0,0,0,0,0,0,1,2,1,6,1024,0,0,24,0.0,0.0,0,0,0.0,0.0,0,0,portscan,portscan,1
443,59739968,14,14,2256,3535,1946,0,161.1428571429,516.8774378073,1517,0,252.5,536.8792659005,96.9367777365,0.4686979411,2212591.40740741,4095842.88407523,10026842,4,51537010,3964385.38461538,5014551.08800069,10079773,220,59685819,4591216.84615385,5166804.03223069,11059735,4,0,0,0,0,456,456,0.2343489705,0.2343489705,0,1946,199.6896551724,511.2989133743,261426.578817734,0,0,0,1,0,0,0,0,1,206.8214285714,161.1428571429,252.5,456,0,0,0,0,0,0,14,2256,14,3535,29200,133,3,32,257411.5,399715.177230362,1050589,50625,9699249.16666667,758338.574230117,10026842,8152157,benign,benign,0
6881,31,1,1,2,6,2,2,2.0,0.0,6,6,6.0,0.0,258064.5161,64516.12903,31.0,0.0,31,31,0,0.0,0.0,0,0,0,0.0,0.0,0,0,0,0,0,0,24,20,32258.06452,32258.06452,2,6,3.333333333,2.309401077,5.333333333,0,0,0,1,0,0,0,0,1,5.0,2.0,6.0,24,0,0,0,0,0,0,1,2,1,6,1024,0,0,24,0.0,0.0,0,0,0.0,0.0,0,0,portscan,portscan,1
80,9600750,5,0,30,0,6,6,6.0,0.0,0,0,0.0,0.0,3.124755878,0.520792646,2400187.5,4797041.302,9595749,4,9600750,2400187.5,4797041.302,9595749,4,0,0.0,0.0,0,0,0,0,0,0,100,0,0.520792646,0.0,6,6,6.0,0.0,0.0,0,0,0,0,1,0,0,0,0,7.2,6.0,0.0,100,0,0,0,0,0,0,5,30,0,0,256,-1,4,20,5001.0,0.0,5001,5001,9595749.0,0.0,9595749,9595749,ddos,ddos,1
53,260362,1,1,45,190,45,45,45.0,0.0,190,190,190.0,0.0,902.5894715819,7.6816125241,260362.0,0.0,260362,260362,0,0.0,0.0,0,0,0,0.0,0.0,0,0,0,0,0,0,20,20,3.8408062621,3.8408062621,45,190,93.3333333333,83.7157890325,7008.3333333333,0,0,0,0,0,0,0,0,1,140.0,45.0,190.0,20,0,0,0,0,0,0,1,45,1,190,-1,-1,0,20,0.0,0.0,0,0,0.0,0.0,0,0,benign,benign,0
80,977415,3,6,26,11601,20,0,8.666666667,10.26320288,4380,0,1933.5,1757.789948,11895.66356,9.207961818,122176.875,341827.712,968127,17,8562,4281.0,5917.069545,8465,97,977350,195470.0,431943.6406,968127,17,0,0,0,0,72,132,3.069320606,6.138641212,0,4380,1162.7,1645.241762,2706820.456,0,0,0,1,0,0,0,0,2,1291.888889,8.666666667,1933.5,72,0,0,0,0,0,0,3,26,6,11601,8192,229,2,20,0.0,0.0,0,0,0.0,0.0,0,0,ddos,ddos,1
3370,6,1,1,2,6,2,2,2.0,0.0,6,6,6.0,0.0,1333333.333,333333.3333,6.0,0.0,6,6,0,0.0,0.0,0,0,0,0.0,0.0,0,0,0,0,0,0,24,20,166666.6667,166666.6667,2,6,3.333333333,2.309401077,5.333333333,0,0,0,1,0,0,0,0,1,5.0,2.0,6.0,24,0,0,0,0,0,0,1,2,1,6,1024,0,0,24,0.0,0.0,0,0,0.0,0.0,0,0,portscan,portscan,1
53,30521,2,2,88,200,44,44,44.0,0.0,100,100,100.0,0.0,9436.1259460699,131.0573048065,10173.6666666667,17616.1114135139,30515,3,3,3.0,0.0,3,3,3,3.0,0.0,3,3,0,0,0,0,40,40,65.5286524033,65.5286524033,44,100,66.4,30.6724632203,940.8,0,0,0,0,0,0,0,0,1,83.0,44.0,100.0,40,0,0,0,0,0,0,2,88,2,200,-1,-1,1,20,0.0,0.0,0,0,0.0,0.0,0,0,benign,benign,0
80,7018330,4,0,24,0,6,6,6.0,0.0,0,0,0.0,0.0,3.419616917,0.569936153,2339443.333,4051286.47,7017466,335,7018330,2339443.333,4051286.47,7017466,335,0,0.0,0.0,0,0,0,0,0,0,80,0,0.569936153,0.0,6,6,6.0,0.0,0.0,0,0,0,0,1,0,0,0,0,7.5,6.0,0.0,80,0,0,0,0,0,0,4,24,0,0,256,-1,3,20,864.0,0.0,864,864,7017466.0,0.0,7017466,7017466,ddos,ddos,1
443,1131196,2,0,12,0,6,6,6.0,0.0,0,0,0.0,0.0,10.608241189,1.7680401982,1131196.0,0.0,1131196,1131196,1131196,1131196.0,0.0,1131196,1131196,0,0.0,0.0,0,0,0,0,0,0,40,0,1.7680401982,0.0,6,6,6.0,0.0,0.0,0,0,0,0,1,0,0,0,0,9.0,6.0,0.0,40,0,0,0,0,0,0,2,12,0,0,256,-1,1,20,0.0,0.0,0,0,0.0,0.0,0,0,benign,benign,0
443,493968,2,0,12,0,6,6,6.0,0.0,0,0,0.0,0.0,24.293071616,4.0488452693,493968.0,0.0,493968,493968,493968,493968.0,0.0,493968,493968,0,0.0,0.0,0,0,0,0,0,0,40,0,4.0488452693,0.0,6,6,6.0,0.0,0.0,0,0,0,0,1,0,0,0,0,9.0,6.0,0.0,40,0,0,0,0,0,0,2,12,0,0,254,-1,1,20,0.0,0.0,0,0,0.0,0.0,0,0,benign,benign,0
80,4066924,5,0,30,0,6,6,6.0,0.0,0,0,0.0,0.0,7.3765824,1.2294304,1016731.0,2032775.391,4065894,0,4066924,1016731.0,2032775.391,4065894,0,0,0.0,0.0,0,0,0,0,0,0,100,0,1.2294304,0.0,6,6,6.0,0.0,0.0,0,0,0,0,1,0,0,0,0,7.2,6.0,0.0,100,0,0,0,0,0,0,5,30,0,0,256,-1,4,20,0.0,0.0,0,0,0.0,0.0,0,0,ddos,ddos,1
80,186937,3,5,26,11607,20,0,8.666666667,10.26320288,10135,0,2321.4,4413.201989,62229.52118,42.79516629,26705.28571,70138.64739,185764,5,816,408.0,432.7493501,714,102,186891,46722.75,92695.01893,185764,5,0,0,0,0,72,112,16.04818736,26.74697893,0,10135,1292.555556,3350.634907,11200000.0,0,0,0,1,0,0,0,0,1,1454.125,8.666666667,2321.4,72,0,0,0,0,0,0,3,26,5,11607,8192,229,2,20,0.0,0.0,0,0,0.0,0.0,0,0,ddos,ddos,1
80,1110466,3,4,26,11601,20,0,8.666666667,10.26320288,8760,0,2900.25,4128.319301,10470.3791,6.303659905,185077.6667,450741.065,1105144,96,4268,2134.0,2770.444369,4093,175,1110343,370114.3333,636556.4804,1105144,958,0,0,0,0,72,92,2.701568531,3.602091374,0,8760,1453.375,3113.952607,9696700.839,0,0,0,1,0,0,0,0,1,1661.0,8.666666667,2900.25,72,0,0,0,0,0,0,3,26,4,11601,8192,229,2,20,0.0,0.0,0,0,0.0,0.0,0,0,ddos,ddos,1
2021,37,1,1,2,6,2,2,2.0,0.0,6,6,6.0,0.0,216216.2162,54054.05405,37.0,0.0,37,37,0,0.0,0.0,0,0,0,0.0,0.0,0,0,0,0,0,0,24,20,27027.02703,27027.02703,2,6,3.333333333,2.309401077,5.333333333,0,0,0,1,0,0,0,0,1,5.0,2.0,6.0,24,0,0,0,0,0,0,1,2,1,6,1024,0,0,24,0.0,0.0,0,0,0.0,0.0,0,0,portscan,portscan,1
3260,65,1,1,2,6,2,2,2.0,0.0,6,6,6.0,0.0,123076.9231,30769.23077,65.0,0.0,65,65,0,0.0,0.0,0,0,0,0.0,0.0,0,0,0,0,0,0,24,20,15384.61538,15384.61538,2,6,3.333333333,2.309401077,5.333333333,0,0,0,1,0,0,0,0,1,5.0,2.0,6.0,24,0,0,0,0,0,0,1,2,1,6,1024,0,0,24,0.0,0.0,0,0,0.0,0.0,0,0,portscan,portscan,1
1533,13,1,1,2,6,2,2,2.0,0.0,6,6,6.0,0.0,615384.6154,153846.1538,13.0,0.0,13,13,0,0.0,0.0,0,0,0,0.0,0.0,0,0,0,0,0,0,24,20,76923.07692,76923.07692,2,6,3.333333333,2.309401077,5.333333333,0,0,0,1,0,0,0,0,1,5.0,2.0,6.0,24,0,0,0,0,0,0,1,2,1,6,1024,0,0,24,0.0,0.0,0,0,0.0,0.0,0,0,portscan,portscan,1
80,50067,5,0,30,0,6,6,6.0,0.0,0,0,0.0,0.0,599.1970759,99.86617932,12516.75,23706.16435,48069,1,50067,12516.75,23706.16435,48069,1,0,0.0,0.0,0,0,0,0,0,0,100,0,99.86617932,0.0,6,6,6.0,0.0,0.0,0,0,0,0,1,0,0,0,0,7.2,6.0,0.0,100,0,0,0,0,0,0,5,30,0,0,256,-1,4,20,0.0,0.0,0,0,0.0,0.0,0,0,ddos,ddos,1
53,30619,1,1,53,92,53,53,53.0,0.0,92,92,92.0,0.0,4735.6216728175,65.3189196251,30619.0,0.0,30619,30619,0,0.0,0.0,0,0,0,0.0,0.0,0,0,0,0,0,0,20,20,32.6594598125,32.6594598125,53,92,66.0,22.5166604984,507.0,0,0,0,0,0,0,0,0,1,99.0,53.0,92.0,20,0,0,0,0,0,0,1,53,1,92,-1,-1,0,20,0.0,0.0,0,0,0.0,0.0,0,0,benign,benign,0
53,25002,1,1,38,54,38,38,38.0,0.0,54,54,54.0,0.0,3679.7056235501,79.993600512,25002.0,0.0,25002,25002,0,0.0,0.0,0,0,0,0.0,0.0,0,0,0,0,0,0,20,20,39.996800256,39.996800256,38,54,43.3333333333,9.237604307,85.3333333333,0,0,0,0,0,0,0,0,1,65.0,38.0,54.0,20,0,0,0,0,0,0,1,38,1,54,-1,-1,0,20,0.0,0.0,0,0,0.0,0.0,0,0,benign,benign,0
80,1419215,3,4,26,11607,20,0,8.666666667,10.26320288,11595,0,2901.75,5795.50069,8196.784842,4.932304126,236535.8333,578697.5137,1417797,46,1206,603.0,612.3544725,1036,170,1419107,473035.6667,818187.4613,1417797,166,0,0,0,0,72,92,2.113844625,2.8184595,0,11595,1454.125,4097.537534,16800000.0,0,0,0,1,0,0,0,0,1,1661.857143,8.666666667,2901.75,72,0,0,0,0,0,0,3,26,4,11607,8192,229,2,20,0.0,0.0,0,0,0.0,0.0,0,0,ddos,ddos,1
53,53834,1,1,51,213,51,51,51.0,0.0,213,213,213.0,0.0,4903.9640375971,37.1512427091,53834.0,0.0,53834,53834,0,0.0,0.0,0,0,0,0.0,0.0,0,0,0,0,0,0,20,32,18.5756213545,18.5756213545,51,213,105.0,93.5307436087,8748.0,0,0,0,0,0,0,0,0,1,157.5,51.0,213.0,20,0,0,0,0,0,0,1,51,1,213,-1,-1,0,20,0.0,0.0,0,0,0.0,0.0,0,0,benign,benign,0
8084,69,1,1,2,6,2,2,2.0,0.0,6,6,6.0,0.0,115942.029,28985.50725,69.0,0.0,69,69,0,0.0,0.0,0,0,0,0.0,0.0,0,0,0,0,0,0,24,20,14492.75362,14492.75362,2,6,3.333333333,2.309401077,5.333333333,0,0,0,1,0,0,0,0,1,5.0,2.0,6.0,24,0,0,0,0,0,0,1,2,1,6,1024,0,0,24,0.0,0.0,0,0,0.0,0.0,0,0,portscan,portscan,1
443,44946,2,0,12,0,6,6,6.0,0.0,0,0,0.0,0.0,266.987051128,44.4978418547,44946.0,0.0,44946,44946,44946,44946.0,0.0,44946,44946,0,0.0,0.0,0,0,0,0,0,0,40,0,44.4978418547,0.0,6,6,6.0,0.0,0.0,0,0,0,0,1,0,0,0,0,9.0,6.0,0.0,40,0,0,0,0,0,0,2,12,0,0,64209,-1,1,20,0.0,0.0,0,0,0.0,0.0,0,0,benign,benign,0
80,7019676,4,0,24,0,6,6,6.0,0.0,0,0,0.0,0.0,3.418961217,0.56982687,2339892.0,4052104.286,7018859,377,7019676,2339892.0,4052104.286,7018859,377,0,0.0,0.0,0,0,0,0,0,0,80,0,0.56982687,0.0,6,6,6.0,0.0,0.0,0,0,0,0,1,0,0,0,0,7.5,6.0,0.0,80,0,0,0,0,0,0,4,24,0,0,256,-1,3,20,817.0,0.0,817,817,7018859.0,0.0,7018859,7018859,ddos,ddos,1
80,575780,3,4,26,11601,20,0,8.666666667,10.26320288,8760,0,2900.25,4128.319301,20193.47668,12.15742124,95963.33333,222066.7618,548768,55,26768,13384.0,17961.92646,26085,683,575679,191893.0,309347.4167,548768,189,0,0,0,0,72,92,5.210323387,6.94709785,0,8760,1453.375,3113.952607,9696700.839,0,0,0,1,0,0,0,0,1,1661.0,8.666666667,2900.25,72,0,0,0,0,0,0,3,26,4,11601,8192,229,2,20,0.0,0.0,0,0,0.0,0.0,0,0,ddos,ddos,1
465,237,3,0,49,0,37,6,16.3333333333,17.8978583449,0,0,0.0,0.0,206751.054852321,12658.2278481013,118.5,99.7020561473,189,48,237,118.5,99.7020561473,189,48,0,0.0,0.0,0,0,0,0,0,0,60,0,12658.2278481013,0.0,6,37,13.75,15.5,240.25,0,0,0,0,1,0,0,0,0,18.3333333333,16.3333333333,0.0,60,0,0,0,0,0,0,3,49,0,0,257,-1,2,20,0.0,0.0,0,0,0.0,0.0,0,0,benign,benign,0
636,42,1,1,2,6,2,2,2.0,0.0,6,6,6.0,0.0,190476.1905,47619.04762,42.0,0.0,42,42,0,0.0,0.0,0,0,0,0.0,0.0,0,0,0,0,0,0,24,20,23809.52381,23809.52381,2,6,3.333333333,2.309401077,5.333333333,0,0,0,1,0,0,0,0,1,5.0,2.0,6.0,24,0,0,0,0,0,0,1,2,1,6,1024,0,0,24,0.0,0.0,0,0,0.0,0.0,0,0,portscan,portscan,1
2008,52,1,1,2,6,2,2,2.0,0.0,6,6,6.0,0.0,153846.1538,38461.53846,52.0,0.0,52,52,0,0.0,0.0,0,0,0,0.0,0.0,0,0,0,0,0,0,24,20,19230.76923,19230.76923,2,6,3.333333333,2.309401077,5.333333333,0,0,0,1,0,0,0,0,1,5.0,2.0,6.0,24,0,0,0,0,0,0,1,2,1,6,1024,0,0,24,0.0,0.0,0,0,0.0,0.0,0,0,portscan,portscan,1
1521,54,1,1,2,6,2,2,2.0,0.0,6,6,6.0,0.0,148148.1481,37037.03704,54.0,0.0,54,54,0,0.0,0.0,0,0,0,0.0,0.0,0,0,0,0,0,0,24,20,18518.51852,18518.51852,2,6,3.333333333,2.309401077,5.333333333,0,0,0,1,0,0,0,0,1,5.0,2.0,6.0,24,0,0,0,0,0,0,1,2,1,6,1024,0,0,24,0.0,0.0,0,0,0.0,0.0,0,0,portscan,portscan,1
80,10775683,5,0,30,0,6,6,6.0,0.0,0,0,0.0,0.0,2.784046264,0.464007711,2693920.75,5383185.474,10800000,3,10800000,2693920.75,5383185.474,10800000,3,0,0.0,0.0,0,0,0,0,0,0,100,0,0.464007711,0.0,6,6,6.0,0.0,0.0,0,0,0,0,1,0,0,0,0,7.2,6.0,0.0,100,0,0,0,0,0,0,5,30,0,0,256,-1,4,20,6985.0,0.0,6985,6985,10800000.0,0.0,10800000,10800000,ddos,ddos,1
80,1411034,3,5,26,11607,20,0,8.666666667,10.26320288,8675,0,2321.4,3769.536019,8244.308783,5.669601158,201576.2857,532888.1796,1410053,7,733,366.5,392.4442636,644,89,1410990,352747.5,704870.4107,1410053,7,0,0,0,0,72,112,2.126100434,3.543500724,0,8675,1292.555556,2931.429562,8593279.278,0,0,0,1,0,0,0,0,1,1454.125,8.666666667,2321.4,72,0,0,0,0,0,0,3,26,5,11607,8192,229,2,20,0.0,0.0,0,0,0.0,0.0,0,0,ddos,ddos,1
80,862075,3,6,26,11607,20,0,8.666666667,10.26320288,5840,0,1934.5,2538.919278,13494.18554,10.43992692,107759.375,304212.2532,860646,2,1089,544.5,594.676803,965,124,861941,172388.2,384748.0369,860646,2,0,0,0,0,72,132,3.47997564,6.95995128,0,5840,1163.3,2138.329153,4572451.567,0,0,0,1,0,0,0,0,2,1292.555556,8.666666667,1934.5,72,0,0,0,0,0,0,3,26,6,11607,8192,229,2,20,0.0,0.0,0,0,0.0,0.0,0,0,ddos,ddos,1
80,1829930,3,6,26,11607,20,0,8.666666667,10.26320288,4380,0,1934.5,2177.344966,6357.073768,4.918220916,228741.25,646470.4878,1828674,3,907,453.5,342.9467889,696,211,1829883,365976.6,817672.7971,1828674,3,0,0,0,0,72,132,1.639406972,3.278813944,0,4380,1163.3,1903.962654,3625073.789,0,0,0,1,0,0,0,0,2,1292.555556,8.666666667,1934.5,72,0,0,0,0,0,0,3,26,6,11607,8192,229,2,20,0.0,0.0,0,0,0.0,0.0,0,0,ddos,ddos,1
23,54,1,1,2,6,2,2,2.0,0.0,6,6,6.0,0.0,148148.1481,37037.03704,54.0,0.0,54,54,0,0.0,0.0,0,0,0,0.0,0.0,0,0,0,0,0,0,24,20,18518.51852,18518.51852,2,6,3.333333333,2.309401077,5.333333333,0,0,0,1,0,0,0,0,1,5.0,2.0,6.0,24,0,0,0,0,0,0,1,2,1,6,1024,0,0,24,0.0,0.0,0,0,0.0,0.0,0,0,portscan,portscan,1
10004,49,1,1,2,6,2,2,2.0,0.0,6,6,6.0,0.0,163265.3061,40816.32653,49.0,0.0,49,49,0,0.0,0.0,0,0,0,0.0,0.0,0,0,0,0,0,0,24,20,20408.16327,20408.16327,2,6,3.333333333,2.309401077,5.333333333,0,0,0,1,0,0,0,0,1,5.0,2.0,6.0,24,0,0,0,0,0,0,1,2,1,6,1024,0,0,24,0.0,0.0,0,0,0.0,0.0,0,0,portscan,portscan,1
80,12761982,11,8,1605,931,316,0,145.9090909091,161.9021028557,185,0,116.375,94.7295963708,198.7152152385,1.4887969596,708999.0,2313985.93611449,9950655,89,12761982,1276198.2,3054095.46708983,9950655,167,12303074,1757582.0,3757632.27446456,10245063,185,0,0,0,0,232,184,0.8619350819,0.6268618777,0,316,126.8,134.9275049015,18205.4315789474,0,0,0,1,0,0,0,0,0,133.4736842105,145.9090909091,116.375,232,0,0,0,0,0,0,11,1605,8,931,8192,156,10,20,2348178.0,0.0,2348178,2348178,9950655.0,0.0,9950655,9950655,benign,benign,0
80,2108950,5,0,30,0,6,6,6.0,0.0,0,0,0.0,0.0,14.22508831,2.370848052,527237.5,1053447.751,2107409,3,2108950,527237.5,1053447.751,2107409,3,0,0.0,0.0,0,0,0,0,0,0,100,0,2.370848052,0.0,6,6,6.0,0.0,0.0,0,0,0,0,1,0,0,0,0,7.2,6.0,0.0,100,0,0,0,0,0,0,5,30,0,0,256,-1,4,20,0.0,0.0,0,0,0.0,0.0,0,0,ddos,ddos,1
49160,24,1,1,2,6,2,2,2.0,0.0,6,6,6.0,0.0,333333.3333,83333.33333,24.0,0.0,24,24,0,0.0,0.0,0,0,0,0.0,0.0,0,0,0,0,0,0,24,20,41666.66667,41666.66667,2,6,3.333333333,2.309401077,5.333333333,0,0,0,1,0,0,0,0,1,5.0,2.0,6.0,24,0,0,0,0,0,0,1,2,1,6,1024,0,0,24,0.0,0.0,0,0,0.0,0.0,0,0,portscan,portscan,1
1434,17,1,1,2,6,2,2,2.0,0.0,6,6,6.0,0.0,470588.2353,117647.0588,17.0,0.0,17,17,0,0.0,0.0,0,0,0,0.0,0.0,0,0,0,0,0,0,24,20,58823.52941,58823.52941,2,6,3.333333333,2.309401077,5.333333333,0,0,0,1,0,0,0,0,1,5.0,2.0,6.0,24,0,0,0,0,0,0,1,2,1,6,1024,0,0,24,0.0,0.0,0,0,0.0,0.0,0,0,portscan,portscan,1
80,32778,3,6,26,11607,20,0,8.666666667,10.26320288,5840,0,1934.5,2538.919278,354902.6786,274.5744097,4097.25,10411.02978,29795,48,2430,1215.0,1571.191268,2326,104,32713,6542.6,13036.44447,29795,48,0,0,0,0,72,132,91.52480322,183.0496064,0,5840,1163.3,2138.329153,4572451.567,0,0,0,1,0,0,0,0,2,1292.555556,8.666666667,1934.5,72,0,0,0,0,0,0,3,26,6,11607,8192,229,2,20,0.0,0.0,0,0,0.0,0.0,0,0,ddos,ddos,1
8093,23,1,1,2,6,2,2,2.0,0.0,6,6,6.0,0.0,347826.087,86956.52174,23.0,0.0,23,23,0,0.0,0.0,0,0,0,0.0,0.0,0,0,0,0,0,0,24,20,43478.26087,43478.26087,2,6,3.333333333,2.309401077,5.333333333,0,0,0,1,0,0,0,0,1,5.0,2.0,6.0,24,0,0,0,0,0,0,1,2,1,6,1024,0,0,24,0.0,0.0,0,0,0.0,0.0,0,0,portscan,portscan,1
443,8437792,18,16,971,8891,437,0,53.9444444444,116.732712398,1485,0,555.6875,673.826755059,1168.7891808663,4.0294901794,255690.666666667,1088559.74990026,6000993,1,8437787,496340.411764706,1497680.33029319,6001023,1,8335433,555695.533333333,1590968.0431214,6001076,1,0,0,0,0,384,332,2.1332595068,1.8962306727,0,1485,281.7714285714,521.774578649,272248.71092437,0,0,0,1,0,0,0,0,0,290.0588235294,53.9444444444,555.6875,384,0,0,0,0,0,0,18,971,16,8891,65535,70,17,20,431895.0,0.0,431895,431895,6000993.0,0.0,6000993,6000993,benign,benign,0
6129,44,1,1,2,6,2,2,2.0,0.0,6,6,6.0,0.0,181818.1818,45454.54545,44.0,0.0,44,44,0,0.0,0.0,0,0,0,0.0,0.0,0,0,0,0,0,0,24,20,22727.27273,22727.27273,2,6,3.333333333,2.309401077,5.333333333,0,0,0,1,0,0,0,0,1,5.0,2.0,6.0,24,0,0,0,0,0,0,1,2,1,6,1024,0,0,24,0.0,0.0,0,0,0.0,0.0,0,0,portscan,portscan,1
80,2023010,5,0,30,0,6,6,6.0,0.0,0,0,0.0,0.0,14.82938789,2.471564649,505752.5,1010836.444,2022007,0,2023010,505752.5,1010836.444,2022007,0,0,0.0,0.0,0,0,0,0,0,0,100,0,2.471564649,0.0,6,6,6.0,0.0,0.0,0,0,0,0,1,0,0,0,0,7.2,6.0,0.0,100,0,0,0,0,0,0,5,30,0,0,256,-1,4,20,0.0,0.0,0,0,0.0,0.0,0,0,ddos,ddos,1
443,18465080,5,4,580,164,517,0,116.0,225.1010884025,152,0,41.0,74.0540343263,40.2922705994,0.4874064992,2308135.0,6483313.51328203,18353427,1,18465080,4616270.0,9199829.15194357,18416003,189,88479,29493.0,31598.1386160641,62843,1,0,0,0,0,112,92,0.2707813884,0.2166251107,0,517,74.4,162.5438060613,26420.4888888889,0,0,0,1,0,0,0,0,0,82.6666666667,116.0,41.0,112,0,0,0,0,0,0,5,580,4,164,8192,946,4,20,0.0,0.0,0,0,0.0,0.0,0,0,benign,benign,0
53,23841,1,1,45,157,45,45,45.0,0.0,157,157,157.0,0.0,8472.7989597752,83.8890986116,23841.0,0.0,23841,23841,0,0.0,0.0,0,0,0,0.0,0.0,0,0,0,0,0,0,20,32,41.9445493058,41.9445493058,45,157,82.3333333333,64.6632301492,4181.3333333333,0,0,0,0,0,0,0,0,1,123.5,45.0,157.0,20,0,0,0,0,0,0,1,45,1,157,-1,-1,0,20,0.0,0.0,0,0,0.0,0.0,0,0,benign,benign,0
2393,50,1,1,2,6,2,2,2.0,0.0,6,6,6.0,0.0,160000.0,40000.0,50.0,0.0,50,50,0,0.0,0.0,0,0,0,0.0,0.0,0,0,0,0,0,0,24,20,20000.0,20000.0,2,6,3.333333333,2.309401077,5.333333333,0,0,0,1,0,0,0,0,1,5.0,2.0,6.0,24,0,0,0,0,0,0,1,2,1,6,1024,0,0,24,0.0,0.0,0,0,0.0,0.0,0,0,portscan,portscan,1
80,176534,3,6,26,11607,20,0,8.666666667,10.26320288,5755,0,1934.5,2529.124572,65896.65447,50.98168058,22066.75,62004.90353,175520,3,864,432.0,452.54834,752,112,176486,35297.2,78387.75441,175520,3,0,0,0,0,72,132,16.99389353,33.98778706,0,5755,1163.3,2131.87096,4544873.789,0,0,0,1,0,0,0,0,2,1292.555556,8.666666667,1934.5,72,0,0,0,0,0,0,3,26,6,11607,8192,229,2,20,0.0,0.0,0,0,0.0,0.0,0,0,ddos,ddos,1
443,11849616,5,4,580,164,517,0,116.0,225.1010884025,152,0,41.0,74.0540343263,62.7868447383,0.7595182831,1481202.0,4145180.52901273,11739862,3,11849616,2962404.0,5893120.33910565,11802069,238,86421,28807.0,31513.2489756293,62466,3,0,0,0,0,112,92,0.4219546017,0.3375636814,0,517,74.4,162.5438060613,26420.4888888889,0,0,0,1,0,0,0,0,0,82.6666666667,116.0,41.0,112,0,0,0,0,0,0,5,580,4,164,8192,946,4,20,0.0,0.0,0,0,0.0,0.0,0,0,benign,benign,0
64623,74,1,1,2,6,2,2,2.0,0.0,6,6,6.0,0.0,108108.1081,27027.02703,74.0,0.0,74,74,0,0.0,0.0,0,0,0,0.0,0.0,0,0,0,0,0,0,24,20,13513.51351,13513.51351,2,6,3.333333333,2.309401077,5.333333333,0,0,0,1,0,0,0,0,1,5.0,2.0,6.0,24,0,0,0,0,0,0,1,2,1,6,1024,0,0,24,0.0,0.0,0,0,0.0,0.0,0,0,portscan,portscan,1
80,4068901,4,0,24,0,6,6,6.0,0.0,0,0,0.0,0.0,5.898398609,0.983066435,1356300.333,2348312.517,4067898,3,4068901,1356300.333,2348312.517,4067898,3,0,0.0,0.0,0,0,0,0,0,0,80,0,0.983066435,0.0,6,6,6.0,0.0,0.0,0,0,0,0,1,0,0,0,0,7.5,6.0,0.0,80,0,0,0,0,0,0,4,24,0,0,256,-1,3,20,0.0,0.0,0,0,0.0,0.0,0,0,ddos,ddos,1
53,30647,1,1,40,296,40,40,40.0,0.0,296,296,296.0,0.0,10963.552713153,65.2592423402,30647.0,0.0,30647,30647,0,0.0,0.0,0,0,0,0.0,0.0,0,0,0,0,0,0,20,20,32.6296211701,32.6296211701,40,296,125.3333333333,147.8016689125,21845.3333333333,0,0,0,0,0,0,0,0,1,188.0,40.0,296.0,20,0,0,0,0,0,0,1,40,1,296,-1,-1,0,20,0.0,0.0,0,0,0.0,0.0,0,0,benign,benign,0
80,128693,3,4,442,871,436,0,147.3333333333,250.0106664391,859,0,217.75,427.5093566228,10202.5751206359,54.393012829,21448.8333333333,31647.4521212477,81776,1,105018,52509.0,41389.7883299734,81776,23242,105508,35169.3333333333,60594.9221662454,105138,1,0,0,0,0,72,92,23.3112912124,31.0817216166,0,859,164.125,319.0586320949,101798.410714286,0,0,0,1,0,0,0,0,1,187.5714285714,147.3333333333,217.75,72,0,0,0,0,0,0,3,442,4,871,8192,31,2,20,0.0,0.0,0,0,0.0,0.0,0,0,benign,benign,0
80,3089931,4,0,24,0,6,6,6.0,0.0,0,0,0.0,0.0,7.767163733,1.294527289,1029977.0,1778809.508,3083968,983,3089931,1029977.0,1778809.508,3083968,983,0,0.0,0.0,0,0,0,0,0,0,80,0,1.294527289,0.0,6,6,6.0,0.0,0.0,0,0,0,0,1,0,0,0,0,7.5,6.0,0.0,80,0,0,0,0,0,0,4,24,0,0,256,-1,3,20,0.0,0.0,0,0,0.0,0.0,0,0,ddos,ddos,1
80,45822,3,4,26,11607,20,0,8.666666667,10.26320288,11595,0,2901.75,5795.50069,253873.6851,152.7650474,7637.0,17809.39154,43974,44,1593,796.5,959.5439021,1475,118,45778,15259.33333,24878.0518,43974,182,0,0,0,0,72,92,65.47073458,87.29431278,0,11595,1454.125,4097.537534,16800000.0,0,0,0,1,0,0,0,0,1,1661.857143,8.666666667,2901.75,72,0,0,0,0,0,0,3,26,4,11607,8192,229,2,20,0.0,0.0,0,0,0.0,0.0,0,0,ddos,ddos,1
80,73884,3,5,26,11607,20,0,8.666666667,10.26320288,10135,0,2321.4,4413.201989,157449.5155,108.2778409,10554.85714,27427.40672,72751,3,924,462.0,514.7737367,826,98,73867,18466.75,36191.63758,72751,3,0,0,0,0,72,112,40.60419035,67.67365059,0,10135,1292.555556,3350.634907,11200000.0,0,0,0,1,0,0,0,0,1,1454.125,8.666666667,2321.4,72,0,0,0,0,0,0,3,26,5,11607,8192,229,2,20,0.0,0.0,0,0,0.0,0.0,0,0,ddos,ddos,1
4662,44,1,1,2,6,2,2,2.0,0.0,6,6,6.0,0.0,181818.1818,45454.54545,44.0,0.0,44,44,0,0.0,0.0,0,0,0,0.0,0.0,0,0,0,0,0,0,24,20,22727.27273,22727.27273,2,6,3.333333333,2.309401077,5.333333333,0,0,0,1,0,0,0,0,1,5.0,2.0,6.0,24,0,0,0,0,0,0,1,2,1,6,1024,0,0,24,0.0,0.0,0,0,0.0,0.0,0,0,portscan,portscan,1
51501,4,2,0,37,0,31,6,18.5,17.6776695297,0,0,0.0,0.0,9250000.0,500000.0,4.0,0.0,4,4,4,4.0,0.0,4,4,0,0.0,0.0,0,0,1,0,0,0,40,0,500000.0,0.0,6,31,22.6666666667,14.4337567297,208.3333333333,0,1,0,0,1,0,0,0,0,34.0,18.5,0.0,40,0,0,0,0,0,0,2,37,0,0,110,-1,1,20,0.0,0.0,0,0,0.0,0.0,0,0,benign,benign,0
53,86230,1,1,49,105,49,49,49.0,0.0,105,105,105.0,0.0,1785.921373072,23.1937840659,86230.0,0.0,86230,86230,0,0.0,0.0,0,0,0,0.0,0.0,0,0,0,0,0,0,20,20,11.5968920329,11.5968920329,49,105,67.6666666667,32.3316150746,1045.3333333333,0,0,0,0,0,0,0,0,1,101.5,49.0,105.0,20,0,0,0,0,0,0,1,49,1,105,-1,-1,0,20,0.0,0.0,0,0,0.0,0.0,0,0,benign,benign,0
80,39142,1,1,6,6,6,6,6.0,0.0,6,6,6.0,0.0,306.57605641,51.0960094017,39142.0,0.0,39142,39142,0,0.0,0.0,0,0,0,0.0,0.0,0,0,0,0,0,0,20,20,25.5480047008,25.5480047008,6,6,6.0,0.0,0.0,0,0,0,0,1,1,0,0,1,9.0,6.0,6.0,20,0,0,0,0,0,0,1,6,1,6,258,385,0,20,0.0,0.0,0,0,0.0,0.0,0,0,benign,benign,0
443,7511472,9,7,905,4470,342,0,100.5555555556,149.7022971693,1589,0,638.5714285714,735.5686818471,715.5721275404,2.1300751704,500764.8,1271162.59715282,5003608,1,2507864,313483.0,312835.941828027,886925,221,7371864,1228644.0,1924656.56514735,5003677,1,0,0,0,0,192,152,1.1981672833,0.931907887,0,1589,316.1764705882,540.3484102056,291976.404411765,0,0,0,1,0,0,0,0,0,335.9375,100.5555555556,638.5714285714,192,0,0,0,0,0,0,9,905,7,4470,8192,5255,8,20,0.0,0.0,0,0,0.0,0.0,0,0,benign,benign,0
443,89,2,0,12,0,6,6,6.0,0.0,0,0,0.0,0.0,134831.460674157,22471.9101123596,89.0,0.0,89,89,89,89.0,0.0,89,89,0,0.0,0.0,0,0,0,0,0,0,40,0,22471.9101123596,0.0,6,6,6.0,0.0,0.0,0,0,0,0,1,0,0,0,0,9.0,6.0,0.0,40,0,0,0,0,0,0,2,12,0,0,256,-1,1,20,0.0,0.0,0,0,0.0,0.0,0,0,benign,benign,0
80,5882186,3,1,12,0,6,0,4.0,3.4641016151,0,0,0.0,0.0,2.0400578968,0.6800192989,1960728.66666667,3362383.65056775,5843210,50,5882186,2941093.0,4104213.22099352,5843210,38976,0,0.0,0.0,0,0,0,0,0,0,72,32,0.5100144742,0.1700048247,0,6,2.4,3.286335345,10.8,0,0,0,1,0,0,0,0,0,3.0,4.0,0.0,72,0,0,0,0,0,0,3,12,1,0,8192,29200,2,20,0.0,0.0,0,0,0.0,0.0,0,0,benign,benign,0
7443,38,1,1,2,6,2,2,2.0,0.0,6,6,6.0,0.0,210526.3158,52631.57895,38.0,0.0,38,38,0,0.0,0.0,0,0,0,0.0,0.0,0,0,0,0,0,0,24,20,26315.78947,26315.78947,2,6,3.333333333,2.309401077,5.333333333,0,0,0,1,0,0,0,0,1,5.0,2.0,6.0,24,0,0,0,0,0,0,1,2,1,6,1024,0,0,24,0.0,0.0,0,0,0.0,0.0,0,0,portscan,portscan,1
80,7597809,5,0,30,0,6,6,6.0,0.0,0,0,0.0,0.0,3.948506734,0.658084456,1899452.25,3794234.657,7590803,1,7597809,1899452.25,3794234.657,7590803,1,0,0.0,0.0,0,0,0,0,0,0,100,0,0.658084456,0.0,6,6,6.0,0.0,0.0,0,0,0,0,1,0,0,0,0,7.2,6.0,0.0,100,0,0,0,0,0,0,5,30,0,0,256,-1,4,20,7006.0,0.0,7006,7006,7590803.0,0.0,7590803,7590803,ddos,ddos,1
80,5771865,5,0,30,0,6,6,6.0,0.0,0,0,0.0,0.0,5.197626764,0.866271127,1442966.25,2885251.873,5770844,3,5771865,1442966.25,2885251.873,5770844,3,0,0.0,0.0,0,0,0,0,0,0,100,0,0.866271127,0.0,6,6,6.0,0.0,0.0,0,0,0,0,1,0,0,0,0,7.2,6.0,0.0,100,0,0,0,0,0,0,5,30,0,0,256,-1,4,20,1021.0,0.0,1021,1021,5770844.0,0.0,5770844,5770844,ddos,ddos,1
53,60694,1,1,54,91,54,54,54.0,0.0,91,91,91.0,0.0,2389.0335123736,32.9521863776,60694.0,0.0,60694,60694,0,0.0,0.0,0,0,0,0.0,0.0,0,0,0,0,0,0,32,32,16.4760931888,16.4760931888,54,91,66.3333333333,21.36195996,456.3333333333,0,0,0,0,0,0,0,0,1,99.5,54.0,91.0,32,0,0,0,0,0,0,1,54,1,91,-1,-1,0,32,0.0,0.0,0,0,0.0,0.0,0,0,benign,benign,0
80,5888907,3,1,0,0,0,0,0.0,0.0,0,0,0.0,0.0,0.0,0.679243194,1962969.0,3379097.88820685,5864791,169,5888907,2944453.5,4129980.89920674,5864791,24116,0,0.0,0.0,0,0,0,0,0,0,104,40,0.5094323955,0.1698107985,0,0,0.0,0.0,0.0,0,0,0,1,0,0,0,0,0,0.0,0.0,0.0,104,0,0,0,0,0,0,3,0,1,0,29200,65535,0,32,0.0,0.0,0,0,0.0,0.0,0,0,benign,benign,0
443,11849809,5,4,580,164,517,0,116.0,225.1010884025,152,0,41.0,74.0540343263,62.7858221175,0.7595059127,1481226.125,4144739.05139855,11738791,154,11849809,2962452.25,5892869.18882816,11801740,154,87615,29205.0,31918.233284441,63425,241,0,0,0,0,112,92,0.4219477293,0.3375581834,0,517,74.4,162.5438060613,26420.4888888889,0,0,0,1,0,0,0,0,0,82.6666666667,116.0,41.0,112,0,0,0,0,0,0,5,580,4,164,8192,946,4,20,0.0,0.0,0,0,0.0,0.0,0,0,benign,benign,0
80,904897,3,4,26,11607,20,0,8.666666667,10.26320288,11595,0,2901.75,5795.50069,12855.60677,7.735687045,150816.1667,368979.8919,903993,13,852,426.0,510.531096,787,65,904850,301616.6667,521673.3728,903993,13,0,0,0,0,72,92,3.315294448,4.420392597,0,11595,1454.125,4097.537534,16800000.0,0,0,0,1,0,0,0,0,1,1661.857143,8.666666667,2901.75,72,0,0,0,0,0,0,3,26,4,11607,8192,229,2,20,0.0,0.0,0,0,0.0,0.0,0,0,ddos,ddos,1
443,604,2,0,12,0,6,6,6.0,0.0,0,0,0.0,0.0,19867.5496688742,3311.2582781457,604.0,0.0,604,604,604,604.0,0.0,604,604,0,0.0,0.0,0,0,0,0,0,0,40,0,3311.2582781457,0.0,6,6,6.0,0.0,0.0,0,0,0,0,1,0,0,0,0,9.0,6.0,0.0,40,0,0,0,0,0,0,2,12,0,0,437,-1,1,20,0.0,0.0,0,0,0.0,0.0,0,0,benign,benign,0
80,1009233,3,4,26,11601,20,0,8.666666667,10.26320288,8760,0,2900.25,4128.319301,11520.63002,6.935960279,168205.5,404381.4713,993558,2,14979,7489.5,10588.92405,14977,2,1009178,336392.6667,569170.332,993558,383,0,0,0,0,72,92,2.972554405,3.963405874,0,8760,1453.375,3113.952607,9696700.839,0,0,0,1,0,0,0,0,1,1661.0,8.666666667,2900.25,72,0,0,0,0,0,0,3,26,4,11601,8192,229,2,20,0.0,0.0,0,0,0.0,0.0,0,0,ddos,ddos,1
80,1509375,3,5,26,11607,20,0,8.666666667,10.26320288,10220,0,2321.4,4455.182578,7707.163561,5.300207039,215625.0,570061.1331,1508402,6,770,385.0,516.1879503,750,20,1509357,377339.25,754041.9097,1508402,6,0,0,0,0,72,112,1.98757764,3.3126294,0,10220,1292.555556,3378.299021,11400000.0,0,0,0,1,0,0,0,0,1,1454.125,8.666666667,2321.4,72,0,0,0,0,0,0,3,26,5,11607,8192,229,2,20,0.0,0.0,0,0,0.0,0.0,0,0,ddos,ddos,1
53,43951061,2,2,90,223,50,40,45.0,7.0710678119,153,70,111.5,58.6898628385,7.1215573158,0.0910103171,14650353.6666667,25017178.9497533,43537279,71240,43879821,43879821.0,0.0,43879821,43879821,43608519,43608519.0,0.0,43608519,43608519,0,0,0,0,64,64,0.0455051586,0.0455051586,40,153,70.6,47.6634031517,2271.8,0,0,0,0,0,0,0,0,1,88.25,45.0,111.5,64,0,0,0,0,0,0,2,90,2,223,-1,-1,1,32,342542.0,0.0,342542,342542,43537279.0,0.0,43537279,43537279,benign,benign,0
443,816552,9,11,703,3950,267,0,78.1111111111,103.3022802803,1448,0,359.0909090909,569.9183195065,5698.3511154219,24.4932349685,42976.4210526316,51944.9503730373,144375,1,720960,90120.0,86869.8255322295,239362,171,720367,72036.7,69822.9211681634,197222,1,0,0,0,0,296,360,11.0219557358,13.4712792327,0,1448,221.5714285714,434.4990876203,188789.457142857,0,0,0,1,0,0,0,0,1,232.65,78.1111111111,359.0909090909,296,0,0,0,0,0,0,9,703,11,3950,29200,254,4,32,0.0,0.0,0,0,0.0,0.0,0,0,benign,benign,0
53,184,2,2,66,98,33,33,33.0,0.0,49,49,49.0,0.0,891304.347826087,21739.1304347826,61.3333333333,100.1715195718,177,3,4,4.0,0.0,4,4,3,3.0,0.0,3,3,0,0,0,0,64,64,10869.5652173913,10869.5652173913,33,49,39.4,8.7635609201,76.8,0,0,0,0,0,0,0,0,1,49.25,33.0,49.0,64,0,0,0,0,0,0,2,66,2,98,-1,-1,1,32,0.0,0.0,0,0,0.0,0.0,0,0,benign,benign,0
3689,48,1,1,2,6,2,2,2.0,0.0,6,6,6.0,0.0,166666.6667,41666.66667,48.0,0.0,48,48,0,0.0,0.0,0,0,0,0.0,0.0,0,0,0,0,0,0,24,20,20833.33333,20833.33333,2,6,3.333333333,2.309401077,5.333333333,0,0,0,1,0,0,0,0,1,5.0,2.0,6.0,24,0,0,0,0,0,0,1,2,1,6,1024,0,0,24,0.0,0.0,0,0,0.0,0.0,0,0,portscan,portscan,1
53,76298834,2,2,100,306,54,46,50.0,5.6568542495,236,70,153.0,117.379725677,5.3211822346,0.0524254407,25432944.6666667,43984787.8305069,76222202,30245,76268589,76268589.0,0.0,76268589,76268589,76252447,76252447.0,0.0,76252447,76252447,0,0,0,0,52,40,0.0262127204,0.0262127204,46,236,90.4,81.9804854828,6720.8,0,0,0,0,0,0,0,0,1,113.0,50.0,153.0,52,0,0,0,0,0,0,2,100,2,306,-1,-1,1,20,46387.0,0.0,46387,46387,76222202.0,0.0,76222202,76222202,benign,benign,0
80,107,2,0,12,0,6,6,6.0,0.0,0,0,0.0,0.0,112149.53271028,18691.5887850467,107.0,0.0,107,107,107,107.0,0.0,107,107,0,0.0,0.0,0,0,0,0,0,0,40,0,18691.5887850467,0.0,6,6,6.0,0.0,0.0,0,0,0,0,1,0,0,0,0,9.0,6.0,0.0,40,0,0,0,0,0,0,2,12,0,0,256,-1,1,20,0.0,0.0,0,0,0.0,0.0,0,0,benign,benign,0
53,62095,1,1,45,201,45,45,45.0,0.0,201,201,201.0,0.0,3961.6716321765,32.2087124567,62095.0,0.0,62095,62095,0,0.0,0.0,0,0,0,0.0,0.0,0,0,0,0,0,0,32,32,16.1043562284,16.1043562284,45,201,97.0,90.0666419936,8112.0,0,0,0,0,0,0,0,0,1,145.5,45.0,201.0,32,0,0,0,0,0,0,1,45,1,201,-1,-1,0,32,0.0,0.0,0,0,0.0,0.0,0,0,benign,benign,0
443,59,2,0,12,0,6,6,6.0,0.0,0,0,0.0,0.0,203389.830508475,33898.3050847458,59.0,0.0,59,59,59,59.0,0.0,59,59,0,0.0,0.0,0,0,0,0,0,0,40,0,33898.3050847458,0.0,6,6,6.0,0.0,0.0,0,0,0,0,1,0,0,0,0,9.0,6.0,0.0,40,0,0,0,0,0,0,2,12,0,0,253,-1,1,20,0.0,0.0,0,0,0.0,0.0,0,0,benign,benign,0
443,315928,2,0,12,0,6,6,6.0,0.0,0,0,0.0,0.0,37.9833379757,6.3305563293,315928.0,0.0,315928,315928,315928,315928.0,0.0,315928,315928,0,0.0,0.0,0,0,0,0,0,0,40,0,6.3305563293,0.0,6,6,6.0,0.0,0.0,0,0,0,0,1,0,0,0,0,9.0,6.0,0.0,40,0,0,0,0,0,0,2,12,0,0,252,-1,1,20,0.0,0.0,0,0,0.0,0.0,0,0,benign,benign,0
80,2062902,4,0,24,0,6,6,6.0,0.0,0,0,0.0,0.0,11.63409605,1.939016008,687634.0,1191015.293,2062900,1,2062902,687634.0,1191015.293,2062900,1,0,0.0,0.0,0,0,0,0,0,0,80,0,1.939016008,0.0,6,6,6.0,0.0,0.0,0,0,0,0,1,0,0,0,0,7.5,6.0,0.0,80,0,0,0,0,0,0,4,24,0,0,256,-1,3,20,0.0,0.0,0,0,0.0,0.0,0,0,ddos,ddos,1
80,1109791,3,5,26,11601,20,0,8.666666667,10.26320288,5840,0,2320.2,2436.833027,10476.74742,7.208564495,158541.5714,417276.1991,1104830,46,4156,2078.0,2744.988525,4019,137,1109623,277405.75,551618.8783,1104830,191,0,0,0,0,72,112,2.703211686,4.50535281,0,5840,1291.888889,2110.95076,4456113.111,0,0,0,1,0,0,0,0,1,1453.375,8.666666667,2320.2,72,0,0,0,0,0,0,3,26,5,11601,8192,229,2,20,0.0,0.0,0,0,0.0,0.0,0,0,ddos,ddos,1
443,101475170,26,23,1215,6088,501,0,46.7307692308,118.6593637914,1761,0,264.6956521739,560.1843393662,71.9683445714,0.4828767471,2114066.04166667,4081906.69626239,10008304,4,101475170,4059006.8,5019063.18221589,10110573,4,91492937,4158769.86363636,4987686.54628354,10105713,46,0,0,0,0,532,472,0.2562203148,0.2266564323,0,1761,146.06,400.4414100179,160353.322857143,0,0,0,1,0,0,0,0,0,149.0408163265,46.7307692308,264.6956521739,532,0,0,0,0,0,0,26,1215,23,6088,8192,1026,25,20,160240.3,163195.487364115,624624,107147,9987276.3,40128.3402764737,10008304,9873806,benign,benign,0
80,418367,3,6,26,11607,20,0,8.666666667,10.26320288,5840,0,1934.5,2538.919278,27805.73038,21.51221296,52295.875,147483.7704,417299,3,927,463.5,491.4392129,811,116,418350,83670.0,186504.7136,417299,3,0,0,0,0,72,132,7.170737654,14.34147531,0,5840,1163.3,2138.329153,4572451.567,0,0,0,1,0,0,0,0,2,1292.555556,8.666666667,1934.5,72,0,0,0,0,0,0,3,26,6,11607,8192,229,2,20,0.0,0.0,0,0,0.0,0.0,0,0,ddos,ddos,1
443,577114,2,0,12,0,6,6,6.0,0.0,0,0,0.0,0.0,20.7931188639,3.4655198106,577114.0,0.0,577114,577114,577114,577114.0,0.0,577114,577114,0,0.0,0.0,0,0,0,0,0,0,40,0,3.4655198106,0.0,6,6,6.0,0.0,0.0,0,0,0,0,1,0,0,0,0,9.0,6.0,0.0,40,0,0,0,0,0,0,2,12,0,0,63503,-1,1,20,0.0,0.0,0,0,0.0,0.0,0,0,benign,benign,0
443,30491297,15,18,1157,21099,589,0,77.1333333333,194.1221510385,2896,0,1172.1666666667,1073.0846822568,729.9131945748,1.0822760344,952853.03125,2906904.50348982,10006636,1,20804084,1486006.0,3641657.52106413,10163763,197,30334347,1784373.35294118,3898375.5217279,10164399,1,0,0,0,0,488,584,0.491943652,0.5903323824,0,2896,654.5882352941,959.0955688358,919864.310160428,0,0,0,1,0,0,0,0,1,674.4242424242,77.1333333333,1172.1666666667,488,0,0,0,0,0,0,15,1157,18,21099,29200,123,3,32,319812.666666667,281229.22796241,644548,157127,9843952.66666667,272422.316362543,10006636,9529449,benign,benign,0
123,69103004,2,2,96,96,48,48,48.0,0.0,48,48,48.0,0.0,2.7784609769,0.0578846037,23034334.6666667,39715684.5511956,68894057,104426,68998578,68998578.0,0.0,68998578,68998578,68998483,68998483.0,0.0,68998483,68998483,0,0,0,0,40,40,0.0289423018,0.0289423018,48,48,48.0,0.0,0.0,0,0,0,0,0,0,0,0,1,60.0,48.0,48.0,40,0,0,0,0,0,0,2,96,2,96,-1,-1,1,20,104521.0,0.0,104521,104521,68894057.0,0.0,68894057,68894057,benign,benign,0
19842,86,1,1,2,6,2,2,2.0,0.0,6,6,6.0,0.0,93023.25581,23255.81395,86.0,0.0,86,86,0,0.0,0.0,0,0,0,0.0,0.0,0,0,0,0,0,0,24,20,11627.90698,11627.90698,2,6,3.333333333,2.309401077,5.333333333,0,0,0,1,0,0,0,0,1,5.0,2.0,6.0,24,0,0,0,0,0,0,1,2,1,6,1024,0,0,24,0.0,0.0,0,0,0.0,0.0,0,0,portscan,portscan,1
80,677525,3,5,26,11607,20,0,8.666666667,10.26320288,5840,0,2321.4,3173.373883,17169.84613,11.80768237,96789.28571,255602.4778,676441,3,798,399.0,506.2884553,757,41,677434,169358.5,338055.216,676441,3,0,0,0,0,72,112,4.42788089,7.379801483,0,5840,1292.555556,2554.159212,6523729.278,0,0,0,1,0,0,0,0,1,1454.125,8.666666667,2321.4,72,0,0,0,0,0,0,3,26,5,11607,8192,229,2,20,0.0,0.0,0,0,0.0,0.0,0,0,ddos,ddos,1
443,182586,10,8,558,4144,201,0,55.8,72.8038460523,1430,0,518.0,632.2072445014,25752.2482556165,98.5836811147,10740.3529411765,19245.8929870154,61592,1,182586,20287.3333333333,23340.7210042878,61730,47,83528,11932.5714285714,19842.6536435792,44822,1,0,0,0,0,212,172,54.7687117304,43.8149693843,0,1430,247.4736842105,463.0582358889,214422.929824561,0,0,0,1,0,0,0,0,0,261.2222222222,55.8,518.0,212,0,0,0,0,0,0,10,558,8,4144,8192,343,9,20,0.0,0.0,0,0,0.0,0.0,0,0,benign,benign,0
53,184458,1,1,56,56,56,56,56.0,0.0,56,56,56.0,0.0,607.184291275,10.8425766299,184458.0,0.0,184458,184458,0,0.0,0.0,0,0,0,0.0,0.0,0,0,0,0,0,0,32,32,5.421288315,5.421288315,56,56,56.0,0.0,0.0,0,0,0,0,0,0,0,0,1,84.0,56.0,56.0,32,0,0,0,0,0,0,1,56,1,56,-1,-1,0,32,0.0,0.0,0,0,0.0,0.0,0,0,benign,benign,0
5298,45,1,1,2,6,2,2,2.0,0.0,6,6,6.0,0.0,177777.7778,44444.44444,45.0,0.0,45,45,0,0.0,0.0,0,0,0,0.0,0.0,0,0,0,0,0,0,24,20,22222.22222,22222.22222,2,6,3.333333333,2.309401077,5.333333333,0,0,0,1,0,0,0,0,1,5.0,2.0,6.0,24,0,0,0,0,0,0,1,2,1,6,1024,0,0,24,0.0,0.0,0,0,0.0,0.0,0,0,portscan,portscan,1
9999,42,1,1,2,6,2,2,2.0,0.0,6,6,6.0,0.0,190476.1905,47619.04762,42.0,0.0,42,42,0,0.0,0.0,0,0,0,0.0,0.0,0,0,0,0,0,0,24,20,23809.52381,23809.52381,2,6,3.333333333,2.309401077,5.333333333,0,0,0,1,0,0,0,0,1,5.0,2.0,6.0,24,0,0,0,0,0,0,1,2,1,6,1024,0,0,24,0.0,0.0,0,0,0.0,0.0,0,0,portscan,portscan,1
80,9055677,5,0,30,0,6,6,6.0,0.0,0,0,0.0,0.0,3.312839007,0.552139834,2263919.25,4526595.855,9053813,1,9055677,2263919.25,4526595.855,9053813,1,0,0.0,0.0,0,0,0,0,0,0,100,0,0.552139834,0.0,6,6,6.0,0.0,0.0,0,0,0,0,1,0,0,0,0,7.2,6.0,0.0,100,0,0,0,0,0,0,5,30,0,0,256,-1,4,20,1864.0,0.0,1864,1864,9053813.0,0.0,9053813,9053813,ddos,ddos,1
28201,49,1,1,2,6,2,2,2.0,0.0,6,6,6.0,0.0,163265.3061,40816.32653,49.0,0.0,49,49,0,0.0,0.0,0,0,0,0.0,0.0,0,0,0,0,0,0,24,20,20408.16327,20408.16327,2,6,3.333333333,2.309401077,5.333333333,0,0,0,1,0,0,0,0,1,5.0,2.0,6.0,24,0,0,0,0,0,0,1,2,1,6,1024,0,0,24,0.0,0.0,0,0,0.0,0.0,0,0,portscan,portscan,1
22,58,1,1,0,0,0,0,0.0,0.0,0,0,0.0,0.0,0.0,34482.7586206897,58.0,0.0,58,58,0,0.0,0.0,0,0,0,0.0,0.0,0,0,0,0,0,0,32,32,17241.3793103448,17241.3793103448,0,0,0.0,0.0,0.0,0,0,0,0,1,1,0,0,1,0.0,0.0,0.0,32,0,0,0,0,0,0,1,0,1,0,290,243,0,32,0.0,0.0,0,0,0.0,0.0,0,0,benign,benign,0
48880,4,2,0,31,0,31,0,15.5,21.9203102168,0,0,0.0,0.0,7750000.0,500000.0,4.0,0.0,4,4,4,4.0,0.0,4,4,0,0.0,0.0,0,0,1,0,0,0,64,0,500000.0,0.0,0,31,20.6666666667,17.8978583449,320.3333333333,0,1,0,0,1,0,0,0,0,31.0,15.5,0.0,64,0,0,0,0,0,0,2,31,0,0,119,-1,0,32,0.0,0.0,0,0,0.0,0.0,0,0,benign,benign,0
80,43849,2,0,12,0,6,6,6.0,0.0,0,0,0.0,0.0,273.6664462131,45.6110743689,43849.0,0.0,43849,43849,43849,43849.0,0.0,43849,43849,0,0.0,0.0,0,0,0,0,0,0,40,0,45.6110743689,0.0,6,6,6.0,0.0,0.0,0,0,0,0,1,0,0,0,0,9.0,6.0,0.0,40,0,0,0,0,0,0,2,12,0,0,256,-1,1,20,0.0,0.0,0,0,0.0,0.0,0,0,benign,benign,0
80,22764,3,5,26,11607,20,0,8.666666667,10.26320288,10135,0,2321.4,4413.201989,511026.1817,351.4320857,3252.0,8091.160568,21590,5,912,456.0,567.0996385,857,55,22716,5679.0,10614.76114,21590,5,0,0,0,0,72,112,131.7870322,219.6450536,0,10135,1292.555556,3350.634907,11200000.0,0,0,0,1,0,0,0,0,1,1454.125,8.666666667,2321.4,72,0,0,0,0,0,0,3,26,5,11607,8192,229,2,20,0.0,0.0,0,0,0.0,0.0,0,0,ddos,ddos,1
9001,80,1,1,2,6,2,2,2.0,0.0,6,6,6.0,0.0,100000.0,25000.0,80.0,0.0,80,80,0,0.0,0.0,0,0,0,0.0,0.0,0,0,0,0,0,0,24,20,12500.0,12500.0,2,6,3.333333333,2.309401077,5.333333333,0,0,0,1,0,0,0,0,1,5.0,2.0,6.0,24,0,0,0,0,0,0,1,2,1,6,1024,0,0,24,0.0,0.0,0,0,0.0,0.0,0,0,portscan,portscan,1
80,62074,3,5,26,11601,20,0,8.666666667,10.26320288,7300,0,2320.2,3022.508098,187308.6961,128.8784354,8867.714286,21702.31038,58003,20,3610,1805.0,2364.565076,3477,133,62054,15513.5,28373.74259,58003,190,0,0,0,0,72,112,48.32941328,80.54902213,0,7300,1291.888889,2460.652985,6054813.111,0,0,0,1,0,0,0,0,1,1453.375,8.666666667,2320.2,72,0,0,0,0,0,0,3,26,5,11601,8192,229,2,20,0.0,0.0,0,0,0.0,0.0,0,0,ddos,ddos,1
1761,72,1,1,2,6,2,2,2.0,0.0,6,6,6.0,0.0,111111.1111,27777.77778,72.0,0.0,72,72,0,0.0,0.0,0,0,0,0.0,0.0,0,0,0,0,0,0,24,20,13888.88889,13888.88889,2,6,3.333333333,2.309401077,5.333333333,0,0,0,1,0,0,0,0,1,5.0,2.0,6.0,24,0,0,0,0,0,0,1,2,1,6,1024,0,0,24,0.0,0.0,0,0,0.0,0.0,0,0,portscan,portscan,1
16012,95,1,1,2,6,2,2,2.0,0.0,6,6,6.0,0.0,84210.52632,21052.63158,95.0,0.0,95,95,0,0.0,0.0,0,0,0,0.0,0.0,0,0,0,0,0,0,24,20,10526.31579,10526.31579,2,6,3.333333333,2.309401077,5.333333333,0,0,0,1,0,0,0,0,1,5.0,2.0,6.0,24,0,0,0,0,0,0,1,2,1,6,1024,0,0,24,0.0,0.0,0,0,0.0,0.0,0,0,portscan,portscan,1
443,11380643,3,1,12,0,6,0,4.0,3.4641016151,0,0,0.0,0.0,1.054421969,0.3514739897,3793547.66666667,5702831.56507268,10351781,165,11380643,5690321.5,6592299.24535291,10351781,1028862,0,0.0,0.0,0,0,0,0,0,0,72,32,0.2636054922,0.0878684974,0,6,2.4,3.286335345,10.8,0,0,0,1,0,0,0,0,0,3.0,4.0,0.0,72,0,0,0,0,0,0,3,12,1,0,8192,29200,2,20,0.0,0.0,0,0,0.0,0.0,0,0,benign,benign,0
80,6723815,4,0,24,0,6,6,6.0,0.0,0,0,0.0,0.0,3.569402192,0.594900365,2241271.667,3881142.53,6722829,0,6723815,2241271.667,3881142.53,6722829,0,0,0.0,0.0,0,0,0,0,0,0,80,0,0.594900365,0.0,6,6,6.0,0.0,0.0,0,0,0,0,1,0,0,0,0,7.5,6.0,0.0,80,0,0,0,0,0,0,4,24,0,0,256,-1,3,20,986.0,0.0,986,986,6722829.0,0.0,6722829,6722829,ddos,ddos,1
443,54998,8,5,380,3663,187,0,47.5,79.3941343641,1448,0,732.6,724.2553417131,73511.7640641478,236.3722317175,4583.1666666667,5921.886690042,15146,6,54998,7856.8571428572,8914.8206268844,24008,223,25321,6330.25,7768.2662319207,16230,48,0,0,0,0,264,168,145.4598349031,90.9123968144,0,1448,288.7857142857,531.7829485755,282793.104395604,0,0,0,1,0,0,0,0,0,311.0,47.5,732.6,264,0,0,0,0,0,0,8,380,5,3663,29200,939,3,32,0.0,0.0,0,0,0.0,0.0,0,0,benign,benign,0
80,995372,3,5,26,11607,20,0,8.666666667,10.26320288,10135,0,2321.4,4413.201989,11687.08784,8.037196144,142196.0,375637.6759,994062,5,1039,519.5,366.9884194,779,260,995318,248829.5,496821.8789,994062,5,0,0,0,0,72,112,3.013948554,5.02324759,0,10135,1292.555556,3350.634907,11200000.0,0,0,0,1,0,0,0,0,1,1454.125,8.666666667,2321.4,72,0,0,0,0,0,0,3,26,5,11607,8192,229,2,20,0.0,0.0,0,0,0.0,0.0,0,0,ddos,ddos,1
22939,44,1,1,2,6,2,2,2.0,0.0,6,6,6.0,0.0,181818.1818,45454.54545,44.0,0.0,44,44,0,0.0,0.0,0,0,0,0.0,0.0,0,0,0,0,0,0,24,20,22727.27273,22727.27273,2,6,3.333333333,2.309401077,5.333333333,0,0,0,1,0,0,0,0,1,5.0,2.0,6.0,24,0,0,0,0,0,0,1,2,1,6,1024,0,0,24,0.0,0.0,0,0,0.0,0.0,0,0,portscan,portscan,1
80,999204,3,4,26,11601,20,0,8.666666667,10.26320288,7215,0,2900.25,3540.00286,11636.26246,7.005576439,166534.0,399787.5811,982492,47,16510,8255.0,11477.75727,16371,139,999000,333000.0,562534.8766,982492,155,0,0,0,0,72,92,3.002389902,4.003186536,0,7215,1453.375,2786.259804,7763243.696,0,0,0,1,0,0,0,0,1,1661.0,8.666666667,2900.25,72,0,0,0,0,0,0,3,26,4,11601,8192,229,2,20,0.0,0.0,0,0,0.0,0.0,0,0,ddos,ddos,1
458,69,1,1,2,6,2,2,2.0,0.0,6,6,6.0,0.0,115942.029,28985.50725,69.0,0.0,69,69,0,0.0,0.0,0,0,0,0.0,0.0,0,0,0,0,0,0,24,20,14492.75362,14492.75362,2,6,3.333333333,2.309401077,5.333333333,0,0,0,1,0,0,0,0,1,5.0,2.0,6.0,24,0,0,0,0,0,0,1,2,1,6,1024,0,0,24,0.0,0.0,0,0,0.0,0.0,0,0,portscan,portscan,1
80,1024567,3,6,26,11601,20,0,8.666666667,10.26320288,4380,0,1933.5,1757.789948,11348.20856,8.784198593,128070.875,359883.6926,1018727,47,5451,2725.5,3543.312081,5231,220,1024463,204892.6,454953.1577,1018727,47,0,0,0,0,72,132,2.928066198,5.856132395,0,4380,1162.7,1645.241762,2706820.456,0,0,0,1,0,0,0,0,2,1291.888889,8.666666667,1933.5,72,0,0,0,0,0,0,3,26,6,11601,8192,229,2,20,0.0,0.0,0,0,0.0,0.0,0,0,ddos,ddos,1
4004,97,1,1,2,6,2,2,2.0,0.0,6,6,6.0,0.0,82474.2268,20618.5567,97.0,0.0,97,97,0,0.0,0.0,0,0,0,0.0,0.0,0,0,0,0,0,0,24,20,10309.27835,10309.27835,2,6,3.333333333,2.309401077,5.333333333,0,0,0,1,0,0,0,0,1,5.0,2.0,6.0,24,0,0,0,0,0,0,1,2,1,6,1024,0,0,24,0.0,0.0,0,0,0.0,0.0,0,0,portscan,portscan,1
80,45564,3,4,26,11601,20,0,8.666666667,10.26320288,8760,0,2900.25,4128.319301,255179.5277,153.6300588,7594.0,12028.78283,27938,2,17244,8622.0,11979.80309,17093,151,45464,15154.66667,13886.50054,27938,380,0,0,0,0,72,92,65.84145378,87.78860504,0,8760,1453.375,3113.952607,9696700.839,0,0,0,1,0,0,0,0,1,1661.0,8.666666667,2900.25,72,0,0,0,0,0,0,3,26,4,11601,8192,229,2,20,0.0,0.0,0,0,0.0,0.0,0,0,ddos,ddos,1
9943,73,1,1,2,6,2,2,2.0,0.0,6,6,6.0,0.0,109589.0411,27397.26027,73.0,0.0,73,73,0,0.0,0.0,0,0,0,0.0,0.0,0,0,0,0,0,0,24,20,13698.63014,13698.63014,2,6,3.333333333,2.309401077,5.333333333,0,0,0,1,0,0,0,0,1,5.0,2.0,6.0,24,0,0,0,0,0,0,1,2,1,6,1024,0,0,24,0.0,0.0,0,0,0.0,0.0,0,0,portscan,portscan,1
80,9060852,5,0,30,0,6,6,6.0,0.0,0,0,0.0,0.0,3.310946918,0.551824486,2265213.0,4529759.357,9059852,3,9060852,2265213.0,4529759.357,9059852,3,0,0.0,0.0,0,0,0,0,0,0,100,0,0.551824486,0.0,6,6,6.0,0.0,0.0,0,0,0,0,1,0,0,0,0,7.2,6.0,0.0,100,0,0,0,0,0,0,5,30,0,0,256,-1,4,20,1000.0,0.0,1000,1000,9059852.0,0.0,9059852,9059852,ddos,ddos,1
32771,110,1,1,2,6,2,2,2.0,0.0,6,6,6.0,0.0,72727.27273,18181.81818,110.0,0.0,110,110,0,0.0,0.0,0,0,0,0.0,0.0,0,0,0,0,0,0,24,20,9090.909091,9090.909091,2,6,3.333333333,2.309401077,5.333333333,0,0,0,1,0,0,0,0,1,5.0,2.0,6.0,24,0,0,0,0,0,0,1,2,1,6,1024,0,0,24,0.0,0.0,0,0,0.0,0.0,0,0,portscan,portscan,1
8193,62,1,1,2,6,2,2,2.0,0.0,6,6,6.0,0.0,129032.2581,32258.06452,62.0,0.0,62,62,0,0.0,0.0,0,0,0,0.0,0.0,0,0,0,0,0,0,24,20,16129.03226,16129.03226,2,6,3.333333333,2.309401077,5.333333333,0,0,0,1,0,0,0,0,1,5.0,2.0,6.0,24,0,0,0,0,0,0,1,2,1,6,1024,0,0,24,0.0,0.0,0,0,0.0,0.0,0,0,portscan,portscan,1
80,117055078,25,19,3069,1630,464,0,122.76,192.0052690249,224,0,85.7894736842,108.0131570933,40.1434955261,0.3758914244,2722211.11627907,4382829.50180223,10125074,13,117055078,4877294.91666667,5046414.14187516,10272004,122,114497019,6360945.5,5000084.06451153,10274661,147431,0,0,0,0,520,392,0.2135746729,0.1623167514,0,464,104.4222222222,159.5942994096,25470.3404040404,0,0,0,1,0,0,0,0,0,106.7954545455,122.76,85.7894736842,520,0,0,0,0,0,0,25,3069,19,1630,29200,512,24,20,323352.363636364,571620.781779367,2046772,146850,10085725.4545455,24689.7123570269,10125074,10021039,benign,benign,0
37032,3,2,0,0,0,0,0,0.0,0.0,0,0,0.0,0.0,0.0,666666.666666667,3.0,0.0,3,3,3,3.0,0.0,3,3,0,0.0,0.0,0,0,0,0,0,0,64,0,666666.666666667,0.0,0,0,0.0,0.0,0.0,0,0,0,0,1,0,0,0,0,0.0,0.0,0.0,64,0,0,0,0,0,0,2,0,0,0,905,-1,0,32,0.0,0.0,0,0,0.0,0.0,0,0,benign,benign,0
2800,43,1,1,2,6,2,2,2.0,0.0,6,6,6.0,0.0,186046.5116,46511.62791,43.0,0.0,43,43,0,0.0,0.0,0,0,0,0.0,0.0,0,0,0,0,0,0,24,20,23255.81395,23255.81395,2,6,3.333333333,2.309401077,5.333333333,0,0,0,1,0,0,0,0,1,5.0,2.0,6.0,24,0,0,0,0,0,0,1,2,1,6,1024,0,0,24,0.0,0.0,0,0,0.0,0.0,0,0,portscan,portscan,1
22,94,1,1,6,6,6,6,6.0,0.0,6,6,6.0,0.0,127659.574468085,21276.5957446809,94.0,0.0,94,94,0,0.0,0.0,0,0,0,0.0,0.0,0,0,0,0,0,0,20,20,10638.2978723404,10638.2978723404,6,6,6.0,0.0,0.0,0,0,0,0,1,1,0,0,1,9.0,6.0,6.0,20,0,0,0,0,0,0,1,6,1,6,256,245,0,20,0.0,0.0,0,0,0.0,0.0,0,0,benign,benign,0
5051,44,1,1,2,6,2,2,2.0,0.0,6,6,6.0,0.0,181818.1818,45454.54545,44.0,0.0,44,44,0,0.0,0.0,0,0,0,0.0,0.0,0,0,0,0,0,0,24,20,22727.27273,22727.27273,2,6,3.333333333,2.309401077,5.333333333,0,0,0,1,0,0,0,0,1,5.0,2.0,6.0,24,0,0,0,0,0,0,1,2,1,6,1024,0,0,24,0.0,0.0,0,0,0.0,0.0,0,0,portscan,portscan,1
53,31252,2,2,90,146,45,45,45.0,0.0,73,73,73.0,0.0,7551.516702931,127.9918085243,10417.3333333333,18038.1544602915,31246,3,3,3.0,0.0,3,3,3,3.0,0.0,3,3,0,0,0,0,40,64,63.9959042621,63.9959042621,45,73,56.2,15.3362316101,235.2,0,0,0,0,0,0,0,0,1,70.25,45.0,73.0,40,0,0,0,0,0,0,2,90,2,146,-1,-1,1,20,0.0,0.0,0,0,0.0,0.0,0,0,benign,benign,0
443,103363,5,5,1112,494,538,0,222.4,279.3121909262,345,0,98.8,149.2136052778,15537.4747249983,96.7464179639,11484.7777777778,16729.0757872168,34355,111,68929,17232.25,19538.6127173008,34466,190,69008,17252.0,19353.3564186336,34165,216,0,0,0,0,112,112,48.3732089819,48.3732089819,0,538,146.0,215.1185719551,46276.0,0,0,0,1,0,0,0,0,1,160.6,222.4,98.8,112,0,0,0,0,0,0,5,1112,5,494,8192,131,4,20,0.0,0.0,0,0,0.0,0.0,0,0,benign,benign,0
443,65153489,34,47,1177,63378,517,0,34.6176470588,99.7162686055,4230,0,1348.4680851064,965.6172806319,990.814168064,1.2432181491,814418.6125,5476100.33997181,44997789,0,45183228,1369188.72727273,7832111.24440647,44997797,0,65115926,1415563.60869565,7200870.13197473,45036149,1,0,0,0,0,692,952,0.5218446552,0.7213734939,0,4230,787.256097561,980.6897145991,961752.316320385,0,0,0,1,0,0,0,0,1,796.975308642,34.6176470588,1348.4680851064,692,0,0,0,0,0,0,34,1177,47,63378,8192,119,33,20,111899.5,104000.558270136,185439,38360,32464844.0,17724260.7954761,44997789,19931899,benign,benign,0
2710,45,1,1,2,6,2,2,2.0,0.0,6,6,6.0,0.0,177777.7778,44444.44444,45.0,0.0,45,45,0,0.0,0.0,0,0,0,0.0,0.0,0,0,0,0,0,0,24,20,22222.22222,22222.22222,2,6,3.333333333,2.309401077,5.333333333,0,0,0,1,0,0,0,0,1,5.0,2.0,6.0,24,0,0,0,0,0,0,1,2,1,6,1024,0,0,24,0.0,0.0,0,0,0.0,0.0,0,0,portscan,portscan,1
443,90072746,3,3,18,0,6,6,6.0,0.0,0,0,0.0,0.0,0.1998384728,0.0666128243,18014549.2,24632690.4892232,44999871,22945,90043316,45021658.0,2778.9296500631,45023623,45019693,90048994,45024497.0,2377.2929983492,45026178,45022816,0,0,0,0,60,96,0.0333064121,0.0333064121,0,6,3.4285714286,3.2071349029,10.2857142857,0,0,0,0,1,0,0,0,1,4.0,6.0,0.0,60,0,0,0,0,0,0,3,18,3,0,256,1013,2,20,23348.5,570.6351724175,23752,22945,44998309.5,2208.2944776456,44999871,44996748,benign,benign,0
2021,46,1,1,2,6,2,2,2.0,0.0,6,6,6.0,0.0,173913.0435,43478.26087,46.0,0.0,46,46,0,0.0,0.0,0,0,0,0.0,0.0,0,0,0,0,0,0,24,20,21739.13043,21739.13043,2,6,3.333333333,2.309401077,5.333333333,0,0,0,1,0,0,0,0,1,5.0,2.0,6.0,24,0,0,0,0,0,0,1,2,1,6,1024,0,0,24,0.0,0.0,0,0,0.0,0.0,0,0,portscan,portscan,1
80,967586,3,6,26,11607,20,0,8.666666667,10.26320288,5840,0,1934.5,2538.919278,12022.70393,9.301498782,120948.25,341694.1697,966598,3,839,419.5,417.9001077,715,124,967543,193508.6,432170.2749,966598,3,0,0,0,0,72,132,3.100499594,6.200999188,0,5840,1163.3,2138.329153,4572451.567,0,0,0,1,0,0,0,0,2,1292.555556,8.666666667,1934.5,72,0,0,0,0,0,0,3,26,6,11607,8192,229,2,20,0.0,0.0,0,0,0.0,0.0,0,0,ddos,ddos,1
80,992681,3,4,26,11607,20,0,8.666666667,10.26320288,11595,0,2901.75,5795.50069,11718.76968,7.051610739,165446.8333,404813.1253,991768,1,832,416.0,379.0092347,684,148,992680,330893.3333,572334.4277,991768,5,0,0,0,0,72,92,3.022118888,4.029491851,0,11595,1454.125,4097.537534,16800000.0,0,0,0,1,0,0,0,0,1,1661.857143,8.666666667,2901.75,72,0,0,0,0,0,0,3,26,4,11607,8192,229,2,20,0.0,0.0,0,0,0.0,0.0,0,0,ddos,ddos,1
80,570727,3,5,26,11607,20,0,8.666666667,10.26320288,5840,0,2321.4,3173.373883,20382.77495,14.01720963,81532.42857,215215.4944,569595,5,860,430.0,459.6194078,755,105,570677,142669.25,284617.4385,569595,5,0,0,0,0,72,112,5.256453611,8.760756018,0,5840,1292.555556,2554.159212,6523729.278,0,0,0,1,0,0,0,0,1,1454.125,8.666666667,2321.4,72,0,0,0,0,0,0,3,26,5,11607,8192,229,2,20,0.0,0.0,0,0,0.0,0.0,0,0,ddos,ddos,1
443,60842,8,4,547,4225,192,0,68.375,83.5018177732,2920,0,1056.25,1319.9137282414,78432.6616482035,197.2321751422,5531.0909090909,6678.4309602562,17186,3,60842,8691.7142857143,6818.0862592149,17197,3,43350,14450.0,13040.9833601612,25768,189,0,0,0,0,172,92,131.4881167614,65.7440583807,0,2920,367.0769230769,817.7046595541,668640.91025641,0,0,0,1,0,0,0,0,0,397.6666666667,68.375,1056.25,172,0,0,0,0,0,0,8,547,4,4225,8192,60,7,20,0.0,0.0,0,0,0.0,0.0,0,0,benign,benign,0
481,76,1,1,2,6,2,2,2.0,0.0,6,6,6.0,0.0,105263.1579,26315.78947,76.0,0.0,76,76,0,0.0,0.0,0,0,0,0.0,0.0,0,0,0,0,0,0,24,20,13157.89474,13157.89474,2,6,3.333333333,2.309401077,5.333333333,0,0,0,1,0,0,0,0,1,5.0,2.0,6.0,24,0,0,0,0,0,0,1,2,1,6,1024,0,0,24,0.0,0.0,0,0,0.0,0.0,0,0,portscan,portscan,1
443,5151762,8,5,390,3716,209,0,48.75,77.1357800987,1992,0,743.2,922.5688050222,797.0088680339,2.523408496,429313.5,1436682.01397339,4991102,3,5151762,735966.0,1876497.45253233,4991102,3,81745,20436.25,21812.7417866255,42237,192,0,0,0,0,172,112,1.5528667667,0.9705417292,0,1992,293.2857142857,621.579554729,386361.142857143,0,0,0,1,0,0,0,0,0,315.8461538462,48.75,743.2,172,0,0,0,0,0,0,8,390,5,3716,8192,119,7,20,0.0,0.0,0,0,0.0,0.0,0,0,benign,benign,0
80,813876,3,6,26,11607,20,0,8.666666667,10.26320288,4380,0,1934.5,2177.344966,14293.33215,11.0581956,101734.5,287225.9368,812582,3,968,484.0,680.2367235,965,3,813854,162770.8,363255.7232,812582,33,0,0,0,0,72,132,3.686065199,7.372130398,0,4380,1163.3,1903.962654,3625073.789,0,0,0,1,0,0,0,0,2,1292.555556,8.666666667,1934.5,72,0,0,0,0,0,0,3,26,6,11607,8192,229,2,20,0.0,0.0,0,0,0.0,0.0,0,0,ddos,ddos,1
53,60999,1,1,46,188,46,46,46.0,0.0,188,188,188.0,0.0,3836.1284611223,32.7874227446,60999.0,0.0,60999,60999,0,0.0,0.0,0,0,0,0.0,0.0,0,0,0,0,0,0,20,32,16.3937113723,16.3937113723,46,188,93.3333333333,81.9837382249,6721.3333333333,0,0,0,0,0,0,0,0,1,140.0,46.0,188.0,20,0,0,0,0,0,0,1,46,1,188,-1,-1,0,20,0.0,0.0,0,0,0.0,0.0,0,0,benign,benign,0
7201,14,1,1,2,6,2,2,2.0,0.0,6,6,6.0,0.0,571428.5714,142857.1429,14.0,0.0,14,14,0,0.0,0.0,0,0,0,0.0,0.0,0,0,0,0,0,0,24,20,71428.57143,71428.57143,2,6,3.333333333,2.309401077,5.333333333,0,0,0,1,0,0,0,0,1,5.0,2.0,6.0,24,0,0,0,0,0,0,1,2,1,6,1024,0,0,24,0.0,0.0,0,0,0.0,0.0,0,0,portscan,portscan,1
443,4281336,8,9,1711,7101,1044,0,213.875,379.3424527107,2266,0,789.0,899.1565492171,2058.2360272588,3.9707231574,267583.5,797821.528317622,3111157,1,3277124,468160.571428571,1165722.25256603,3111157,197,4257448,532181.0,1132184.65785969,3198235,1,0,0,0,0,172,192,1.8685756035,2.1021475539,0,2266,489.5555555556,732.8361683714,537048.849673203,0,0,0,1,0,0,0,0,1,518.3529411765,213.875,789.0,172,0,0,0,0,0,0,8,1711,9,7101,8192,35,7,20,0.0,0.0,0,0,0.0,0.0,0,0,benign,benign,0
80,856168,2,6,20,11601,20,0,10.0,14.14213562,5840,0,1933.5,2189.772933,13573.27067,9.343960531,122309.7143,314151.2288,834512,15,21355,21355.0,0.0,21355,21355,856104,171220.8,370905.2494,834512,15,0,0,0,0,52,132,2.335990133,7.007970398,0,5840,1291.222222,1981.198108,3925145.944,0,0,0,1,0,0,0,0,3,1452.625,10.0,1933.5,52,0,0,0,0,0,0,2,20,6,11601,8192,229,1,20,0.0,0.0,0,0,0.0,0.0,0,0,ddos,ddos,1
6779,49,1,1,2,6,2,2,2.0,0.0,6,6,6.0,0.0,163265.3061,40816.32653,49.0,0.0,49,49,0,0.0,0.0,0,0,0,0.0,0.0,0,0,0,0,0,0,24,20,20408.16327,20408.16327,2,6,3.333333333,2.309401077,5.333333333,0,0,0,1,0,0,0,0,1,5.0,2.0,6.0,24,0,0,0,0,0,0,1,2,1,6,1024,0,0,24,0.0,0.0,0,0,0.0,0.0,0,0,portscan,portscan,1
80,845427,3,6,26,11601,20,0,8.666666667,10.26320288,4380,0,1933.5,1757.789948,13752.81367,10.64550813,105678.375,294300.7455,833977,49,11076,5538.0,7590.084189,10905,171,845298,169059.6,371730.2851,833977,49,0,0,0,0,72,132,3.548502709,7.097005419,0,4380,1162.7,1645.241762,2706820.456,0,0,0,1,0,0,0,0,2,1291.888889,8.666666667,1933.5,72,0,0,0,0,0,0,3,26,6,11601,8192,229,2,20,0.0,0.0,0,0,0.0,0.0,0,0,ddos,ddos,1
80,6648233,4,0,24,0,6,6,6.0,0.0,0,0,0.0,0.0,3.60998178,0.60166363,2216077.667,3837803.99,6647592,315,6648233,2216077.667,3837803.99,6647592,315,0,0.0,0.0,0,0,0,0,0,0,80,0,0.60166363,0.0,6,6,6.0,0.0,0.0,0,0,0,0,1,0,0,0,0,7.5,6.0,0.0,80,0,0,0,0,0,0,4,24,0,0,256,-1,3,20,641.0,0.0,641,641,6647592.0,0.0,6647592,6647592,ddos,ddos,1
443,494614,14,12,1084,5060,476,0,77.4285714286,130.9725245912,1430,0,421.6666666667,536.2728839505,12421.807712681,52.5662435758,19784.56,46066.4829242115,216743,1,494614,38047.2307692308,59326.1132781536,216743,1,450965,40996.8181818182,80248.7911707313,253157,1,0,0,0,0,292,252,28.304900387,24.2613431888,0,1430,227.5555555556,402.2025258435,161766.871794872,0,0,0,1,0,0,0,0,0,236.3076923077,77.4285714286,421.6666666667,292,0,0,0,0,0,0,14,1084,12,5060,8192,360,13,20,0.0,0.0,0,0,0.0,0.0,0,0,benign,benign,0
80,841119,3,4,26,11601,20,0,8.666666667,10.26320288,8760,0,2900.25,4128.319301,13823.25212,8.322246912,140186.5,331929.2464,817478,4,23007,11503.5,16262.74886,23003,4,841095,280365.0,465289.0797,817478,577,0,0,0,0,72,92,3.566677248,4.755569664,0,8760,1453.375,3113.952607,9696700.839,0,0,0,1,0,0,0,0,1,1661.0,8.666666667,2900.25,72,0,0,0,0,0,0,3,26,4,11601,8192,229,2,20,0.0,0.0,0,0,0.0,0.0,0,0,ddos,ddos,1
4446,93,1,1,2,6,2,2,2.0,0.0,6,6,6.0,0.0,86021.50538,21505.37634,93.0,0.0,93,93,0,0.0,0.0,0,0,0,0.0,0.0,0,0,0,0,0,0,24,20,10752.68817,10752.68817,2,6,3.333333333,2.309401077,5.333333333,0,0,0,1,0,0,0,0,1,5.0,2.0,6.0,24,0,0,0,0,0,0,1,2,1,6,1024,0,0,24,0.0,0.0,0,0,0.0,0.0,0,0,portscan,portscan,1
443,66567015,19,24,2033,13026,405,0,107.0,157.9757365336,2920,0,542.75,868.7370268034,226.2231527131,0.6459655732,1584928.92857143,3525298.26762541,10014426,3,62752693,3486260.72222222,4884423.26432726,10234410,123,66343152,2884484.86956522,4524422.09159559,10236407,3,0,0,0,0,392,564,0.2854266486,0.3605389246,0,2920,342.25,680.9852002968,463740.843023256,0,0,0,1,0,0,0,0,1,350.2093023256,107.0,542.75,392,0,0,0,0,0,0,19,2033,24,13026,8192,165,18,20,446285.666666667,548722.661370447,1566361,221941,10012496.5,978.9113851622,10014426,10011713,benign,benign,0
80,5769958,4,0,24,0,6,6,6.0,0.0,0,0,0.0,0.0,4.159475684,0.693245947,1923319.333,3331283.34,5769954,1,5769958,1923319.333,3331283.34,5769954,1,0,0.0,0.0,0,0,0,0,0,0,80,0,0.693245947,0.0,6,6,6.0,0.0,0.0,0,0,0,0,1,0,0,0,0,7.5,6.0,0.0,80,0,0,0,0,0,0,4,24,0,0,256,-1,3,20,4.0,0.0,4,4,5769954.0,0.0,5769954,5769954,ddos,ddos,1
80,13069385,8,4,811,1157,418,0,101.375,179.0681733706,604,0,289.25,331.3602017946,150.580918689,0.9181763335,1188125.90909091,2880692.59985662,9800857,127,13069385,1867055.0,3519151.67985397,9800857,108427,12558646,4186215.33333333,5156640.37791141,10114749,742046,0,0,0,0,172,92,0.6121175556,0.3060587778,0,604,151.3846153846,236.7856057216,56067.4230769231,0,0,0,1,0,0,0,0,0,164.0,101.375,289.25,172,0,0,0,0,0,0,8,811,4,1157,8192,1026,7,20,2752060.0,0.0,2752060,2752060,9800857.0,0.0,9800857,9800857,benign,benign,0
80,410324,3,6,26,11601,20,0,8.666666667,10.26320288,4380,0,1933.5,1973.024455,28336.14412,21.93388639,51290.5,138548.6573,393943,15,16025,8012.5,9977.983789,15068,957,410215,82043.0,174493.7493,393943,15,0,0,0,0,72,132,7.311295464,14.62259093,0,4380,1162.7,1775.649618,3152931.567,0,0,0,1,0,0,0,0,2,1291.888889,8.666666667,1933.5,72,0,0,0,0,0,0,3,26,6,11601,8192,229,2,20,0.0,0.0,0,0,0.0,0.0,0,0,ddos,ddos,1
443,456628,9,5,528,2982,193,0,58.6666666667,79.7135496638,1228,0,596.4,615.2599450639,7686.7822384961,30.659530296,35125.2307692308,82912.3568254996,221973,3,456628,57078.5,102245.533102569,223351,15,224439,56109.75,111050.040700503,222682,49,0,0,0,0,296,168,19.7096980474,10.9498322486,0,1228,234.0,427.042487013,182365.285714286,0,0,0,1,0,0,0,0,0,250.7142857143,58.6666666667,596.4,296,0,0,0,0,0,0,9,528,5,2982,29200,16,4,32,0.0,0.0,0,0,0.0,0.0,0,0,benign,benign,0
80,189960,2,5,20,11601,20,0,10.0,14.14213562,5840,0,2320.2,2436.833027,61176.03706,36.84986313,31660.0,72635.89149,179718,60,9826,9826.0,0.0,9826,9826,189900,47475.0,88280.88133,179718,155,0,0,0,0,52,112,10.52853232,26.32133081,0,5840,1452.625,2197.033906,4826957.982,0,0,0,1,0,0,0,0,2,1660.142857,10.0,2320.2,52,0,0,0,0,0,0,2,20,5,11601,8192,229,1,20,0.0,0.0,0,0,0.0,0.0,0,0,ddos,ddos,1
80,3773565,5,0,30,0,6,6,6.0,0.0,0,0,0.0,0.0,7.950041936,1.325006989,943391.25,1885799.844,3772091,343,3773565,943391.25,1885799.844,3772091,343,0,0.0,0.0,0,0,0,0,0,0,100,0,1.325006989,0.0,6,6,6.0,0.0,0.0,0,0,0,0,1,0,0,0,0,7.2,6.0,0.0,100,0,0,0,0,0,0,5,30,0,0,256,-1,4,20,0.0,0.0,0,0,0.0,0.0,0,0,ddos,ddos,1
53,3529026,2,2,83,272,43,40,41.5,2.1213203436,160,112,136.0,33.941125497,100.5943282934,1.1334572202,1176342.0,1908636.75753114,3379657,30565,3498461,3498461.0,0.0,3498461,3498461,3410222,3410222.0,0.0,3410222,3410222,0,0,0,0,40,40,0.5667286101,0.5667286101,40,160,79.6,54.224533193,2940.3,0,0,0,0,0,0,0,0,1,99.5,41.5,136.0,40,0,0,0,0,0,0,2,83,2,272,-1,-1,1,20,0.0,0.0,0,0,0.0,0.0,0,0,benign,benign,0
443,19,2,0,12,0,6,6,6.0,0.0,0,0,0.0,0.0,631578.947368421,105263.157894737,19.0,0.0,19,19,19,19.0,0.0,19,19,0,0.0,0.0,0,0,0,0,0,0,40,0,105263.157894737,0.0,6,6,6.0,0.0,0.0,0,0,0,0,1,0,0,0,0,9.0,6.0,0.0,40,0,0,0,0,0,0,2,12,0,0,256,-1,1,20,0.0,0.0,0,0,0.0,0.0,0,0,benign,benign,0
53,76184,1,1,43,59,43,43,43.0,0.0,59,59,59.0,0.0,1338.8638034233,26.2522314397,76184.0,0.0,76184,76184,0,0.0,0.0,0,0,0,0.0,0.0,0,0,0,0,0,0,32,32,13.1261157198,13.1261157198,43,59,48.3333333333,9.237604307,85.3333333333,0,0,0,0,0,0,0,0,1,72.5,43.0,59.0,32,0,0,0,0,0,0,1,43,1,59,-1,-1,0,32,0.0,0.0,0,0,0.0,0.0,0,0,benign,benign,0
1501,42,1,1,2,6,2,2,2.0,0.0,6,6,6.0,0.0,190476.1905,47619.04762,42.0,0.0,42,42,0,0.0,0.0,0,0,0,0.0,0.0,0,0,0,0,0,0,24,20,23809.52381,23809.52381,2,6,3.333333333,2.309401077,5.333333333,0,0,0,1,0,0,0,0,1,5.0,2.0,6.0,24,0,0,0,0,0,0,1,2,1,6,1024,0,0,24,0.0,0.0,0,0,0.0,0.0,0,0,portscan,portscan,1
9002,37,1,1,2,6,2,2,2.0,0.0,6,6,6.0,0.0,216216.2162,54054.05405,37.0,0.0,37,37,0,0.0,0.0,0,0,0,0.0,0.0,0,0,0,0,0,0,24,20,27027.02703,27027.02703,2,6,3.333333333,2.309401077,5.333333333,0,0,0,1,0,0,0,0,1,5.0,2.0,6.0,24,0,0,0,0,0,0,1,2,1,6,1024,0,0,24,0.0,0.0,0,0,0.0,0.0,0,0,portscan,portscan,1
53,46627,1,1,46,156,46,46,46.0,0.0,156,156,156.0,0.0,4332.2538443391,42.8936024192,46627.0,0.0,46627,46627,0,0.0,0.0,0,0,0,0.0,0.0,0,0,0,0,0,0,32,20,21.4468012096,21.4468012096,46,156,82.6666666667,63.5085296109,4033.3333333333,0,0,0,0,0,0,0,0,1,124.0,46.0,156.0,32,0,0,0,0,0,0,1,46,1,156,-1,-1,0,32,0.0,0.0,0,0,0.0,0.0,0,0,benign,benign,0
49777,1000248,2,0,12,0,6,6,6.0,0.0,0,0,0.0,0.0,11.9970247379,1.999504123,1000248.0,0.0,1000248,1000248,1000248,1000248.0,0.0,1000248,1000248,0,0.0,0.0,0,0,0,0,0,0,40,0,1.999504123,0.0,6,6,6.0,0.0,0.0,0,0,0,0,1,0,0,0,0,9.0,6.0,0.0,40,0,0,0,0,0,0,2,12,0,0,4972,-1,1,20,0.0,0.0,0,0,0.0,0.0,0,0,benign,benign,0
80,867781,3,5,26,11607,20,0,8.666666667,10.26320288,5840,0,2321.4,3173.373883,13405.45598,9.218915832,123968.7143,327530.1037,866737,3,834,417.0,451.1341264,736,98,867707,216926.75,433206.9741,866737,3,0,0,0,0,72,112,3.457093437,5.761822395,0,5840,1292.555556,2554.159212,6523729.278,0,0,0,1,0,0,0,0,1,1454.125,8.666666667,2321.4,72,0,0,0,0,0,0,3,26,5,11607,8192,229,2,20,0.0,0.0,0,0,0.0,0.0,0,0,ddos,ddos,1
4550,96,1,1,2,6,2,2,2.0,0.0,6,6,6.0,0.0,83333.33333,20833.33333,96.0,0.0,96,96,0,0.0,0.0,0,0,0,0.0,0.0,0,0,0,0,0,0,24,20,10416.66667,10416.66667,2,6,3.333333333,2.309401077,5.333333333,0,0,0,1,0,0,0,0,1,5.0,2.0,6.0,24,0,0,0,0,0,0,1,2,1,6,1024,0,0,24,0.0,0.0,0,0,0.0,0.0,0,0,portscan,portscan,1
5961,54,1,1,2,6,2,2,2.0,0.0,6,6,6.0,0.0,148148.1481,37037.03704,54.0,0.0,54,54,0,0.0,0.0,0,0,0,0.0,0.0,0,0,0,0,0,0,24,20,18518.51852,18518.51852,2,6,3.333333333,2.309401077,5.333333333,0,0,0,1,0,0,0,0,1,5.0,2.0,6.0,24,0,0,0,0,0,0,1,2,1,6,1024,0,0,24,0.0,0.0,0,0,0.0,0.0,0,0,portscan,portscan,1
80,1110602,3,5,26,11601,20,0,8.666666667,10.26320288,8675,0,2320.2,3626.369424,10469.09694,7.203300552,158657.4286,416651.7959,1103520,17,6617,3308.5,4407.396567,6425,192,1110585,277646.25,550590.9778,1103520,193,0,0,0,0,72,112,2.701237707,4.502062845,0,8675,1291.888889,2839.421263,8062313.111,0,0,0,1,0,0,0,0,1,1453.375,8.666666667,2320.2,72,0,0,0,0,0,0,3,26,5,11601,8192,229,2,20,0.0,0.0,0,0,0.0,0.0,0,0,ddos,ddos,1
443,23146802,18,23,5232,18714,826,0,290.6666666667,361.9574235605,2890,0,813.652173913,871.7227774875,1034.5273614904,1.7713030076,578670.05,1995283.71026715,9998822,3,13147977,773410.411764706,1913479.09435719,7977713,79,23113743,1050624.68181818,2636311.95570985,9998918,3,0,0,0,0,372,472,0.7776452229,0.9936577848,0,2890,570.1428571429,733.1830228175,537557.344947735,0,0,0,1,0,0,0,0,1,584.0487804878,290.6666666667,813.652173913,372,0,0,0,0,0,0,18,5232,23,18714,8192,72,17,20,2585132.0,1184376.98842978,3422613,1747651,8988267.5,1429139.87941716,9998822,7977713,benign,benign,0
80,1210036,4,0,24,0,6,6,6.0,0.0,0,0,0.0,0.0,19.83412064,3.305686773,403345.3333,696017.5787,1207037,1001,1210036,403345.3333,696017.5787,1207037,1001,0,0.0,0.0,0,0,0,0,0,0,80,0,3.305686773,0.0,6,6,6.0,0.0,0.0,0,0,0,0,1,0,0,0,0,7.5,6.0,0.0,80,0,0,0,0,0,0,4,24,0,0,256,-1,3,20,0.0,0.0,0,0,0.0,0.0,0,0,ddos,ddos,1
80,11357723,5,0,30,0,6,6,6.0,0.0,0,0,0.0,0.0,2.641374508,0.440229085,2839430.75,5678192.167,11400000,319,11400000,2839430.75,5678192.167,11400000,319,0,0.0,0.0,0,0,0,0,0,0,100,0,0.440229085,0.0,6,6,6.0,0.0,0.0,0,0,0,0,1,0,0,0,0,7.2,6.0,0.0,100,0,0,0,0,0,0,5,30,0,0,256,-1,4,20,1004.0,0.0,1004,1004,11400000.0,0.0,11400000,11400000,ddos,ddos,1
80,5123885,5,0,30,0,6,6,6.0,0.0,0,0,0.0,0.0,5.854932341,0.975822057,1280971.25,2560609.21,5121885,0,5123885,1280971.25,2560609.21,5121885,0,0,0.0,0.0,0,0,0,0,0,0,100,0,0.975822057,0.0,6,6,6.0,0.0,0.0,0,0,0,0,1,0,0,0,0,7.2,6.0,0.0,100,0,0,0,0,0,0,5,30,0,0,256,-1,4,20,2000.0,0.0,2000,2000,5121885.0,0.0,5121885,5121885,ddos,ddos,1
443,12317352,127,234,9071,260997,645,0,71.4251968504,162.9672534876,4380,0,1115.3717948718,924.7010064362,21925.816522902,29.308247422,34214.8666666667,307305.179996994,5637715,0,12317352,97756.7619047619,516240.937721858,5637715,1,6316887,27111.1030042918,127569.235786709,1263284,0,0,0,0,0,2552,4688,10.3106576803,18.9975897417,0,4380,746.044198895,900.6800128657,811224.485575672,0,0,0,1,0,0,0,0,1,748.1108033241,71.4251968504,1115.3717948718,2552,0,0,0,0,0,0,127,9071,234,260997,8192,12762,126,20,6679589.0,0.0,6679589,6679589,5637715.0,0.0,5637715,5637715,benign,benign,0
53,266984,1,1,48,143,48,48,48.0,0.0,143,143,143.0,0.0,715.3986755761,7.4910856081,266984.0,0.0,266984,266984,0,0.0,0.0,0,0,0,0.0,0.0,0,0,0,0,0,0,32,20,3.7455428041,3.7455428041,48,143,79.6666666667,54.848275573,3008.3333333333,0,0,0,0,0,0,0,0,1,119.5,48.0,143.0,32,0,0,0,0,0,0,1,48,1,143,-1,-1,0,32,0.0,0.0,0,0,0.0,0.0,0,0,benign,benign,0
3814,50,1,1,2,6,2,2,2.0,0.0,6,6,6.0,0.0,160000.0,40000.0,50.0,0.0,50,50,0,0.0,0.0,0,0,0,0.0,0.0,0,0,0,0,0,0,24,20,20000.0,20000.0,2,6,3.333333333,2.309401077,5.333333333,0,0,0,1,0,0,0,0,1,5.0,2.0,6.0,24,0,0,0,0,0,0,1,2,1,6,1024,0,0,24,0.0,0.0,0,0,0.0,0.0,0,0,portscan,portscan,1
25,43,1,1,2,6,2,2,2.0,0.0,6,6,6.0,0.0,186046.5116,46511.62791,43.0,0.0,43,43,0,0.0,0.0,0,0,0,0.0,0.0,0,0,0,0,0,0,24,20,23255.81395,23255.81395,2,6,3.333333333,2.309401077,5.333333333,0,0,0,1,0,0,0,0,1,5.0,2.0,6.0,24,0,0,0,0,0,0,1,2,1,6,1024,0,0,24,0.0,0.0,0,0,0.0,0.0,0,0,portscan,portscan,1
443,353661,33,33,1328,55377,437,0,40.2424242424,110.7056994646,2896,0,1678.0909090909,1006.0953099619,160337.159030823,186.6193897546,5440.9384615385,16005.9765633389,94440,1,353661,11051.90625,23146.3327135791,94440,1,328517,10266.15625,29610.6326436205,158629,3,0,0,0,0,1068,1064,93.3096948773,93.3096948773,0,2896,846.3432835821,1085.5291902087,1178373.62279512,0,0,0,1,0,0,0,0,1,859.1666666667,40.2424242424,1678.0909090909,1068,0,0,0,0,0,0,33,1328,33,55377,65535,1006,7,32,0.0,0.0,0,0,0.0,0.0,0,0,benign,benign,0
137,708,6,6,408,372,68,68,68.0,0.0,62,62,62.0,0.0,1101694.91525424,16949.1525423729,64.3636363636,69.1104517816,244,2,609,121.8,151.9644695315,346,2,462,92.4,84.6864806212,207,3,0,0,0,0,120,120,8474.5762711864,8474.5762711864,62,68,65.2307692308,3.11324713,9.6923076923,0,0,0,0,0,0,0,0,1,70.6666666667,68.0,62.0,120,0,0,0,0,0,0,6,408,6,372,-1,-1,5,20,0.0,0.0,0,0,0.0,0.0,0,0,benign,benign,0
443,6112668,7,3,599,137,517,0,85.5714285714,191.3085266813,137,0,45.6666666667,79.096986879,120.4056886453,1.6359468566,679185.333333333,1828987.00158469,5550738,41,6112668,1018778.0,2325116.32921744,5761977,43,392587,196293.5,22140.220425732,211949,180638,0,0,0,0,232,104,1.1451627996,0.490784057,0,517,66.9090909091,155.0402880192,24037.4909090909,0,0,0,1,0,0,0,0,0,73.6,85.5714285714,45.6666666667,232,0,0,0,0,0,0,7,599,3,137,29200,118,3,32,561887.0,0.0,561887,561887,5550738.0,0.0,5550738,5550738,benign,benign,0
80,115108674,17,15,378,1795,378,0,22.2352941176,91.6784662637,1775,0,119.6666666667,457.9631405422,18.877812805,0.2779981637,3713183.03225806,4900640.30608114,10203322,15,115108674,7194292.125,4672691.69954269,10240047,107,112507321,8036237.21428571,4345530.44999519,10240577,164,0,0,0,0,552,488,0.1476865245,0.1303116392,0,1775,65.8484848485,313.7883563419,98463.1325757576,0,0,0,1,0,0,0,0,0,67.90625,22.2352941176,119.6666666667,552,0,0,0,0,0,0,17,378,15,1795,29200,340,1,32,41979.0,16787.1705358586,92590,36690,10185921.4545455,56933.4114705307,10203322,10014262,benign,benign,0
51403,3,2,0,12,0,6,6,6.0,0.0,0,0,0.0,0.0,4000000.0,666666.666666667,3.0,0.0,3,3,3,3.0,0.0,3,3,0,0.0,0.0,0,0,0,0,0,0,40,0,666666.666666667,0.0,6,6,6.0,0.0,0.0,0,0,0,0,1,0,0,0,0,9.0,6.0,0.0,40,0,0,0,0,0,0,2,12,0,0,140,-1,1,20,0.0,0.0,0,0,0.0,0.0,0,0,benign,benign,0
443,46026,2,0,12,0,6,6,6.0,0.0,0,0,0.0,0.0,260.7222004954,43.4537000826,46026.0,0.0,46026,46026,46026,46026.0,0.0,46026,46026,0,0.0,0.0,0,0,0,0,0,0,40,0,43.4537000826,0.0,6,6,6.0,0.0,0.0,0,0,0,0,1,0,0,0,0,9.0,6.0,0.0,40,0,0,0,0,0,0,2,12,0,0,255,-1,1,20,0.0,0.0,0,0,0.0,0.0,0,0,benign,benign,0
464,34,1,1,2,6,2,2,2.0,0.0,6,6,6.0,0.0,235294.1176,58823.52941,34.0,0.0,34,34,0,0.0,0.0,0,0,0,0.0,0.0,0,0,0,0,0,0,24,20,29411.76471,29411.76471,2,6,3.333333333,2.309401077,5.333333333,0,0,0,1,0,0,0,0,1,5.0,2.0,6.0,24,0,0,0,0,0,0,1,2,1,6,1024,0,0,24,0.0,0.0,0,0,0.0,0.0,0,0,portscan,portscan,1
80,1816070,3,6,26,11601,20,0,8.666666667,10.26320288,5840,0,1933.5,2201.078258,6402.286255,4.955756111,227008.75,639934.8611,1810762,82,4797,2398.5,3242.084592,4691,106,1815967,363193.4,809217.9356,1810762,84,0,0,0,0,72,132,1.651918704,3.303837407,0,5840,1162.7,1918.795458,3681776.011,0,0,0,1,0,0,0,0,2,1291.888889,8.666666667,1933.5,72,0,0,0,0,0,0,3,26,6,11601,8192,229,2,20,0.0,0.0,0,0,0.0,0.0,0,0,ddos,ddos,1
53,23326,1,1,49,65,49,49,49.0,0.0,65,65,65.0,0.0,4887.250278659,85.7412329589,23326.0,0.0,23326,23326,0,0.0,0.0,0,0,0,0.0,0.0,0,0,0,0,0,0,32,32,42.8706164795,42.8706164795,49,65,54.3333333333,9.237604307,85.3333333333,0,0,0,0,0,0,0,0,1,81.5,49.0,65.0,32,0,0,0,0,0,0,1,49,1,65,-1,-1,0,32,0.0,0.0,0,0,0.0,0.0,0,0,benign,benign,0
80,8188800,5,0,30,0,6,6,6.0,0.0,0,0,0.0,0.0,3.663540445,0.610590074,2047200.0,4093070.027,8186805,1,8188800,2047200.0,4093070.027,8186805,1,0,0.0,0.0,0,0,0,0,0,0,100,0,0.610590074,0.0,6,6,6.0,0.0,0.0,0,0,0,0,1,0,0,0,0,7.2,6.0,0.0,100,0,0,0,0,0,0,5,30,0,0,256,-1,4,20,1995.0,0.0,1995,1995,8186805.0,0.0,8186805,8186805,ddos,ddos,1
3306,44,1,1,2,6,2,2,2.0,0.0,6,6,6.0,0.0,181818.1818,45454.54545,44.0,0.0,44,44,0,0.0,0.0,0,0,0,0.0,0.0,0,0,0,0,0,0,24,20,22727.27273,22727.27273,2,6,3.333333333,2.309401077,5.333333333,0,0,0,1,0,0,0,0,1,5.0,2.0,6.0,24,0,0,0,0,0,0,1,2,1,6,1024,0,0,24,0.0,0.0,0,0,0.0,0.0,0,0,portscan,portscan,1
545,42,1,1,2,6,2,2,2.0,0.0,6,6,6.0,0.0,190476.1905,47619.04762,42.0,0.0,42,42,0,0.0,0.0,0,0,0,0.0,0.0,0,0,0,0,0,0,24,20,23809.52381,23809.52381,2,6,3.333333333,2.309401077,5.333333333,0,0,0,1,0,0,0,0,1,5.0,2.0,6.0,24,0,0,0,0,0,0,1,2,1,6,1024,0,0,24,0.0,0.0,0,0,0.0,0.0,0,0,portscan,portscan,1
123,69023750,2,2,96,96,48,48,48.0,0.0,48,48,48.0,0.0,2.7816512432,0.0579510676,23007916.6666667,39809601.5424973,68976085,23656,69000094,69000094.0,0.0,69000094,69000094,68999741,68999741.0,0.0,68999741,68999741,0,0,0,0,40,76,0.0289755338,0.0289755338,48,48,48.0,0.0,0.0,0,0,0,0,0,0,0,0,1,60.0,48.0,48.0,40,0,0,0,0,0,0,2,96,2,96,-1,-1,1,20,24009.0,0.0,24009,24009,68976085.0,0.0,68976085,68976085,benign,benign,0
80,5109872,4,0,24,0,6,6,6.0,0.0,0,0,0.0,0.0,4.696790839,0.782798473,1703290.667,2950182.511,5109868,1,5109872,1703290.667,2950182.511,5109868,1,0,0.0,0.0,0,0,0,0,0,0,80,0,0.782798473,0.0,6,6,6.0,0.0,0.0,0,0,0,0,1,0,0,0,0,7.5,6.0,0.0,80,0,0,0,0,0,0,4,24,0,0,256,-1,3,20,4.0,0.0,4,4,5109868.0,0.0,5109868,5109868,ddos,ddos,1
80,624802,3,5,26,11607,20,0,8.666666667,10.26320288,8760,0,2321.4,3802.315321,18618.6984,12.80405633,89257.42857,235654.7791,623672,2,875,437.5,468.8117959,769,106,624704,156176.0,311664.2256,623672,2,0,0,0,0,72,112,4.801521122,8.002535203,0,8760,1292.555556,2952.520834,8717379.278,0,0,0,1,0,0,0,0,1,1454.125,8.666666667,2321.4,72,0,0,0,0,0,0,3,26,5,11607,8192,229,2,20,0.0,0.0,0,0,0.0,0.0,0,0,ddos,ddos,1
53,48149,1,1,55,110,55,55,55.0,0.0,110,110,110.0,0.0,3426.8624478182,41.5377266402,48149.0,0.0,48149,48149,0,0.0,0.0,0,0,0,0.0,0.0,0,0,0,0,0,0,20,20,20.7688633201,20.7688633201,55,110,73.3333333333,31.7542648054,1008.3333333333,0,0,0,0,0,0,0,0,1,110.0,55.0,110.0,20,0,0,0,0,0,0,1,55,1,110,-1,-1,0,20,0.0,0.0,0,0,0.0,0.0,0,0,benign,benign,0
53,23595,2,2,66,98,33,33,33.0,0.0,49,49,49.0,0.0,6950.6251324433,169.5274422547,7865.0,13577.5641040652,23543,4,4,4.0,0.0,4,4,48,48.0,0.0,48,48,0,0,0,0,64,40,84.7637211274,84.7637211274,33,49,39.4,8.7635609201,76.8,0,0,0,0,0,0,0,0,1,49.25,33.0,49.0,64,0,0,0,0,0,0,2,66,2,98,-1,-1,1,32,0.0,0.0,0,0,0.0,0.0,0,0,benign,benign,0
49867,3,2,0,37,0,31,6,18.5,17.6776695297,0,0,0.0,0.0,12333333.3333333,666666.666666667,3.0,0.0,3,3,3,3.0,0.0,3,3,0,0.0,0.0,0,0,1,0,0,0,40,0,666666.666666667,0.0,6,31,22.6666666667,14.4337567297,208.3333333333,0,1,0,0,1,0,0,0,0,34.0,18.5,0.0,40,0,0,0,0,0,0,2,37,0,0,62,-1,1,20,0.0,0.0,0,0,0.0,0.0,0,0,benign,benign,0
80,1087990,4,0,24,0,6,6,6.0,0.0,0,0,0.0,0.0,22.05902628,3.67650438,362663.3333,627291.5503,1086997,3,1087990,362663.3333,627291.5503,1086997,3,0,0.0,0.0,0,0,0,0,0,0,80,0,3.67650438,0.0,6,6,6.0,0.0,0.0,0,0,0,0,1,0,0,0,0,7.5,6.0,0.0,80,0,0,0,0,0,0,4,24,0,0,256,-1,3,20,0.0,0.0,0,0,0.0,0.0,0,0,ddos,ddos,1
123,66095003,2,2,96,96,48,48,48.0,0.0,48,48,48.0,0.0,2.904909468,0.0605189472,22031667.6666667,37995923.512605,65905581,94275,65999856,65999856.0,0.0,65999856,65999856,66000728,66000728.0,0.0,66000728,66000728,0,0,0,0,52,40,0.0302594736,0.0302594736,48,48,48.0,0.0,0.0,0,0,0,0,0,0,0,0,1,60.0,48.0,48.0,52,0,0,0,0,0,0,2,96,2,96,-1,-1,1,20,94275.0,0.0,94275,94275,65905581.0,0.0,65905581,65905581,benign,benign,0
20,34,1,1,2,6,2,2,2.0,0.0,6,6,6.0,0.0,235294.1176,58823.52941,34.0,0.0,34,34,0,0.0,0.0,0,0,0,0.0,0.0,0,0,0,0,0,0,24,20,29411.76471,29411.76471,2,6,3.333333333,2.309401077,5.333333333,0,0,0,1,0,0,0,0,1,5.0,2.0,6.0,24,0,0,0,0,0,0,1,2,1,6,1024,0,0,24,0.0,0.0,0,0,0.0,0.0,0,0,portscan,portscan,1
3268,437,4,2,782,144,391,0,195.5,225.7439552531,72,72,72.0,0.0,2118993.13501144,13729.9771167048,87.4,138.1911719322,331,3,437,145.6666666667,247.1059152132,431,3,49,49.0,0.0,49,49,1,0,0,0,128,64,9153.3180778032,4576.6590389016,0,391,188.1428571429,192.0186002895,36871.1428571429,0,1,0,0,1,0,0,0,0,219.5,195.5,72.0,128,0,0,0,0,0,0,4,782,2,144,299,2079,1,32,0.0,0.0,0,0,0.0,0.0,0,0,benign,benign,0
443,414460,9,10,809,6834,468,0,89.8888888889,157.6407660192,2920,0,683.4,968.5401615031,18440.8628094388,45.8427833808,23025.5555555556,51926.7049692865,220799,2,387493,48436.625,81670.5066312847,245072,221,390350,43372.2222222222,74314.4559419259,224657,2,0,0,0,0,204,212,21.7150026541,24.1277807267,0,2920,382.15,742.1071900871,550723.081578947,0,0,0,1,0,0,0,0,1,402.2631578947,89.8888888889,683.4,204,0,0,0,0,0,0,9,809,10,6834,8192,62,7,20,0.0,0.0,0,0,0.0,0.0,0,0,benign,benign,0
53,60763,1,1,50,114,50,50,50.0,0.0,114,114,114.0,0.0,2699.0109112453,32.9147672103,60763.0,0.0,60763,60763,0,0.0,0.0,0,0,0,0.0,0.0,0,0,0,0,0,0,0,20,16.4573836052,16.4573836052,50,114,71.3333333333,36.9504172281,1365.3333333333,0,0,0,0,0,0,0,0,1,107.0,50.0,114.0,0,0,0,0,0,0,0,1,50,1,114,-1,-1,0,0,0.0,0.0,0,0,0.0,0.0,0,0,benign,benign,0
80,4065883,5,0,30,0,6,6,6.0,0.0,0,0,0.0,0.0,7.378471048,1.229745175,1016470.75,2032296.884,4064916,1,4065883,1016470.75,2032296.884,4064916,1,0,0.0,0.0,0,0,0,0,0,0,100,0,1.229745175,0.0,6,6,6.0,0.0,0.0,0,0,0,0,1,0,0,0,0,7.2,6.0,0.0,100,0,0,0,0,0,0,5,30,0,0,256,-1,4,20,0.0,0.0,0,0,0.0,0.0,0,0,ddos,ddos,1
80,130291,3,5,26,11607,20,0,8.666666667,10.26320288,7215,0,2321.4,3327.769794,89284.75489,61.40101772,18613.0,48776.89855,129227,4,854,427.0,533.158513,804,50,130243,32560.75,64445.22396,129227,4,0,0,0,0,72,112,23.02538165,38.37563608,0,7215,1292.555556,2650.585648,7025604.278,0,0,0,1,0,0,0,0,1,1454.125,8.666666667,2321.4,72,0,0,0,0,0,0,3,26,5,11607,8192,229,2,20,0.0,0.0,0,0,0.0,0.0,0,0,ddos,ddos,1
443,154881,44,57,1634,98312,821,0,37.1363636364,127.4865411791,4230,0,1724.7719298246,1057.0442283209,645308.333494748,652.1135581511,1548.81,4910.154186505,22184,2,154881,3601.8837209302,7511.1203660189,28096,4,130550,2331.25,6561.839870175,29361,2,0,0,0,0,892,1152,284.0890748381,368.024483313,0,4230,979.862745098,1155.9709308005,1336268.79285576,0,0,0,1,0,0,0,0,1,989.5643564356,37.1363636364,1724.7719298246,892,0,0,0,0,0,0,44,1634,57,98312,8192,125,43,20,0.0,0.0,0,0,0.0,0.0,0,0,benign,benign,0
443,10174330,6,5,334,166,241,0,55.6666666667,95.1013494471,85,0,33.2,40.4561491,49.1432851107,1.0811522724,1017433.0,3186776.125583,10087079,26,10174330,2034866.0,4517156.07294579,10115359,239,58904,14726.0,16135.4416735335,28738,46,0,0,0,0,132,112,0.5897194213,0.4914328511,0,241,41.6666666667,70.7355296263,5003.5151515152,0,0,0,1,0,0,0,0,0,45.4545454545,55.6666666667,33.2,132,0,0,0,0,0,0,6,334,5,166,8192,4392,5,20,0.0,0.0,0,0,0.0,0.0,0,0,benign,benign,0
53,74182,1,1,55,128,55,55,55.0,0.0,128,128,128.0,0.0,2466.9057183683,26.9607182335,74182.0,0.0,74182,74182,0,0.0,0.0,0,0,0,0.0,0.0,0,0,0,0,0,0,20,32,13.4803591168,13.4803591168,55,128,79.3333333333,42.1465696508,1776.3333333333,0,0,0,0,0,0,0,0,1,119.0,55.0,128.0,20,0,0,0,0,0,0,1,55,1,128,-1,-1,0,20,0.0,0.0,0,0,0.0,0.0,0,0,benign,benign,0
80,872145,3,5,26,11607,20,0,8.666666667,10.26320288,8675,0,2321.4,3769.536019,13338.37837,9.172786635,124592.1429,329183.9727,871111,7,809,404.5,504.167135,761,48,872111,218027.75,435388.9688,871111,7,0,0,0,0,72,112,3.439794988,5.732991647,0,8675,1292.555556,2931.429562,8593279.278,0,0,0,1,0,0,0,0,1,1454.125,8.666666667,2321.4,72,0,0,0,0,0,0,3,26,5,11607,8192,229,2,20,0.0,0.0,0,0,0.0,0.0,0,0,ddos,ddos,1
62451,208,3,0,65,0,53,6,21.6666666667,27.1354626519,0,0,0.0,0.0,312500.0,14423.0769230769,104.0,145.6639969244,207,1,208,104.0,145.6639969244,207,1,0,0.0,0.0,0,0,0,0,0,0,60,0,14423.0769230769,0.0,6,53,17.75,23.5,552.25,0,0,0,0,1,0,0,0,0,23.6666666667,21.6666666667,0.0,60,0,0,0,0,0,0,3,65,0,0,1025,-1,2,20,0.0,0.0,0,0,0.0,0.0,0,0,benign,benign,0
9998,44,1,1,2,6,2,2,2.0,0.0,6,6,6.0,0.0,181818.1818,45454.54545,44.0,0.0,44,44,0,0.0,0.0,0,0,0,0.0,0.0,0,0,0,0,0,0,24,20,22727.27273,22727.27273,2,6,3.333333333,2.309401077,5.333333333,0,0,0,1,0,0,0,0,1,5.0,2.0,6.0,24,0,0,0,0,0,0,1,2,1,6,1024,0,0,24,0.0,0.0,0,0,0.0,0.0,0,0,portscan,portscan,1
443,128,1,1,6,6,6,6,6.0,0.0,6,6,6.0,0.0,93750.0,15625.0,128.0,0.0,128,128,0,0.0,0.0,0,0,0,0.0,0.0,0,0,0,0,0,0,20,20,7812.5,7812.5,6,6,6.0,0.0,0.0,0,0,0,0,1,0,0,0,1,9.0,6.0,6.0,20,0,0,0,0,0,0,1,6,1,6,255,60,0,20,0.0,0.0,0,0,0.0,0.0,0,0,benign,benign,0
443,5463095,8,6,610,4032,342,0,76.25,125.2913746889,1460,0,672.0,724.1985915479,849.7014970452,2.5626499265,420238.076923077,1474630.70477094,5327845,18,5463095,780442.142857143,2005390.07159151,5327845,18,61743,12348.6,15702.9616251203,34322,48,0,0,0,0,172,128,1.4643713865,1.0982785399,0,1460,309.4666666667,537.9641340497,289405.409523809,0,0,0,1,0,0,0,0,0,331.5714285714,76.25,672.0,172,0,0,0,0,0,0,8,610,6,4032,8192,4913,7,20,135232.0,0.0,135232,135232,5327845.0,0.0,5327845,5327845,benign,benign,0
443,62881206,18,21,2563,12809,533,0,142.3888888889,222.9226029996,1460,0,609.9523809524,560.7087012157,244.460960243,0.6202171122,1654768.57894737,7641478.2642637,45003676,1,62881206,3698894.47058824,11275014.2810457,45003676,161,62405138,3120256.9,10447945.8164063,45050086,1,0,0,0,0,372,444,0.2862540518,0.3339630604,0,1460,384.3,491.0233792543,241103.958974359,0,0,0,1,0,0,0,0,1,394.1538461538,142.3888888889,609.9523809524,372,0,0,0,0,0,0,18,2563,21,12809,8192,126,17,20,1013775.5,1368243.84342138,1981270,46281,30211975.0,20918624.1647677,45003676,15420274,benign,benign,0
53,30829,1,1,54,108,54,54,54.0,0.0,108,108,108.0,0.0,5254.7925654416,64.8739822894,30829.0,0.0,30829,30829,0,0.0,0.0,0,0,0,0.0,0.0,0,0,0,0,0,0,20,20,32.4369911447,32.4369911447,54,108,72.0,31.1769145362,972.0,0,0,0,0,0,0,0,0,1,108.0,54.0,108.0,20,0,0,0,0,0,0,1,54,1,108,-1,-1,0,20,0.0,0.0,0,0,0.0,0.0,0,0,benign,benign,0
53,31079,1,1,64,92,64,64,64.0,0.0,92,92,92.0,0.0,5019.4665208018,64.3521348821,31079.0,0.0,31079,31079,0,0.0,0.0,0,0,0,0.0,0.0,0,0,0,0,0,0,40,20,32.176067441,32.176067441,64,92,73.3333333333,16.1658075373,261.3333333333,0,0,0,0,0,0,0,0,1,110.0,64.0,92.0,40,0,0,0,0,0,0,1,64,1,92,-1,-1,0,40,0.0,0.0,0,0,0.0,0.0,0,0,benign,benign,0
53,164,2,2,64,96,32,32,32.0,0.0,48,48,48.0,0.0,975609.756097561,24390.243902439,54.6666666667,55.3022000768,113,3,3,3.0,0.0,3,3,48,48.0,0.0,48,48,0,0,0,0,64,64,12195.1219512195,12195.1219512195,32,48,38.4,8.7635609201,76.8,0,0,0,0,0,0,0,0,1,48.0,32.0,48.0,64,0,0,0,0,0,0,2,64,2,96,-1,-1,1,32,0.0,0.0,0,0,0.0,0.0,0,0,benign,benign,0
2702,49,1,1,2,6,2,2,2.0,0.0,6,6,6.0,0.0,163265.3061,40816.32653,49.0,0.0,49,49,0,0.0,0.0,0,0,0,0.0,0.0,0,0,0,0,0,0,24,20,20408.16327,20408.16327,2,6,3.333333333,2.309401077,5.333333333,0,0,0,1,0,0,0,0,1,5.0,2.0,6.0,24,0,0,0,0,0,0,1,2,1,6,1024,0,0,24,0.0,0.0,0,0,0.0,0.0,0,0,portscan,portscan,1
749,79,1,1,2,6,2,2,2.0,0.0,6,6,6.0,0.0,101265.8228,25316.4557,79.0,0.0,79,79,0,0.0,0.0,0,0,0,0.0,0.0,0,0,0,0,0,0,24,20,12658.22785,12658.22785,2,6,3.333333333,2.309401077,5.333333333,0,0,0,1,0,0,0,0,1,5.0,2.0,6.0,24,0,0,0,0,0,0,1,2,1,6,1024,0,0,24,0.0,0.0,0,0,0.0,0.0,0,0,portscan,portscan,1
443,209060,15,14,2142,7442,1507,0,142.8,382.4834636948,1529,0,531.5714285714,653.618415413,45843.2985745719,138.7161580408,7466.4285714286,12897.8210575177,35635,1,209060,14932.8571428571,15449.4306933056,36949,4,171441,13187.7692307692,21714.7482184875,61962,3,0,0,0,0,312,292,71.7497369176,66.9664211231,0,1529,319.4666666667,550.9238468767,303517.085057471,0,0,0,1,0,0,0,0,0,330.4827586207,142.8,531.5714285714,312,0,0,0,0,0,0,15,2142,14,7442,8192,131,14,20,0.0,0.0,0,0,0.0,0.0,0,0,benign,benign,0
2030,11,1,1,2,6,2,2,2.0,0.0,6,6,6.0,0.0,727272.7273,181818.1818,11.0,0.0,11,11,0,0.0,0.0,0,0,0,0.0,0.0,0,0,0,0,0,0,24,20,90909.09091,90909.09091,2,6,3.333333333,2.309401077,5.333333333,0,0,0,1,0,0,0,0,1,5.0,2.0,6.0,24,0,0,0,0,0,0,1,2,1,6,1024,0,0,24,0.0,0.0,0,0,0.0,0.0,0,0,portscan,portscan,1
19,42,1,1,2,6,2,2,2.0,0.0,6,6,6.0,0.0,190476.1905,47619.04762,42.0,0.0,42,42,0,0.0,0.0,0,0,0,0.0,0.0,0,0,0,0,0,0,24,20,23809.52381,23809.52381,2,6,3.333333333,2.309401077,5.333333333,0,0,0,1,0,0,0,0,1,5.0,2.0,6.0,24,0,0,0,0,0,0,1,2,1,6,1024,0,0,24,0.0,0.0,0,0,0.0,0.0,0,0,portscan,portscan,1
5030,45,1,1,2,6,2,2,2.0,0.0,6,6,6.0,0.0,177777.7778,44444.44444,45.0,0.0,45,45,0,0.0,0.0,0,0,0,0.0,0.0,0,0,0,0,0,0,24,20,22222.22222,22222.22222,2,6,3.333333333,2.309401077,5.333333333,0,0,0,1,0,0,0,0,1,5.0,2.0,6.0,24,0,0,0,0,0,0,1,2,1,6,1024,0,0,24,0.0,0.0,0,0,0.0,0.0,0,0,portscan,portscan,1
443,220002,36,54,1061,71920,315,0,29.4722222222,65.8029465737,2860,0,1331.8518518519,641.2575324478,331728.802465432,409.0871901165,2471.9325842697,7452.818583349,37645,0,220002,6285.7714285714,11182.9837965222,38894,4,180550,3406.6037735849,9725.8192859159,53382,0,0,0,0,0,732,1092,163.6348760466,245.4523140699,0,2860,801.989010989,811.2667802682,658153.788766789,0,0,0,1,0,0,0,0,1,810.9,29.4722222222,1331.8518518519,732,0,0,0,0,0,0,36,1061,54,71920,8192,360,35,20,0.0,0.0,0,0,0.0,0.0,0,0,benign,benign,0
443,42901102,32,39,22948,33522,6649,0,717.125,1522.221842804,2860,0,859.5384615385,829.0793196182,1316.2832041005,1.6549691428,612872.885714286,5074210.17593708,42460121,1,42901102,1383906.51612903,7630196.36158438,42496428,15,404426,10642.7894736842,20880.0906596327,97971,1,0,0,0,0,652,792,0.7459015855,0.9090675573,0,6649,784.3055555556,1180.4295785128,1393413.98982786,0,0,0,1,0,0,0,0,1,795.3521126761,717.125,859.5384615385,652,0,0,0,0,0,0,32,22948,39,33522,8192,705,31,20,440837.0,0.0,440837,440837,42460121.0,0.0,42460121,42460121,benign,benign,0
53,52616,1,1,55,118,55,55,55.0,0.0,118,118,118.0,0.0,3287.9732400791,38.0112513304,52616.0,0.0,52616,52616,0,0.0,0.0,0,0,0,0.0,0.0,0,0,0,0,0,0,20,20,19.0056256652,19.0056256652,55,118,76.0,36.3730669589,1323.0,0,0,0,0,0,0,0,0,1,114.0,55.0,118.0,20,0,0,0,0,0,0,1,55,1,118,-1,-1,0,20,0.0,0.0,0,0,0.0,0.0,0,0,benign,benign,0
222,54,1,1,2,6,2,2,2.0,0.0,6,6,6.0,0.0,148148.1481,37037.03704,54.0,0.0,54,54,0,0.0,0.0,0,0,0,0.0,0.0,0,0,0,0,0,0,24,20,18518.51852,18518.51852,2,6,3.333333333,2.309401077,5.333333333,0,0,0,1,0,0,0,0,1,5.0,2.0,6.0,24,0,0,0,0,0,0,1,2,1,6,1024,0,0,24,0.0,0.0,0,0,0.0,0.0,0,0,portscan,portscan,1
53,48415,1,1,77,159,77,77,77.0,0.0,159,159,159.0,0.0,4874.5223587731,41.309511515,48415.0,0.0,48415,48415,0,0.0,0.0,0,0,0,0.0,0.0,0,0,0,0,0,0,20,32,20.6547557575,20.6547557575,77,159,104.3333333333,47.3427220735,2241.3333333333,0,0,0,0,0,0,0,0,1,156.5,77.0,159.0,20,0,0,0,0,0,0,1,77,1,159,-1,-1,0,20,0.0,0.0,0,0,0.0,0.0,0,0,benign,benign,0
80,68080,3,4,432,2278,426,0,144.0,244.2375892446,2266,0,569.5,1131.0035366877,39806.1104582844,102.8202115159,11346.6666666667,16829.2376614827,33561,5,34476,17238.0,23255.3278196632,33682,794,34519,11506.3333333333,19037.5596475319,33481,5,0,0,0,0,72,92,44.0658049354,58.7544065805,0,2266,338.75,792.6742710597,628332.5,0,0,0,1,0,0,0,0,1,387.1428571429,144.0,569.5,72,0,0,0,0,0,0,3,432,4,2278,8192,237,2,20,0.0,0.0,0,0,0.0,0.0,0,0,benign,benign,0
443,1574,2,0,12,0,6,6,6.0,0.0,0,0,0.0,0.0,7623.8881829733,1270.6480304956,1574.0,0.0,1574,1574,1574,1574.0,0.0,1574,1574,0,0.0,0.0,0,0,0,0,0,0,40,0,1270.6480304956,0.0,6,6,6.0,0.0,0.0,0,0,0,0,1,0,0,0,0,9.0,6.0,0.0,40,0,0,0,0,0,0,2,12,0,0,253,-1,1,20,0.0,0.0,0,0,0.0,0.0,0,0,benign,benign,0
53,60665,1,1,43,167,43,43,43.0,0.0,167,167,167.0,0.0,3461.6335613616,32.9679386796,60665.0,0.0,60665,60665,0,0.0,0.0,0,0,0,0.0,0.0,0,0,0,0,0,0,32,32,16.4839693398,16.4839693398,43,167,84.3333333333,71.5914333795,5125.3333333333,0,0,0,0,0,0,0,0,1,126.5,43.0,167.0,32,0,0,0,0,0,0,1,43,1,167,-1,-1,0,32,0.0,0.0,0,0,0.0,0.0,0,0,benign,benign,0
2144,43,1,1,2,6,2,2,2.0,0.0,6,6,6.0,0.0,186046.5116,46511.62791,43.0,0.0,43,43,0,0.0,0.0,0,0,0,0.0,0.0,0,0,0,0,0,0,24,20,23255.81395,23255.81395,2,6,3.333333333,2.309401077,5.333333333,0,0,0,1,0,0,0,0,1,5.0,2.0,6.0,24,0,0,0,0,0,0,1,2,1,6,1024,0,0,24,0.0,0.0,0,0,0.0,0.0,0,0,portscan,portscan,1
80,772024,4,0,24,0,6,6,6.0,0.0,0,0,0.0,0.0,31.08711646,5.181186077,257341.3333,444874.633,771038,3,772024,257341.3333,444874.633,771038,3,0,0.0,0.0,0,0,0,0,0,0,80,0,5.181186077,0.0,6,6,6.0,0.0,0.0,0,0,0,0,1,0,0,0,0,7.5,6.0,0.0,80,0,0,0,0,0,0,4,24,0,0,256,-1,3,20,0.0,0.0,0,0,0.0,0.0,0,0,ddos,ddos,1
80,4045073,5,0,30,0,6,6,6.0,0.0,0,0,0.0,0.0,7.416429815,1.236071636,1011268.25,2021204.554,4043075,3,4045073,1011268.25,2021204.554,4043075,3,0,0.0,0.0,0,0,0,0,0,0,100,0,1.236071636,0.0,6,6,6.0,0.0,0.0,0,0,0,0,1,0,0,0,0,7.2,6.0,0.0,100,0,0,0,0,0,0,5,30,0,0,256,-1,4,20,0.0,0.0,0,0,0.0,0.0,0,0,ddos,ddos,1
443,106476,9,11,552,3954,193,0,61.3333333333,77.5387000149,1410,0,359.4545454545,554.8746459582,42319.3959202074,187.8357564146,5604.0,8786.9854393365,24636,1,95920,11990.0,10780.7523591154,24636,4,83942,8394.2,15711.1413532634,47666,1,0,0,0,0,192,232,84.5260903866,103.309666028,0,1410,214.5714285714,425.1609779164,180761.857142857,0,0,0,1,0,0,0,0,1,225.3,61.3333333333,359.4545454545,192,0,0,0,0,0,0,9,552,11,3954,8192,119,8,20,0.0,0.0,0,0,0.0,0.0,0,0,benign,benign,0
443,4700860,2,0,12,0,6,6,6.0,0.0,0,0,0.0,0.0,2.5527243951,0.4254540659,4700860.0,0.0,4700860,4700860,4700860,4700860.0,0.0,4700860,4700860,0,0.0,0.0,0,0,0,0,0,0,40,0,0.4254540659,0.0,6,6,6.0,0.0,0.0,0,0,0,0,1,0,0,0,0,9.0,6.0,0.0,40,0,0,0,0,0,0,2,12,0,0,253,-1,1,20,0.0,0.0,0,0,0.0,0.0,0,0,benign,benign,0
53,715180,1,1,49,116,49,49,49.0,0.0,116,116,116.0,0.0,230.7111496407,2.7964987835,715180.0,0.0,715180,715180,0,0.0,0.0,0,0,0,0.0,0.0,0,0,0,0,0,0,32,32,1.3982493918,1.3982493918,49,116,71.3333333333,38.6824680357,1496.3333333333,0,0,0,0,0,0,0,0,1,107.0,49.0,116.0,32,0,0,0,0,0,0,1,49,1,116,-1,-1,0,32,0.0,0.0,0,0,0.0,0.0,0,0,benign,benign,0
53,34243,1,1,47,106,47,47,47.0,0.0,106,106,106.0,0.0,4468.0664661391,58.4060975966,34243.0,0.0,34243,34243,0,0.0,0.0,0,0,0,0.0,0.0,0,0,0,0,0,0,20,20,29.2030487983,29.2030487983,47,106,66.6666666667,34.0636658822,1160.3333333333,0,0,0,0,0,0,0,0,1,100.0,47.0,106.0,20,0,0,0,0,0,0,1,47,1,106,-1,-1,0,20,0.0,0.0,0,0,0.0,0.0,0,0,benign,benign,0
9290,44,1,1,2,6,2,2,2.0,0.0,6,6,6.0,0.0,181818.1818,45454.54545,44.0,0.0,44,44,0,0.0,0.0,0,0,0,0.0,0.0,0,0,0,0,0,0,24,20,22727.27273,22727.27273,2,6,3.333333333,2.309401077,5.333333333,0,0,0,1,0,0,0,0,1,5.0,2.0,6.0,24,0,0,0,0,0,0,1,2,1,6,1024,0,0,24,0.0,0.0,0,0,0.0,0.0,0,0,portscan,portscan,1
32781,48,1,1,2,6,2,2,2.0,0.0,6,6,6.0,0.0,166666.6667,41666.66667,48.0,0.0,48,48,0,0.0,0.0,0,0,0,0.0,0.0,0,0,0,0,0,0,24,20,20833.33333,20833.33333,2,6,3.333333333,2.309401077,5.333333333,0,0,0,1,0,0,0,0,1,5.0,2.0,6.0,24,0,0,0,0,0,0,1,2,1,6,1024,0,0,24,0.0,0.0,0,0,0.0,0.0,0,0,portscan,portscan,1
443,102675,5,5,1068,710,517,0,213.6,267.3187236241,561,0,142.0,241.2167075474,17316.7762356952,97.3946919893,11408.3333333333,16568.8512124408,34507,55,68450,17112.5,19476.3327571354,34667,102,69453,17363.25,19199.2813819511,34664,509,0,0,0,0,112,112,48.6973459946,48.6973459946,0,561,161.6363636364,236.6716175325,56013.4545454546,0,0,0,1,0,0,0,0,1,177.8,213.6,142.0,112,0,0,0,0,0,0,5,1068,5,710,8192,131,4,20,0.0,0.0,0,0,0.0,0.0,0,0,benign,benign,0
51421,4,2,0,12,0,6,6,6.0,0.0,0,0,0.0,0.0,3000000.0,500000.0,4.0,0.0,4,4,4,4.0,0.0,4,4,0,0.0,0.0,0,0,0,0,0,0,40,0,500000.0,0.0,6,6,6.0,0.0,0.0,0,0,0,0,1,0,0,0,0,9.0,6.0,0.0,40,0,0,0,0,0,0,2,12,0,0,229,-1,1,20,0.0,0.0,0,0,0.0,0.0,0,0,benign,benign,0
53,472,1,1,48,64,48,48,48.0,0.0,64,64,64.0,0.0,237288.13559322,4237.2881355932,472.0,0.0,472,472,0,0.0,0.0,0,0,0,0.0,0.0,0,0,0,0,0,0,32,32,2118.6440677966,2118.6440677966,48,64,53.3333333333,9.237604307,85.3333333333,0,0,0,0,0,0,0,0,1,80.0,48.0,64.0,32,0,0,0,0,0,0,1,48,1,64,-1,-1,0,32,0.0,0.0,0,0,0.0,0.0,0,0,benign,benign,0
80,42,2,0,12,0,6,6,6.0,0.0,0,0,0.0,0.0,285714.285714286,47619.0476190476,42.0,0.0,42,42,42,42.0,0.0,42,42,0,0.0,0.0,0,0,0,0,0,0,40,0,47619.0476190476,0.0,6,6,6.0,0.0,0.0,0,0,0,0,1,0,0,0,0,9.0,6.0,0.0,40,0,0,0,0,0,0,2,12,0,0,2184,-1,1,20,0.0,0.0,0,0,0.0,0.0,0,0,benign,benign,0
80,4039073,4,0,24,0,6,6,6.0,0.0,0,0,0.0,0.0,5.941957474,0.990326246,1346357.667,2329344.109,4036052,3,4039073,1346357.667,2329344.109,4036052,3,0,0.0,0.0,0,0,0,0,0,0,80,0,0.990326246,0.0,6,6,6.0,0.0,0.0,0,0,0,0,1,0,0,0,0,7.5,6.0,0.0,80,0,0,0,0,0,0,4,24,0,0,256,-1,3,20,0.0,0.0,0,0,0.0,0.0,0,0,ddos,ddos,1
787,32,1,1,2,6,2,2,2.0,0.0,6,6,6.0,0.0,250000.0,62500.0,32.0,0.0,32,32,0,0.0,0.0,0,0,0,0.0,0.0,0,0,0,0,0,0,24,20,31250.0,31250.0,2,6,3.333333333,2.309401077,5.333333333,0,0,0,1,0,0,0,0,1,5.0,2.0,6.0,24,0,0,0,0,0,0,1,2,1,6,1024,0,0,24,0.0,0.0,0,0,0.0,0.0,0,0,portscan,portscan,1
53,34995,1,1,48,125,48,48,48.0,0.0,125,125,125.0,0.0,4943.5633661952,57.1510215745,34995.0,0.0,34995,34995,0,0.0,0.0,0,0,0,0.0,0.0,0,0,0,0,0,0,32,20,28.5755107873,28.5755107873,48,125,73.6666666667,44.4559707276,1976.3333333333,0,0,0,0,0,0,0,0,1,110.5,48.0,125.0,32,0,0,0,0,0,0,1,48,1,125,-1,-1,0,32,0.0,0.0,0,0,0.0,0.0,0,0,benign,benign,0
443,118857658,27,24,2688,12543,549,0,99.5555555556,192.3834978797,1460,0,522.625,639.7406956015,128.1448772952,0.4290846788,2377153.16,4095785.68175731,10013965,3,118857658,4571448.38461538,5004911.74492587,10343872,3,116930500,5083934.7826087,5129468.59243073,10342960,49,0,0,0,0,552,492,0.227162477,0.2019222018,0,1460,292.9038461538,499.7477112373,249747.774886878,0,0,0,1,0,0,0,0,0,298.6470588235,99.5555555556,522.625,552,0,0,0,0,0,0,27,2688,24,12543,8192,6901,26,20,631739.727272727,1036645.24888277,3756795,269529,9998719.81818182,16715.2375144247,10013965,9950713,benign,benign,0
53,476,1,1,40,112,40,40,40.0,0.0,112,112,112.0,0.0,319327.731092437,4201.6806722689,476.0,0.0,476,476,0,0.0,0.0,0,0,0,0.0,0.0,0,0,0,0,0,0,32,32,2100.8403361345,2100.8403361345,40,112,64.0,41.5692193817,1728.0,0,0,0,0,0,0,0,0,1,96.0,40.0,112.0,32,0,0,0,0,0,0,1,40,1,112,-1,-1,0,32,0.0,0.0,0,0,0.0,0.0,0,0,benign,benign,0
80,30932,3,4,26,11601,20,0,8.666666667,10.26320288,10135,0,2900.25,4871.82583,375889.0469,226.3028579,5155.333333,7460.660712,14958,28,16009,8004.5,9873.331986,14986,1023,30904,10301.33333,8785.492948,16117,195,0,0,0,0,72,92,96.98693909,129.3159188,0,10135,1453.375,3544.652026,12600000.0,0,0,0,1,0,0,0,0,1,1661.0,8.666666667,2900.25,72,0,0,0,0,0,0,3,26,4,11601,8192,229,2,20,0.0,0.0,0,0,0.0,0.0,0,0,ddos,ddos,1
443,14725505,8,9,1037,6645,517,0,129.625,202.0565249768,1844,0,738.3333333333,823.0482974893,521.67990164,1.1544595584,920344.0625,2674794.86334768,9999762,27,10126270,1446610.0,3771604.02423072,9999762,104,14695762,1836970.25,3674063.92062172,10030540,100,0,0,0,0,172,204,0.5432750863,0.6111844721,0,1844,426.7777777778,662.7569473358,439246.77124183,0,0,0,1,0,0,0,0,1,451.8823529412,129.625,738.3333333333,172,0,0,0,0,0,0,8,1037,9,6645,8192,114,7,20,126508.0,0.0,126508,126508,9999762.0,0.0,9999762,9999762,benign,benign,0
4125,59,1,1,2,6,2,2,2.0,0.0,6,6,6.0,0.0,135593.2203,33898.30508,59.0,0.0,59,59,0,0.0,0.0,0,0,0,0.0,0.0,0,0,0,0,0,0,24,20,16949.15254,16949.15254,2,6,3.333333333,2.309401077,5.333333333,0,0,0,1,0,0,0,0,1,5.0,2.0,6.0,24,0,0,0,0,0,0,1,2,1,6,1024,0,0,24,0.0,0.0,0,0,0.0,0.0,0,0,portscan,portscan,1
80,20199922,7,6,858,3545,417,0,122.5714285714,201.1449370834,1767,0,590.8333333333,910.6714921785,217.9711387004,0.6435668415,1683326.83333333,3776177.61577786,9997562,52,10641809,1773634.83333333,4033117.38410572,9997562,2497,20163046,4032609.2,5251797.2806787,10034565,32751,0,0,0,0,152,144,0.3465359916,0.2970308499,0,1767,314.5,632.7167004884,400330.423076923,0,0,0,1,0,0,0,0,0,338.6923076923,122.5714285714,590.8333333333,152,0,0,0,0,0,0,7,858,6,3545,8192,980,6,20,644247.0,0.0,644247,644247,9997562.0,0.0,9997562,9997562,benign,benign,0
5633,44,1,1,2,6,2,2,2.0,0.0,6,6,6.0,0.0,181818.1818,45454.54545,44.0,0.0,44,44,0,0.0,0.0,0,0,0,0.0,0.0,0,0,0,0,0,0,24,20,22727.27273,22727.27273,2,6,3.333333333,2.309401077,5.333333333,0,0,0,1,0,0,0,0,1,5.0,2.0,6.0,24,0,0,0,0,0,0,1,2,1,6,1024,0,0,24,0.0,0.0,0,0,0.0,0.0,0,0,portscan,portscan,1
137,605,10,10,680,620,68,68,68.0,0.0,62,62,62.0,0.0,2148760.33057851,33057.8512396694,31.8421052632,36.0050353853,139,1,196,21.7777777778,24.6413158018,48,1,270,30.0,27.504545079,65,1,0,0,0,0,200,200,16528.9256198347,16528.9256198347,62,68,65.1428571429,3.0705978943,9.4285714286,0,0,0,0,0,0,0,0,1,68.4,68.0,62.0,200,0,0,0,0,0,0,10,680,10,620,-1,-1,9,20,0.0,0.0,0,0,0.0,0.0,0,0,benign,benign,0
2046,60,1,1,2,6,2,2,2.0,0.0,6,6,6.0,0.0,133333.3333,33333.33333,60.0,0.0,60,60,0,0.0,0.0,0,0,0,0.0,0.0,0,0,0,0,0,0,24,20,16666.66667,16666.66667,2,6,3.333333333,2.309401077,5.333333333,0,0,0,1,0,0,0,0,1,5.0,2.0,6.0,24,0,0,0,0,0,0,1,2,1,6,1024,0,0,24,0.0,0.0,0,0,0.0,0.0,0,0,portscan,portscan,1
80,998287,3,6,26,11601,20,0,8.666666667,10.26320288,7300,0,1933.5,2720.783986,11646.95123,9.015443455,124785.875,344998.9984,978465,27,19209,9604.5,12885.60687,18716,493,998230,199646.0,435450.652,978465,159,0,0,0,0,72,132,3.005147818,6.010295636,0,7300,1162.7,2258.94725,5102842.678,0,0,0,1,0,0,0,0,2,1291.888889,8.666666667,1933.5,72,0,0,0,0,0,0,3,26,6,11601,8192,229,2,20,0.0,0.0,0,0,0.0,0.0,0,0,ddos,ddos,1
80,80,2,0,12,0,6,6,6.0,0.0,0,0,0.0,0.0,150000.0,25000.0,80.0,0.0,80,80,80,80.0,0.0,80,80,0,0.0,0.0,0,0,0,0,0,0,40,0,25000.0,0.0,6,6,6.0,0.0,0.0,0,0,0,0,1,0,0,0,0,9.0,6.0,0.0,40,0,0,0,0,0,0,2,12,0,0,256,-1,1,20,0.0,0.0,0,0,0.0,0.0,0,0,benign,benign,0
53,30782,1,1,41,169,41,41,41.0,0.0,169,169,169.0,0.0,6822.168799948,64.97303619,30782.0,0.0,30782,30782,0,0.0,0.0,0,0,0,0.0,0.0,0,0,0,0,0,0,44,44,32.486518095,32.486518095,41,169,83.6666666667,73.9008344563,5461.3333333333,0,0,0,0,0,0,0,0,1,125.5,41.0,169.0,44,0,0,0,0,0,0,1,41,1,169,-1,-1,0,44,0.0,0.0,0,0,0.0,0.0,0,0,benign,benign,0
32779,50,1,1,2,6,2,2,2.0,0.0,6,6,6.0,0.0,160000.0,40000.0,50.0,0.0,50,50,0,0.0,0.0,0,0,0,0.0,0.0,0,0,0,0,0,0,24,20,20000.0,20000.0,2,6,3.333333333,2.309401077,5.333333333,0,0,0,1,0,0,0,0,1,5.0,2.0,6.0,24,0,0,0,0,0,0,1,2,1,6,1024,0,0,24,0.0,0.0,0,0,0.0,0.0,0,0,portscan,portscan,1
53,30851,1,1,54,82,54,54,54.0,0.0,82,82,82.0,0.0,4408.2849826586,64.8277203332,30851.0,0.0,30851,30851,0,0.0,0.0,0,0,0,0.0,0.0,0,0,0,0,0,0,32,20,32.4138601666,32.4138601666,54,82,63.3333333333,16.1658075373,261.3333333333,0,0,0,0,0,0,0,0,1,95.0,54.0,82.0,32,0,0,0,0,0,0,1,54,1,82,-1,-1,0,32,0.0,0.0,0,0,0.0,0.0,0,0,benign,benign,0
15004,77,1,1,2,6,2,2,2.0,0.0,6,6,6.0,0.0,103896.1039,25974.02597,77.0,0.0,77,77,0,0.0,0.0,0,0,0,0.0,0.0,0,0,0,0,0,0,24,20,12987.01299,12987.01299,2,6,3.333333333,2.309401077,5.333333333,0,0,0,1,0,0,0,0,1,5.0,2.0,6.0,24,0,0,0,0,0,0,1,2,1,6,1024,0,0,24,0.0,0.0,0,0,0.0,0.0,0,0,portscan,portscan,1
443,115977883,22,18,868,4342,526,0,39.4545454545,118.2192181914,1448,0,241.2222222222,493.0187391207,44.9223581707,0.3448933449,2973791.87179487,4529337.68057521,10027568,8,115977883,5522756.33333333,5008724.16228814,10112032,34,111521694,6560099.64705882,4953017.22185149,10112909,47,0,0,0,0,712,584,0.1896913397,0.1552020052,0,1448,127.0731707317,348.0381006617,121130.519512195,0,0,0,1,0,0,0,0,0,130.25,39.4545454545,241.2222222222,712,0,0,0,0,0,0,22,868,18,4342,29200,123,4,32,114498.454545455,97712.7733117463,409109,84335,10023782.5454545,8198.525554801,10027568,9999993,benign,benign,0
443,32050337,39,40,3914,65709,792,0,100.358974359,226.2154872984,2896,0,1642.725,1013.6427071807,2172.3016516176,2.4648726782,410901.756410256,1909005.83707369,10020463,1,22240995,585289.342105263,2272822.11751148,10187742,180,31882787,817507.358974359,2687741.09182007,10187735,1,0,0,0,0,1256,1288,1.2168358791,1.2480367991,0,2896,870.2875,1065.9195613339,1136184.51123418,0,0,0,1,0,0,0,0,1,881.3037974684,100.358974359,1642.725,1256,0,0,0,0,0,0,39,3914,40,65709,29200,149,8,32,795419.666666667,1087977.61115031,2051708,167272,9888025.66666667,213214.643233839,10020463,9642069,benign,benign,0
4445,13,1,1,2,6,2,2,2.0,0.0,6,6,6.0,0.0,615384.6154,153846.1538,13.0,0.0,13,13,0,0.0,0.0,0,0,0,0.0,0.0,0,0,0,0,0,0,24,20,76923.07692,76923.07692,2,6,3.333333333,2.309401077,5.333333333,0,0,0,1,0,0,0,0,1,5.0,2.0,6.0,24,0,0,0,0,0,0,1,2,1,6,1024,0,0,24,0.0,0.0,0,0,0.0,0.0,0,0,portscan,portscan,1
443,10163347,5,4,580,164,517,0,116.0,225.1010884025,152,0,41.0,74.0540343263,73.2042308503,0.8855350506,1270418.375,3542859.21682655,10038351,79,10163347,2540836.75,5043329.53991338,10105804,107,96640,32213.3333333333,33753.3347735203,67550,305,0,0,0,0,112,92,0.491963917,0.3935711336,0,517,74.4,162.5438060613,26420.4888888889,0,0,0,1,0,0,0,0,0,82.6666666667,116.0,41.0,112,0,0,0,0,0,0,5,580,4,164,8192,946,4,20,0.0,0.0,0,0,0.0,0.0,0,0,benign,benign,0
56737,15,1,1,2,6,2,2,2.0,0.0,6,6,6.0,0.0,533333.3333,133333.3333,15.0,0.0,15,15,0,0.0,0.0,0,0,0,0.0,0.0,0,0,0,0,0,0,24,20,66666.66667,66666.66667,2,6,3.333333333,2.309401077,5.333333333,0,0,0,1,0,0,0,0,1,5.0,2.0,6.0,24,0,0,0,0,0,0,1,2,1,6,1024,0,0,24,0.0,0.0,0,0,0.0,0.0,0,0,portscan,portscan,1
80,572834,3,6,26,11601,20,0,8.666666667,10.26320288,4380,0,1933.5,1757.789948,20297.32872,15.71135792,71604.25,192751.8713,548184,9,24318,12159.0,17010.16073,24187,131,572825,114565.0,242628.6615,548184,17,0,0,0,0,72,132,5.237119305,10.47423861,0,4380,1162.7,1645.241762,2706820.456,0,0,0,1,0,0,0,0,2,1291.888889,8.666666667,1933.5,72,0,0,0,0,0,0,3,26,6,11601,8192,229,2,20,0.0,0.0,0,0,0.0,0.0,0,0,ddos,ddos,1
80,71479,3,4,442,871,436,0,147.3333333333,250.0106664391,859,0,217.75,427.5093566228,18369.0314637866,97.9308608123,11913.1666666667,12875.5548916024,24469,3,47847,23923.5,771.4534982745,24469,23378,48154,16051.3333333333,27413.7743175458,47705,3,0,0,0,0,72,92,41.9703689195,55.9604918927,0,859,164.125,319.0586320949,101798.410714286,0,0,0,1,0,0,0,0,1,187.5714285714,147.3333333333,217.75,72,0,0,0,0,0,0,3,442,4,871,8192,31,2,20,0.0,0.0,0,0,0.0,0.0,0,0,benign,benign,0
80,762336,3,5,26,11607,20,0,8.666666667,10.26320288,7300,0,2321.4,3346.363967,15259.67552,10.49406036,108905.1429,287644.365,761221,3,861,430.5,539.522474,812,49,762257,190564.25,380438.0066,761221,3,0,0,0,0,72,112,3.935272636,6.558787726,0,7300,1292.555556,2662.264877,7087654.278,0,0,0,1,0,0,0,0,1,1454.125,8.666666667,2321.4,72,0,0,0,0,0,0,3,26,5,11607,8192,229,2,20,0.0,0.0,0,0,0.0,0.0,0,0,ddos,ddos,1
80,6134927,5,0,30,0,6,6,6.0,0.0,0,0,0.0,0.0,4.890033736,0.815005623,1533731.75,3064124.408,6129917,0,6134927,1533731.75,3064124.408,6129917,0,0,0.0,0.0,0,0,0,0,0,0,100,0,0.815005623,0.0,6,6,6.0,0.0,0.0,0,0,0,0,1,0,0,0,0,7.2,6.0,0.0,100,0,0,0,0,0,0,5,30,0,0,256,-1,4,20,5010.0,0.0,5010,5010,6129917.0,0.0,6129917,6129917,ddos,ddos,1
80,1264026,3,4,26,11601,20,0,8.666666667,10.26320288,10135,0,2900.25,4871.82583,9198.386742,5.537860772,210671.0,502655.7147,1236500,57,27015,13507.5,17695.3472,26020,995,1263969,421323.0,706093.8715,1236500,192,0,0,0,0,72,92,2.373368902,3.16449187,0,10135,1453.375,3544.652026,12600000.0,0,0,0,1,0,0,0,0,1,1661.0,8.666666667,2900.25,72,0,0,0,0,0,0,3,26,4,11601,8192,229,2,20,0.0,0.0,0,0,0.0,0.0,0,0,ddos,ddos,1
443,62570830,22,25,1680,4973,419,0,76.3636363636,100.9415415238,3533,0,198.92,701.0875432735,106.3275011695,0.7511487382,1360235.43478261,8667580.35482173,58849270,0,62570830,2979563.33333333,12823639.6293912,58927443,17,62342257,2597594.04166667,11993491.232663,58886164,0,0,0,0,0,452,512,0.351601537,0.3995472011,0,3533,138.6041666667,509.6083076406,259700.627216312,0,0,0,1,0,0,0,0,1,141.5531914894,76.3636363636,198.92,452,0,0,0,0,0,0,22,1680,25,4973,8192,385,21,20,3492896.0,0.0,3492896,3492896,58849270.0,0.0,58849270,58849270,benign,benign,0
51575,3,2,0,37,0,31,6,18.5,17.6776695297,0,0,0.0,0.0,12333333.3333333,666666.666666667,3.0,0.0,3,3,3,3.0,0.0,3,3,0,0.0,0.0,0,0,1,0,0,0,40,0,666666.666666667,0.0,6,31,22.6666666667,14.4337567297,208.3333333333,0,1,0,0,1,0,0,0,0,34.0,18.5,0.0,40,0,0,0,0,0,0,2,37,0,0,946,-1,1,20,0.0,0.0,0,0,0.0,0.0,0,0,benign,benign,0
53,92435,1,1,58,171,58,58,58.0,0.0,171,171,171.0,0.0,2477.4165629902,21.6368258776,92435.0,0.0,92435,92435,0,0.0,0.0,0,0,0,0.0,0.0,0,0,0,0,0,0,32,32,10.8184129388,10.8184129388,58,171,95.6666666667,65.2405804184,4256.3333333333,0,0,0,0,0,0,0,0,1,143.5,58.0,171.0,32,0,0,0,0,0,0,1,58,1,171,-1,-1,0,32,0.0,0.0,0,0,0.0,0.0,0,0,benign,benign,0
80,5979669,3,1,12,0,6,0,4.0,3.4641016151,0,0,0.0,0.0,2.0068000419,0.6689333473,1993223.0,3431814.97744983,5955918,31,5979669,2989834.5,4194675.51283106,5955918,23751,0,0.0,0.0,0,0,0,0,0,0,72,32,0.5017000105,0.1672333368,0,6,2.4,3.286335345,10.8,0,0,0,1,0,0,0,0,0,3.0,4.0,0.0,72,0,0,0,0,0,0,3,12,1,0,8192,65535,2,20,0.0,0.0,0,0,0.0,0.0,0,0,benign,benign,0
80,621960,3,4,26,11607,20,0,8.666666667,10.26320288,11595,0,2901.75,5795.50069,18703.77516,11.25474307,103660.0,253406.2937,620923,5,983,491.5,586.1915216,906,77,621914,207304.6667,358204.32,620923,5,0,0,0,0,72,92,4.823461316,6.431281754,0,11595,1454.125,4097.537534,16800000.0,0,0,0,1,0,0,0,0,1,1661.857143,8.666666667,2901.75,72,0,0,0,0,0,0,3,26,4,11607,8192,229,2,20,0.0,0.0,0,0,0.0,0.0,0,0,ddos,ddos,1
80,9595796,5,0,30,0,6,6,6.0,0.0,0,0,0.0,0.0,3.126369089,0.521061515,2398949.0,4795908.069,9592811,3,9595796,2398949.0,4795908.069,9592811,3,0,0.0,0.0,0,0,0,0,0,0,100,0,0.521061515,0.0,6,6,6.0,0.0,0.0,0,0,0,0,1,0,0,0,0,7.2,6.0,0.0,100,0,0,0,0,0,0,5,30,0,0,256,-1,4,20,2985.0,0.0,2985,2985,9592811.0,0.0,9592811,9592811,ddos,ddos,1
53,568,1,1,88,166,88,88,88.0,0.0,166,166,166.0,0.0,447183.098591549,3521.1267605634,568.0,0.0,568,568,0,0.0,0.0,0,0,0,0.0,0.0,0,0,0,0,0,0,20,20,1760.5633802817,1760.5633802817,88,166,114.0,45.0333209968,2028.0,0,0,0,0,0,0,0,0,1,171.0,88.0,166.0,20,0,0,0,0,0,0,1,88,1,166,-1,-1,0,20,0.0,0.0,0,0,0.0,0.0,0,0,benign,benign,0
2323,43,1,1,2,6,2,2,2.0,0.0,6,6,6.0,0.0,186046.5116,46511.62791,43.0,0.0,43,43,0,0.0,0.0,0,0,0,0.0,0.0,0,0,0,0,0,0,24,20,23255.81395,23255.81395,2,6,3.333333333,2.309401077,5.333333333,0,0,0,1,0,0,0,0,1,5.0,2.0,6.0,24,0,0,0,0,0,0,1,2,1,6,1024,0,0,24,0.0,0.0,0,0,0.0,0.0,0,0,portscan,portscan,1
80,570847,3,4,26,11607,20,0,8.666666667,10.26320288,11595,0,2901.75,5795.50069,20378.49021,12.26248014,95141.16667,232489.9656,569709,10,1001,500.5,447.5985925,817,184,570786,190262.0,328611.1664,569709,10,0,0,0,0,72,92,5.255348631,7.007131508,0,11595,1454.125,4097.537534,16800000.0,0,0,0,1,0,0,0,0,1,1661.857143,8.666666667,2901.75,72,0,0,0,0,0,0,3,26,4,11607,8192,229,2,20,0.0,0.0,0,0,0.0,0.0,0,0,ddos,ddos,1
80,44888,3,6,26,11601,20,0,8.666666667,10.26320288,7215,0,1933.5,2684.046479,259022.4559,200.4990198,5611.0,10832.62307,28896,49,15631,7815.5,10867.52412,15500,131,44823,8964.6,13015.89618,28896,49,0,0,0,0,72,132,66.83300659,133.6660132,0,7215,1162.7,2234.397361,4992531.567,0,0,0,1,0,0,0,0,2,1291.888889,8.666666667,1933.5,72,0,0,0,0,0,0,3,26,6,11601,8192,229,2,20,0.0,0.0,0,0,0.0,0.0,0,0,ddos,ddos,1
49773,3,2,0,12,0,6,6,6.0,0.0,0,0,0.0,0.0,4000000.0,666666.666666667,3.0,0.0,3,3,3,3.0,0.0,3,3,0,0.0,0.0,0,0,0,0,0,0,40,0,666666.666666667,0.0,6,6,6.0,0.0,0.0,0,0,0,0,1,0,0,0,0,9.0,6.0,0.0,40,0,0,0,0,0,0,2,12,0,0,10517,-1,1,20,0.0,0.0,0,0,0.0,0.0,0,0,benign,benign,0
80,451080,3,4,26,11601,20,0,8.666666667,10.26320288,8760,0,2900.25,4128.319301,25775.91558,15.51831161,75180.0,169718.5953,420828,63,30009,15004.5,19798.28277,29004,1005,451006,150335.3333,234727.481,420828,180,0,0,0,0,72,92,6.650704975,8.867606633,0,8760,1453.375,3113.952607,9696700.839,0,0,0,1,0,0,0,0,1,1661.0,8.666666667,2900.25,72,0,0,0,0,0,0,3,26,4,11601,8192,229,2,20,0.0,0.0,0,0,0.0,0.0,0,0,ddos,ddos,1
2119,86,1,1,2,6,2,2,2.0,0.0,6,6,6.0,0.0,93023.25581,23255.81395,86.0,0.0,86,86,0,0.0,0.0,0,0,0,0.0,0.0,0,0,0,0,0,0,24,20,11627.90698,11627.90698,2,6,3.333333333,2.309401077,5.333333333,0,0,0,1,0,0,0,0,1,5.0,2.0,6.0,24,0,0,0,0,0,0,1,2,1,6,1024,0,0,24,0.0,0.0,0,0,0.0,0.0,0,0,portscan,portscan,1
443,31782625,9,8,830,4191,473,0,92.2222222222,159.5468409103,1460,2,523.875,631.6195594321,157.9793991214,0.5348834465,1986414.0625,7498732.59598524,30074767,40,31782625,3972828.125,10566408.3585669,30094850,155,30264447,4323492.42857143,11361778.3992513,30089501,49,0,0,0,0,192,164,0.2831735893,0.2517098572,0,1460,278.9444444444,476.9861845603,227515.820261438,0,0,0,1,0,0,0,0,0,295.3529411765,92.2222222222,523.875,192,0,0,0,0,0,0,9,830,8,4191,8192,31088,8,20,240225.0,0.0,240225,240225,30074767.0,0.0,30074767,30074767,benign,benign,0
80,1205445,4,0,24,0,6,6,6.0,0.0,0,0,0.0,0.0,19.90965992,3.318276653,401815.0,695220.9538,1204587,321,1205445,401815.0,695220.9538,1204587,321,0,0.0,0.0,0,0,0,0,0,0,80,0,3.318276653,0.0,6,6,6.0,0.0,0.0,0,0,0,0,1,0,0,0,0,7.5,6.0,0.0,80,0,0,0,0,0,0,4,24,0,0,256,-1,3,20,0.0,0.0,0,0,0.0,0.0,0,0,ddos,ddos,1
80,8610,2,0,12,0,6,6,6.0,0.0,0,0,0.0,0.0,1393.7282229965,232.2880371661,8610.0,0.0,8610,8610,8610,8610.0,0.0,8610,8610,0,0.0,0.0,0,0,0,0,0,0,40,0,232.2880371661,0.0,6,6,6.0,0.0,0.0,0,0,0,0,1,0,0,0,0,9.0,6.0,0.0,40,0,0,0,0,0,0,2,12,0,0,256,-1,1,20,0.0,0.0,0,0,0.0,0.0,0,0,benign,benign,0
80,3072950,4,0,24,0,6,6,6.0,0.0,0,0,0.0,0.0,7.810084772,1.301680795,1024316.667,1773306.017,3071954,4,3072950,1024316.667,1773306.017,3071954,4,0,0.0,0.0,0,0,0,0,0,0,80,0,1.301680795,0.0,6,6,6.0,0.0,0.0,0,0,0,0,1,0,0,0,0,7.5,6.0,0.0,80,0,0,0,0,0,0,4,24,0,0,256,-1,3,20,0.0,0.0,0,0,0.0,0.0,0,0,ddos,ddos,1
53,101812510,2,2,113,240,58,55,56.5,2.1213203436,128,112,120.0,11.313708499,3.467157425,0.0392879028,33937503.3333333,57753899.2116439,100622980,48619,101763891,101763891.0,0.0,101763891,101763891,100671599,100671599.0,0.0,100671599,100671599,0,0,0,0,40,52,0.0196439514,0.0196439514,55,128,82.2,34.9885695621,1224.2,0,0,0,0,0,0,0,0,1,102.75,56.5,120.0,40,0,0,0,0,0,0,2,113,2,240,-1,-1,1,20,1140911.0,0.0,1140911,1140911,100622980.0,0.0,100622980,100622980,benign,benign,0
41144,26907,3,1,82,6,51,0,27.3333333333,25.6969518296,6,6,6.0,0.0,3270.5243988553,148.660199948,8969.0,15392.9331512873,26743,4,26907,13453.5,19020.4653071369,26903,4,0,0.0,0.0,0,0,1,0,0,0,96,20,111.495149961,37.165049987,0,51,27.8,24.1598841057,583.7,0,1,0,0,1,0,0,0,0,34.75,27.3333333333,6.0,96,0,0,0,0,0,0,3,82,1,6,62,0,1,32,0.0,0.0,0,0,0.0,0.0,0,0,benign,benign,0
80,6050808,4,0,24,0,6,6,6.0,0.0,0,0,0.0,0.0,3.96641242,0.661068737,2016936.0,3489968.212,6046804,979,6050808,2016936.0,3489968.212,6046804,979,0,0.0,0.0,0,0,0,0,0,0,80,0,0.661068737,0.0,6,6,6.0,0.0,0.0,0,0,0,0,1,0,0,0,0,7.5,6.0,0.0,80,0,0,0,0,0,0,4,24,0,0,256,-1,3,20,4004.0,0.0,4004,4004,6046804.0,0.0,6046804,6046804,ddos,ddos,1
53,18814,1,1,64,117,64,64,64.0,0.0,117,117,117.0,0.0,9620.495375784,106.303816307,18814.0,0.0,18814,18814,0,0.0,0.0,0,0,0,0.0,0.0,0,0,0,0,0,0,20,20,53.1519081535,53.1519081535,64,117,81.6666666667,30.5995642671,936.3333333333,0,0,0,0,0,0,0,0,1,122.5,64.0,117.0,20,0,0,0,0,0,0,1,64,1,117,-1,-1,0,20,0.0,0.0,0,0,0.0,0.0,0,0,benign,benign,0
80,1209089,5,0,30,0,6,6,6.0,0.0,0,0,0.0,0.0,24.81206925,4.135344875,302272.25,602545.7149,1206090,3,1209089,302272.25,602545.7149,1206090,3,0,0.0,0.0,0,0,0,0,0,0,100,0,4.135344875,0.0,6,6,6.0,0.0,0.0,0,0,0,0,1,0,0,0,0,7.2,6.0,0.0,100,0,0,0,0,0,0,5,30,0,0,256,-1,4,20,0.0,0.0,0,0,0.0,0.0,0,0,ddos,ddos,1
10003,75,1,1,2,6,2,2,2.0,0.0,6,6,6.0,0.0,106666.6667,26666.66667,75.0,0.0,75,75,0,0.0,0.0,0,0,0,0.0,0.0,0,0,0,0,0,0,24,20,13333.33333,13333.33333,2,6,3.333333333,2.309401077,5.333333333,0,0,0,1,0,0,0,0,1,5.0,2.0,6.0,24,0,0,0,0,0,0,1,2,1,6,1024,0,0,24,0.0,0.0,0,0,0.0,0.0,0,0,portscan,portscan,1
51285,4,2,0,37,0,31,6,18.5,17.6776695297,0,0,0.0,0.0,9250000.0,500000.0,4.0,0.0,4,4,4,4.0,0.0,4,4,0,0.0,0.0,0,0,1,0,0,0,40,0,500000.0,0.0,6,31,22.6666666667,14.4337567297,208.3333333333,0,1,0,0,1,0,0,0,0,34.0,18.5,0.0,40,0,0,0,0,0,0,2,37,0,0,1585,-1,1,20,0.0,0.0,0,0,0.0,0.0,0,0,benign,benign,0
524,59,1,1,2,6,2,2,2.0,0.0,6,6,6.0,0.0,135593.2203,33898.30508,59.0,0.0,59,59,0,0.0,0.0,0,0,0,0.0,0.0,0,0,0,0,0,0,24,20,16949.15254,16949.15254,2,6,3.333333333,2.309401077,5.333333333,0,0,0,1,0,0,0,0,1,5.0,2.0,6.0,24,0,0,0,0,0,0,1,2,1,6,1024,0,0,24,0.0,0.0,0,0,0.0,0.0,0,0,portscan,portscan,1
5877,15,1,1,2,6,2,2,2.0,0.0,6,6,6.0,0.0,533333.3333,133333.3333,15.0,0.0,15,15,0,0.0,0.0,0,0,0,0.0,0.0,0,0,0,0,0,0,24,20,66666.66667,66666.66667,2,6,3.333333333,2.309401077,5.333333333,0,0,0,1,0,0,0,0,1,5.0,2.0,6.0,24,0,0,0,0,0,0,1,2,1,6,1024,0,0,24,0.0,0.0,0,0,0.0,0.0,0,0,portscan,portscan,1
80,22052394,6,6,454,1818,430,0,75.6666666667,173.6037634001,1806,0,303.0,736.3224836985,103.0273629249,0.544158607,2004763.09090909,3994870.51484164,10008655,47,20129613,4025922.6,5478513.16687574,10045930,130,22015616,4403123.2,5207121.73966259,10051416,739,0,0,0,0,132,156,0.2720793035,0.2720793035,0,1806,174.7692307692,504.122695688,254139.692307692,0,0,0,1,0,0,0,0,1,189.3333333333,75.6666666667,303.0,132,0,0,0,0,0,0,6,454,6,1818,8192,946,5,20,58871.0,22849.4485272621,75028,42714,10005935.5,3845.9537828736,10008655,10003216,benign,benign,0
80,191,2,0,12,0,6,6,6.0,0.0,0,0,0.0,0.0,62827.2251308901,10471.2041884817,191.0,0.0,191,191,191,191.0,0.0,191,191,0,0.0,0.0,0,0,0,0,0,0,40,0,10471.2041884817,0.0,6,6,6.0,0.0,0.0,0,0,0,0,1,0,0,0,0,9.0,6.0,0.0,40,0,0,0,0,0,0,2,12,0,0,256,-1,1,20,0.0,0.0,0,0,0.0,0.0,0,0,benign,benign,0
80,572846,3,7,26,11601,20,0,8.666666667,10.26320288,4380,0,1657.285714,1548.670905,20296.90353,17.45669866,63649.55556,181804.2157,547999,51,24283,12141.5,16993.89727,24158,125,572783,95463.83333,221906.9221,547999,51,0,0,0,0,72,152,5.237009598,12.21968906,0,4380,1057.0,1460.382073,2132715.8,0,0,0,1,0,0,0,0,2,1162.7,8.666666667,1657.285714,72,0,0,0,0,0,0,3,26,7,11601,8192,229,2,20,0.0,0.0,0,0,0.0,0.0,0,0,ddos,ddos,1
443,193,3,0,43,0,31,6,14.3333333333,14.4337567297,0,0,0.0,0.0,222797.92746114,15544.0414507772,96.5,133.6431816443,191,2,193,96.5,133.6431816443,191,2,0,0.0,0.0,0,0,0,0,0,0,60,0,15544.0414507772,0.0,6,31,12.25,12.5,156.25,0,0,0,0,1,0,0,0,0,16.3333333333,14.3333333333,0.0,60,0,0,0,0,0,0,3,43,0,0,256,-1,2,20,0.0,0.0,0,0,0.0,0.0,0,0,benign,benign,0
5510,5,1,1,2,6,2,2,2.0,0.0,6,6,6.0,0.0,1600000.0,400000.0,5.0,0.0,5,5,0,0.0,0.0,0,0,0,0.0,0.0,0,0,0,0,0,0,24,20,200000.0,200000.0,2,6,3.333333333,2.309401077,5.333333333,0,0,0,1,0,0,0,0,1,5.0,2.0,6.0,24,0,0,0,0,0,0,1,2,1,6,1024,0,0,24,0.0,0.0,0,0,0.0,0.0,0,0,portscan,portscan,1
443,31068691,59,70,677,131791,375,0,11.4745762712,55.6635074948,4344,0,1882.7285714286,919.4941255919,4263.7135887058,4.1520899609,242724.1484375,1493964.45399889,10002406,1,21376877,368566.844827586,1853380.18581315,10171772,2,30899611,447820.449275362,2043322.9324048,10171377,1,0,0,0,0,1896,2248,1.8990178891,2.2530720718,0,4344,1018.9846153846,1153.5879182069,1330765.0850328,0,0,0,1,0,0,0,0,1,1026.8837209302,11.4745762712,1882.7285714286,1896,0,0,0,0,0,0,59,677,70,131791,29200,122,3,32,513878.0,597054.400517239,1203297,168971,9842351.33333333,276705.093009387,10002406,9522840,benign,benign,0
80,7800913,5,0,30,0,6,6,6.0,0.0,0,0,0.0,0.0,3.845703702,0.640950617,1950228.25,3898461.421,7797920,1,7800913,1950228.25,3898461.421,7797920,1,0,0.0,0.0,0,0,0,0,0,0,100,0,0.640950617,0.0,6,6,6.0,0.0,0.0,0,0,0,0,1,0,0,0,0,7.2,6.0,0.0,100,0,0,0,0,0,0,5,30,0,0,256,-1,4,20,2993.0,0.0,2993,2993,7797920.0,0.0,7797920,7797920,ddos,ddos,1
443,10491543,6,4,329,160,236,0,54.8333333333,93.1545311118,85,0,40.0,43.2897216438,46.6089687666,0.9531486455,1165727.0,3462393.11093054,10398704,32,10491543,2098308.6,4656292.13331362,10427700,308,63028,21009.3333333333,17289.5891892588,32931,1180,0,0,0,0,132,92,0.5718891873,0.3812594582,0,236,44.4545454545,71.911561847,5171.2727272727,0,0,0,1,0,0,0,0,0,48.9,54.8333333333,40.0,132,0,0,0,0,0,0,6,329,4,160,8192,4393,5,20,0.0,0.0,0,0,0.0,0.0,0,0,benign,benign,0
912,55,1,1,2,6,2,2,2.0,0.0,6,6,6.0,0.0,145454.5455,36363.63636,55.0,0.0,55,55,0,0.0,0.0,0,0,0,0.0,0.0,0,0,0,0,0,0,24,20,18181.81818,18181.81818,2,6,3.333333333,2.309401077,5.333333333,0,0,0,1,0,0,0,0,1,5.0,2.0,6.0,24,0,0,0,0,0,0,1,2,1,6,1024,0,0,24,0.0,0.0,0,0,0.0,0.0,0,0,portscan,portscan,1
32,48,1,1,2,6,2,2,2.0,0.0,6,6,6.0,0.0,166666.6667,41666.66667,48.0,0.0,48,48,0,0.0,0.0,0,0,0,0.0,0.0,0,0,0,0,0,0,24,20,20833.33333,20833.33333,2,6,3.333333333,2.309401077,5.333333333,0,0,0,1,0,0,0,0,1,5.0,2.0,6.0,24,0,0,0,0,0,0,1,2,1,6,1024,0,0,24,0.0,0.0,0,0,0.0,0.0,0,0,portscan,portscan,1
1687,11,1,1,2,6,2,2,2.0,0.0,6,6,6.0,0.0,727272.7273,181818.1818,11.0,0.0,11,11,0,0.0,0.0,0,0,0,0.0,0.0,0,0,0,0,0,0,24,20,90909.09091,90909.09091,2,6,3.333333333,2.309401077,5.333333333,0,0,0,1,0,0,0,0,1,5.0,2.0,6.0,24,0,0,0,0,0,0,1,2,1,6,1024,0,0,24,0.0,0.0,0,0,0.0,0.0,0,0,portscan,portscan,1
443,89602,9,6,555,5753,194,0,61.6666666667,81.2342292387,2920,0,958.8333333333,1123.6683526142,70400.2142809312,167.4069775228,6400.1428571429,7248.3615427864,17227,4,89602,11200.25,9803.3120605815,24915,4,70396,14079.2,13168.5848404451,27534,191,0,0,0,0,192,132,100.4441865137,66.9627910091,0,2920,394.25,792.8601810324,628627.266666667,0,0,0,1,0,0,0,0,0,420.5333333333,61.6666666667,958.8333333333,192,0,0,0,0,0,0,9,555,6,5753,8192,62,8,20,0.0,0.0,0,0,0.0,0.0,0,0,benign,benign,0
80,920104,3,5,26,11607,20,0,8.666666667,10.26320288,5840,0,2321.4,3173.373883,12643.13599,8.694669298,131443.4286,347305.8889,919059,3,816,408.0,405.8792924,695,121,920054,230013.5,459363.8108,919059,3,0,0,0,0,72,112,3.260500987,5.434168311,0,5840,1292.555556,2554.159212,6523729.278,0,0,0,1,0,0,0,0,1,1454.125,8.666666667,2321.4,72,0,0,0,0,0,0,3,26,5,11607,8192,229,2,20,0.0,0.0,0,0,0.0,0.0,0,0,ddos,ddos,1
992,59,1,1,2,6,2,2,2.0,0.0,6,6,6.0,0.0,135593.2203,33898.30508,59.0,0.0,59,59,0,0.0,0.0,0,0,0,0.0,0.0,0,0,0,0,0,0,24,20,16949.15254,16949.15254,2,6,3.333333333,2.309401077,5.333333333,0,0,0,1,0,0,0,0,1,5.0,2.0,6.0,24,0,0,0,0,0,0,1,2,1,6,1024,0,0,24,0.0,0.0,0,0,0.0,0.0,0,0,portscan,portscan,1
465,4718154,18,24,1376,4520,362,0,76.4444444444,87.6894401196,1418,0,188.3333333333,408.508279589,1249.6412791952,8.9017865886,115076.926829268,469383.683442415,2966225,1,4668305,274606.176470588,715277.474919806,2966276,223,4668255,202967.608695652,627361.605397973,3008397,1,0,0,0,0,584,776,3.8150513951,5.0867351935,0,1418,137.1162790698,313.0858097271,98022.7242524917,0,0,0,1,0,0,0,0,1,140.380952381,76.4444444444,188.3333333333,584,0,0,0,0,0,0,18,1376,24,4520,29200,349,12,32,0.0,0.0,0,0,0.0,0.0,0,0,benign,benign,0
80,312493,2,0,12,0,6,6,6.0,0.0,0,0,0.0,0.0,38.4008601793,6.4001433632,312493.0,0.0,312493,312493,312493,312493.0,0.0,312493,312493,0,0.0,0.0,0,0,0,0,0,0,40,0,6.4001433632,0.0,6,6,6.0,0.0,0.0,0,0,0,0,1,0,0,0,0,9.0,6.0,0.0,40,0,0,0,0,0,0,2,12,0,0,251,-1,1,20,0.0,0.0,0,0,0.0,0.0,0,0,benign,benign,0
1443,48,1,1,2,6,2,2,2.0,0.0,6,6,6.0,0.0,166666.6667,41666.66667,48.0,0.0,48,48,0,0.0,0.0,0,0,0,0.0,0.0,0,0,0,0,0,0,24,20,20833.33333,20833.33333,2,6,3.333333333,2.309401077,5.333333333,0,0,0,1,0,0,0,0,1,5.0,2.0,6.0,24,0,0,0,0,0,0,1,2,1,6,1024,0,0,24,0.0,0.0,0,0,0.0,0.0,0,0,portscan,portscan,1
443,11773623,9,8,1442,6185,769,0,160.2222222222,283.6515370035,2920,2,773.125,1087.9517370467,647.8039937239,1.4439055845,735851.4375,2489120.4396577,9955436,3,1818184,227273.0,545444.829795959,1574481,129,11737508,1676786.85714286,3720968.66905234,9999009,3,0,0,0,0,192,164,0.7644206036,0.679484981,0,2920,423.7222222222,793.7338274818,630013.388888889,0,0,0,1,0,0,0,0,0,448.6470588235,160.2222222222,773.125,192,0,0,0,0,0,0,9,1442,8,6185,8192,31529,8,20,1818184.0,0.0,1818184,1818184,9955436.0,0.0,9955436,9955436,benign,benign,0
53,38416,1,1,101,165,101,101,101.0,0.0,165,165,165.0,0.0,6924.1982507289,52.0616409829,38416.0,0.0,38416,38416,0,0.0,0.0,0,0,0,0.0,0.0,0,0,0,0,0,0,32,32,26.0308204915,26.0308204915,101,165,122.3333333333,36.9504172281,1365.3333333333,0,0,0,0,0,0,0,0,1,183.5,101.0,165.0,32,0,0,0,0,0,0,1,101,1,165,-1,-1,0,32,0.0,0.0,0,0,0.0,0.0,0,0,benign,benign,0
53,23531,1,1,47,175,47,47,47.0,0.0,175,175,175.0,0.0,9434.3631804853,84.9942628873,23531.0,0.0,23531,23531,0,0.0,0.0,0,0,0,0.0,0.0,0,0,0,0,0,0,32,32,42.4971314436,42.4971314436,47,175,89.6666666667,73.9008344563,5461.3333333333,0,0,0,0,0,0,0,0,1,134.5,47.0,175.0,32,0,0,0,0,0,0,1,47,1,175,-1,-1,0,32,0.0,0.0,0,0,0.0,0.0,0,0,benign,benign,0
53,47509,1,1,80,158,80,80,80.0,0.0,158,158,158.0,0.0,5009.5771327538,42.0972868299,47509.0,0.0,47509,47509,0,0.0,0.0,0,0,0,0.0,0.0,0,0,0,0,0,0,32,20,21.0486434149,21.0486434149,80,158,106.0,45.0333209968,2028.0,0,0,0,0,0,0,0,0,1,159.0,80.0,158.0,32,0,0,0,0,0,0,1,80,1,158,-1,-1,0,32,0.0,0.0,0,0,0.0,0.0,0,0,benign,benign,0
80,10724493,5,0,30,0,6,6,6.0,0.0,0,0,0.0,0.0,2.797335035,0.466222506,2681123.25,5360409.182,10700000,352,10700000,2681123.25,5360409.182,10700000,352,0,0.0,0.0,0,0,0,0,0,0,100,0,0.466222506,0.0,6,6,6.0,0.0,0.0,0,0,0,0,1,0,0,0,0,7.2,6.0,0.0,100,0,0,0,0,0,0,5,30,0,0,256,-1,4,20,2756.0,0.0,2756,2756,10700000.0,0.0,10700000,10700000,ddos,ddos,1
3476,66,1,1,2,6,2,2,2.0,0.0,6,6,6.0,0.0,121212.1212,30303.0303,66.0,0.0,66,66,0,0.0,0.0,0,0,0,0.0,0.0,0,0,0,0,0,0,24,20,15151.51515,15151.51515,2,6,3.333333333,2.309401077,5.333333333,0,0,0,1,0,0,0,0,1,5.0,2.0,6.0,24,0,0,0,0,0,0,1,2,1,6,1024,0,0,24,0.0,0.0,0,0,0.0,0.0,0,0,portscan,portscan,1
1782,74,1,1,2,6,2,2,2.0,0.0,6,6,6.0,0.0,108108.1081,27027.02703,74.0,0.0,74,74,0,0.0,0.0,0,0,0,0.0,0.0,0,0,0,0,0,0,24,20,13513.51351,13513.51351,2,6,3.333333333,2.309401077,5.333333333,0,0,0,1,0,0,0,0,1,5.0,2.0,6.0,24,0,0,0,0,0,0,1,2,1,6,1024,0,0,24,0.0,0.0,0,0,0.0,0.0,0,0,portscan,portscan,1
6007,42,1,1,2,6,2,2,2.0,0.0,6,6,6.0,0.0,190476.1905,47619.04762,42.0,0.0,42,42,0,0.0,0.0,0,0,0,0.0,0.0,0,0,0,0,0,0,24,20,23809.52381,23809.52381,2,6,3.333333333,2.309401077,5.333333333,0,0,0,1,0,0,0,0,1,5.0,2.0,6.0,24,0,0,0,0,0,0,1,2,1,6,1024,0,0,24,0.0,0.0,0,0,0.0,0.0,0,0,portscan,portscan,1
53,31036,1,1,45,397,45,45,45.0,0.0,397,397,397.0,0.0,14241.5259698415,64.4412939812,31036.0,0.0,31036,31036,0,0.0,0.0,0,0,0,0.0,0.0,0,0,0,0,0,0,32,44,32.2206469906,32.2206469906,45,397,162.3333333333,203.2272947547,41301.3333333333,0,0,0,0,0,0,0,0,1,243.5,45.0,397.0,32,0,0,0,0,0,0,1,45,1,397,-1,-1,0,32,0.0,0.0,0,0,0.0,0.0,0,0,benign,benign,0
443,18998254,11,12,2139,7521,890,0,194.4545454545,349.1450597206,1460,0,626.75,641.5963223937,508.4677781442,1.210637567,863557.0,3238256.39245215,14975179,3,4023072,402307.2,1094537.06690554,3511238,94,18955863,1723260.27272727,4529334.84630786,15001259,3,0,0,0,0,232,252,0.5790005755,0.6316369915,0,1460,402.5,551.2319010141,303856.608695652,0,0,0,1,0,0,0,0,1,420.0,194.4545454545,626.75,232,0,0,0,0,0,0,11,2139,12,7521,8192,12,10,20,4023072.0,0.0,4023072,4023072,14975179.0,0.0,14975179,14975179,benign,benign,0
53,60687,1,1,91,219,91,91,91.0,0.0,219,219,219.0,0.0,5108.1780282433,32.955987279,60687.0,0.0,60687,60687,0,0.0,0.0,0,0,0,0.0,0.0,0,0,0,0,0,0,32,32,16.4779936395,16.4779936395,91,219,133.6666666667,73.9008344563,5461.3333333333,0,0,0,0,0,0,0,0,1,200.5,91.0,219.0,32,0,0,0,0,0,0,1,91,1,219,-1,-1,0,32,0.0,0.0,0,0,0.0,0.0,0,0,benign,benign,0
443,295725,9,7,534,4444,206,0,59.3333333333,81.3218912717,2860,0,634.8571428571,1065.7234520224,16833.2065263336,54.1043198918,19715.0,35351.4303428548,134426,1,295725,36965.625,44280.4590534261,134426,2,118465,19744.1666666667,25871.7584204605,61709,1,0,0,0,0,192,152,30.4336799391,23.6706399527,0,2860,292.8235294118,718.6279666223,516426.154411765,0,0,0,1,0,0,0,0,0,311.125,59.3333333333,634.8571428571,192,0,0,0,0,0,0,9,534,7,4444,8192,343,8,20,0.0,0.0,0,0,0.0,0.0,0,0,benign,benign,0
5357,48,1,1,2,6,2,2,2.0,0.0,6,6,6.0,0.0,166666.6667,41666.66667,48.0,0.0,48,48,0,0.0,0.0,0,0,0,0.0,0.0,0,0,0,0,0,0,24,20,20833.33333,20833.33333,2,6,3.333333333,2.309401077,5.333333333,0,0,0,1,0,0,0,0,1,5.0,2.0,6.0,24,0,0,0,0,0,0,1,2,1,6,1024,0,0,24,0.0,0.0,0,0,0.0,0.0,0,0,portscan,portscan,1
80,5805017,3,1,0,0,0,0,0.0,0.0,0,0,0.0,0.0,0.0,0.6890591363,1935005.66666667,3317376.22516535,5765514,17,5805017,2902508.5,4048901.20724876,5765514,39503,0,0.0,0.0,0,0,0,0,0,0,104,40,0.5167943522,0.1722647841,0,0,0.0,0.0,0.0,0,0,0,1,0,0,0,0,0,0.0,0.0,0.0,104,0,0,0,0,0,0,3,0,1,0,29200,28960,0,32,0.0,0.0,0,0,0.0,0.0,0,0,benign,benign,0
3211,44,1,1,2,6,2,2,2.0,0.0,6,6,6.0,0.0,181818.1818,45454.54545,44.0,0.0,44,44,0,0.0,0.0,0,0,0,0.0,0.0,0,0,0,0,0,0,24,20,22727.27273,22727.27273,2,6,3.333333333,2.309401077,5.333333333,0,0,0,1,0,0,0,0,1,5.0,2.0,6.0,24,0,0,0,0,0,0,1,2,1,6,1024,0,0,24,0.0,0.0,0,0,0.0,0.0,0,0,portscan,portscan,1
80,149028,5,0,30,0,6,6,6.0,0.0,0,0,0.0,0.0,201.3044529,33.55074214,37257.0,73194.15424,147046,1,149028,37257.0,73194.15424,147046,1,0,0.0,0.0,0,0,0,0,0,0,100,0,33.55074214,0.0,6,6,6.0,0.0,0.0,0,0,0,0,1,0,0,0,0,7.2,6.0,0.0,100,0,0,0,0,0,0,5,30,0,0,256,-1,4,20,0.0,0.0,0,0,0.0,0.0,0,0,ddos,ddos,1
53,62565,1,1,54,121,54,54,54.0,0.0,121,121,121.0,0.0,2797.0910253337,31.9667545752,62565.0,0.0,62565,62565,0,0.0,0.0,0,0,0,0.0,0.0,0,0,0,0,0,0,20,20,15.9833772876,15.9833772876,54,121,76.3333333333,38.6824680357,1496.3333333333,0,0,0,0,0,0,0,0,1,114.5,54.0,121.0,20,0,0,0,0,0,0,1,54,1,121,-1,-1,0,20,0.0,0.0,0,0,0.0,0.0,0,0,benign,benign,0
80,5537083,4,2,0,0,0,0,0.0,0.0,0,0,0.0,0.0,0.0,1.0836030451,1107416.6,2433684.51519056,5460791,52,5537083,1845694.33333333,3130858.4002574,5460898,37016,37071,37071.0,0.0,37071,37071,0,0,0,0,136,80,0.7224020301,0.361201015,0,0,0.0,0.0,0.0,0,0,0,1,0,0,0,0,0,0.0,0.0,0.0,136,0,0,0,0,0,0,4,0,2,0,29200,28960,0,32,0.0,0.0,0,0,0.0,0.0,0,0,benign,benign,0
53,30402,1,1,53,104,53,53,53.0,0.0,104,104,104.0,0.0,5164.1339385567,65.7851457141,30402.0,0.0,30402,30402,0,0.0,0.0,0,0,0,0.0,0.0,0,0,0,0,0,0,20,20,32.892572857,32.892572857,53,104,70.0,29.4448637287,867.0,0,0,0,0,0,0,0,0,1,105.0,53.0,104.0,20,0,0,0,0,0,0,1,53,1,104,-1,-1,0,20,0.0,0.0,0,0,0.0,0.0,0,0,benign,benign,0
80,3022918,5,0,30,0,6,6,6.0,0.0,0,0,0.0,0.0,9.924185836,1.654030973,755729.5,1509543.197,3020044,1,3022918,755729.5,1509543.197,3020044,1,0,0.0,0.0,0,0,0,0,0,0,100,0,1.654030973,0.0,6,6,6.0,0.0,0.0,0,0,0,0,1,0,0,0,0,7.2,6.0,0.0,100,0,0,0,0,0,0,5,30,0,0,256,-1,4,20,0.0,0.0,0,0,0.0,0.0,0,0,ddos,ddos,1
49904,497,2,0,0,0,0,0,0.0,0.0,0,0,0.0,0.0,0.0,4024.1448692153,497.0,0.0,497,497,497,497.0,0.0,497,497,0,0.0,0.0,0,0,0,0,0,0,64,0,4024.1448692153,0.0,0,0,0.0,0.0,0.0,0,0,0,0,1,0,0,0,0,0.0,0.0,0.0,64,0,0,0,0,0,0,2,0,0,0,357,-1,0,32,0.0,0.0,0,0,0.0,0.0,0,0,benign,benign,0
80,10621757,5,0,30,0,6,6,6.0,0.0,0,0,0.0,0.0,2.824391483,0.470731914,2655439.25,5309537.188,10600000,3,10600000,2655439.25,5309537.188,10600000,3,0,0.0,0.0,0,0,0,0,0,0,100,0,0.470731914,0.0,6,6,6.0,0.0,0.0,0,0,0,0,1,0,0,0,0,7.2,6.0,0.0,100,0,0,0,0,0,0,5,30,0,0,256,-1,4,20,2012.0,0.0,2012,2012,10600000.0,0.0,10600000,10600000,ddos,ddos,1
53,23300,1,1,45,173,45,45,45.0,0.0,173,173,173.0,0.0,9356.2231759657,85.8369098712,23300.0,0.0,23300,23300,0,0.0,0.0,0,0,0,0.0,0.0,0,0,0,0,0,0,32,32,42.9184549356,42.9184549356,45,173,87.6666666667,73.9008344563,5461.3333333333,0,0,0,0,0,0,0,0,1,131.5,45.0,173.0,32,0,0,0,0,0,0,1,45,1,173,-1,-1,0,32,0.0,0.0,0,0,0.0,0.0,0,0,benign,benign,0
443,1446303,2,0,12,0,6,6,6.0,0.0,0,0,0.0,0.0,8.2970166003,1.3828361,1446303.0,0.0,1446303,1446303,1446303,1446303.0,0.0,1446303,1446303,0,0.0,0.0,0,0,0,0,0,0,40,0,1.3828361,0.0,6,6,6.0,0.0,0.0,0,0,0,0,1,0,0,0,0,9.0,6.0,0.0,40,0,0,0,0,0,0,2,12,0,0,256,-1,1,20,0.0,0.0,0,0,0.0,0.0,0,0,benign,benign,0
2967,49,1,1,2,6,2,2,2.0,0.0,6,6,6.0,0.0,163265.3061,40816.32653,49.0,0.0,49,49,0,0.0,0.0,0,0,0,0.0,0.0,0,0,0,0,0,0,24,20,20408.16327,20408.16327,2,6,3.333333333,2.309401077,5.333333333,0,0,0,1,0,0,0,0,1,5.0,2.0,6.0,24,0,0,0,0,0,0,1,2,1,6,1024,0,0,24,0.0,0.0,0,0,0.0,0.0,0,0,portscan,portscan,1
80,149144,4,0,24,0,6,6,6.0,0.0,0,0,0.0,0.0,160.9183071,26.81971786,49714.66667,85248.06751,148149,3,149144,49714.66667,85248.06751,148149,3,0,0.0,0.0,0,0,0,0,0,0,80,0,26.81971786,0.0,6,6,6.0,0.0,0.0,0,0,0,0,1,0,0,0,0,7.5,6.0,0.0,80,0,0,0,0,0,0,4,24,0,0,256,-1,3,20,0.0,0.0,0,0,0.0,0.0,0,0,ddos,ddos,1
53,50351,1,1,57,111,57,57,57.0,0.0,111,111,111.0,0.0,3336.5772278604,39.7211574745,50351.0,0.0,50351,50351,0,0.0,0.0,0,0,0,0.0,0.0,0,0,0,0,0,0,20,20,19.8605787373,19.8605787373,57,111,75.0,31.1769145362,972.0,0,0,0,0,0,0,0,0,1,112.5,57.0,111.0,20,0,0,0,0,0,0,1,57,1,111,-1,-1,0,20,0.0,0.0,0,0,0.0,0.0,0,0,benign,benign,0
80,804567,3,6,26,11607,20,0,8.666666667,10.26320288,4380,0,1934.5,2177.344966,14458.70885,11.18614112,100570.875,283989.5713,803409,3,780,390.0,461.0336213,716,64,804518,160903.6,359171.591,803409,3,0,0,0,0,72,132,3.728713706,7.457427411,0,4380,1163.3,1903.962654,3625073.789,0,0,0,1,0,0,0,0,2,1292.555556,8.666666667,1934.5,72,0,0,0,0,0,0,3,26,6,11607,8192,229,2,20,0.0,0.0,0,0,0.0,0.0,0,0,ddos,ddos,1
443,10332288,8,11,1325,7802,658,0,165.625,266.4099620081,1689,2,709.2727272727,762.1803055589,883.3474250815,1.8388957025,574016.0,2352361.2546796,9998693,2,333593,47656.1428571429,75139.4724638313,211962,3,10299302,1029930.2,3151676.23623151,9998763,2,0,0,0,0,172,224,0.7742718747,1.0646238278,0,1689,456.35,644.5765868505,415478.97631579,0,0,0,1,0,0,0,0,1,480.3684210526,165.625,709.2727272727,172,0,0,0,0,0,0,8,1325,11,7802,8192,31584,7,20,333593.0,0.0,333593,333593,9998693.0,0.0,9998693,9998693,benign,benign,0
443,69407,10,7,578,5769,211,0,57.8,82.0092135745,1460,0,824.1428571429,685.5840402099,91446.1077412941,244.9320673707,4337.9375,6047.6151714953,16813,3,69407,7711.8888888889,6926.0806276791,17135,3,44082,7347.0,10473.2976086809,20902,48,0,0,0,0,212,152,144.0776866887,100.8543806821,0,1460,352.6111111111,565.1937865369,319444.016339869,0,0,0,1,0,0,0,0,0,373.3529411765,57.8,824.1428571429,212,0,0,0,0,0,0,10,578,7,5769,8192,62,9,20,0.0,0.0,0,0,0.0,0.0,0,0,benign,benign,0
53,34780472,2,2,103,183,61,42,51.5,13.4350288425,125,58,91.5,47.3761543395,8.2230051392,0.1150070649,11593490.6666667,20012995.2033059,34702505,30652,34733157,34733157.0,0.0,34733157,34733157,34749820,34749820.0,0.0,34749820,34749820,0,0,0,0,76,72,0.0575035324,0.0575035324,42,125,65.6,34.355494466,1180.3,0,0,0,0,0,0,0,0,1,82.0,51.5,91.5,76,0,0,0,0,0,0,2,103,2,183,-1,-1,1,32,30652.0,0.0,30652,30652,34702505.0,0.0,34702505,34702505,benign,benign,0
443,17899707,10,12,2014,1212,581,0,201.4,257.3817743699,325,0,101.0,137.984847653,180.226413762,1.2290703976,852367.0,3070148.11184539,14016581,3,3883126,431458.444444445,844643.543901525,2444528,96,17871381,1624671.0,4205182.46701776,14075445,3,0,0,0,0,212,252,0.5586683626,0.6704020351,0,581,140.2608695652,200.1359123176,40054.3833992095,0,0,0,1,0,0,0,0,1,146.6363636364,201.4,101.0,212,0,0,0,0,0,0,10,2014,12,1212,8192,5120,9,20,0.0,0.0,0,0,0.0,0.0,0,0,benign,benign,0
80,10616777,5,0,30,0,6,6,6.0,0.0,0,0,0.0,0.0,2.825716317,0.470952719,2654194.25,5305733.311,10600000,1,10600000,2654194.25,5305733.311,10600000,1,0,0.0,0.0,0,0,0,0,0,0,100,0,0.470952719,0.0,6,6,6.0,0.0,0.0,0,0,0,0,1,0,0,0,0,7.2,6.0,0.0,100,0,0,0,0,0,0,5,30,0,0,256,-1,4,20,3983.0,0.0,3983,3983,10600000.0,0.0,10600000,10600000,ddos,ddos,1
443,88808196,13,8,1398,691,971,0,107.5384615385,266.6082067331,173,42,86.375,60.7405195424,23.522603702,0.2364646614,4440409.8,14104236.3668624,58656951,40,88808196,7400683.0,17880318.5028195,58656951,224,88773445,12681920.7142857,22562824.1926069,58692059,246,1,0,0,0,416,256,0.1463828857,0.0900817758,0,971,97.0454545455,205.1402487203,42082.5216450216,0,1,0,0,1,0,0,0,0,101.6666666667,107.5384615385,86.375,416,0,0,0,0,0,0,13,1398,8,691,328,138,4,32,1604604.5,2219550.9104953,3174064,35145,42780052.0,22453325.8942278,58656951,26903153,benign,benign,0
80,9134753,4,0,24,0,6,6,6.0,0.0,0,0,0.0,0.0,2.62732884,0.43788814,3044917.667,5273097.36,9133766,0,9134753,3044917.667,5273097.36,9133766,0,0,0.0,0.0,0,0,0,0,0,0,80,0,0.43788814,0.0,6,6,6.0,0.0,0.0,0,0,0,0,1,0,0,0,0,7.5,6.0,0.0,80,0,0,0,0,0,0,4,24,0,0,256,-1,3,20,987.0,0.0,987,987,9133766.0,0.0,9133766,9133766,ddos,ddos,1
80,4769915,4,0,24,0,6,6,6.0,0.0,0,0,0.0,0.0,5.031536201,0.838589367,1589971.667,2753017.153,4768882,2,4769915,1589971.667,2753017.153,4768882,2,0,0.0,0.0,0,0,0,0,0,0,80,0,0.838589367,0.0,6,6,6.0,0.0,0.0,0,0,0,0,1,0,0,0,0,7.5,6.0,0.0,80,0,0,0,0,0,0,4,24,0,0,256,-1,3,20,0.0,0.0,0,0,0.0,0.0,0,0,ddos,ddos,1
80,46645,3,6,26,11601,20,0,8.666666667,10.26320288,7300,0,1933.5,2720.783986,249265.7305,192.9467253,5830.625,11304.68359,31038,1,31995,15997.5,21372.30246,31110,885,46573,9314.6,14033.24319,31924,51,0,0,0,0,72,132,64.31557509,128.6311502,0,7300,1162.7,2258.94725,5102842.678,0,0,0,1,0,0,0,0,2,1291.888889,8.666666667,1933.5,72,0,0,0,0,0,0,3,26,6,11601,8192,229,2,20,0.0,0.0,0,0,0.0,0.0,0,0,ddos,ddos,1
53,30932,1,1,49,117,49,49,49.0,0.0,117,117,117.0,0.0,5366.6106297685,64.6579593948,30932.0,0.0,30932,30932,0,0.0,0.0,0,0,0,0.0,0.0,0,0,0,0,0,0,20,20,32.3289796974,32.3289796974,49,117,71.6666666667,39.2598183049,1541.3333333333,0,0,0,0,0,0,0,0,1,107.5,49.0,117.0,20,0,0,0,0,0,0,1,49,1,117,-1,-1,0,20,0.0,0.0,0,0,0.0,0.0,0,0,benign,benign,0
80,116505494,24,22,2067,9948,715,0,86.125,217.985702064,1460,0,452.1818181818,654.3189579259,103.1281838091,0.3948311656,2589010.97777778,4333278.32641663,10183552,-1,116505494,5065456.26086957,5087365.18533218,10335980,1,113418884,5400899.23809524,5203412.29051367,10337455,1,0,0,0,0,500,452,0.205998869,0.1888322966,0,1460,255.6382978723,504.0820078869,254098.670675301,0,0,0,1,0,0,0,0,0,261.1956521739,86.125,452.1818181818,500,0,0,0,0,0,0,24,2067,22,9948,29200,512,23,20,225374.636363636,241975.681433599,954956,151660,10085082.3636364,49412.714182228,10183552,9964009,benign,benign,0
53,30721,2,2,90,158,45,45,45.0,0.0,79,79,79.0,0.0,8072.6538849647,130.2040949188,10240.3333333333,17730.7154489979,30714,3,4,4.0,0.0,4,4,3,3.0,0.0,3,3,0,0,0,0,40,40,65.1020474594,65.1020474594,45,79,58.6,18.6225669552,346.8,0,0,0,0,0,0,0,0,1,73.25,45.0,79.0,40,0,0,0,0,0,0,2,90,2,158,-1,-1,1,20,0.0,0.0,0,0,0.0,0.0,0,0,benign,benign,0
2001,103,1,1,2,6,2,2,2.0,0.0,6,6,6.0,0.0,77669.90291,19417.47573,103.0,0.0,103,103,0,0.0,0.0,0,0,0,0.0,0.0,0,0,0,0,0,0,24,20,9708.737864,9708.737864,2,6,3.333333333,2.309401077,5.333333333,0,0,0,1,0,0,0,0,1,5.0,2.0,6.0,24,0,0,0,0,0,0,1,2,1,6,1024,0,0,24,0.0,0.0,0,0,0.0,0.0,0,0,portscan,portscan,1
80,1108712,3,4,26,11601,20,0,8.666666667,10.26320288,8760,0,2900.25,4128.319301,10486.94341,6.313632395,184785.3333,450815.6445,1105006,32,3216,1608.0,2012.425899,3031,185,1108680,369560.0,636916.5971,1105006,375,0,0,0,0,72,92,2.705842455,3.60778994,0,8760,1453.375,3113.952607,9696700.839,0,0,0,1,0,0,0,0,1,1661.0,8.666666667,2900.25,72,0,0,0,0,0,0,3,26,4,11601,8192,229,2,20,0.0,0.0,0,0,0.0,0.0,0,0,ddos,ddos,1
80,538750,3,6,26,11607,20,0,8.666666667,10.26320288,4380,0,1934.5,2177.344966,21592.57541,16.70533643,67343.75,190017.21,537612,14,820,410.0,452.54834,730,90,538734,107746.8,240302.2343,537612,14,0,0,0,0,72,132,5.568445476,11.13689095,0,4380,1163.3,1903.962654,3625073.789,0,0,0,1,0,0,0,0,2,1292.555556,8.666666667,1934.5,72,0,0,0,0,0,0,3,26,6,11607,8192,229,2,20,0.0,0.0,0,0,0.0,0.0,0,0,ddos,ddos,1
80,931292,3,6,26,11601,20,0,8.666666667,10.26320288,5840,0,1933.5,2189.772933,12484.80605,9.663993678,116411.5,324787.1075,920169,14,10744,5372.0,7229.459731,10484,260,931231,186246.2,410301.5659,920169,14,0,0,0,0,72,132,3.221331226,6.442662452,0,5840,1162.7,1911.59573,3654198.233,0,0,0,1,0,0,0,0,2,1291.888889,8.666666667,1933.5,72,0,0,0,0,0,0,3,26,6,11601,8192,229,2,20,0.0,0.0,0,0,0.0,0.0,0,0,ddos,ddos,1
13783,24,1,1,2,6,2,2,2.0,0.0,6,6,6.0,0.0,333333.3333,83333.33333,24.0,0.0,24,24,0,0.0,0.0,0,0,0,0.0,0.0,0,0,0,0,0,0,24,20,41666.66667,41666.66667,2,6,3.333333333,2.309401077,5.333333333,0,0,0,1,0,0,0,0,1,5.0,2.0,6.0,24,0,0,0,0,0,0,1,2,1,6,1024,0,0,24,0.0,0.0,0,0,0.0,0.0,0,0,portscan,portscan,1
51656,650329,2,0,12,0,6,6,6.0,0.0,0,0,0.0,0.0,18.4521988101,3.0753664684,650329.0,0.0,650329,650329,650329,650329.0,0.0,650329,650329,0,0.0,0.0,0,0,0,0,0,0,40,0,3.0753664684,0.0,6,6,6.0,0.0,0.0,0,0,0,0,1,0,0,0,0,9.0,6.0,0.0,40,0,0,0,0,0,0,2,12,0,0,11256,-1,1,20,0.0,0.0,0,0,0.0,0.0,0,0,benign,benign,0
9502,49,1,1,2,6,2,2,2.0,0.0,6,6,6.0,0.0,163265.3061,40816.32653,49.0,0.0,49,49,0,0.0,0.0,0,0,0,0.0,0.0,0,0,0,0,0,0,24,20,20408.16327,20408.16327,2,6,3.333333333,2.309401077,5.333333333,0,0,0,1,0,0,0,0,1,5.0,2.0,6.0,24,0,0,0,0,0,0,1,2,1,6,1024,0,0,24,0.0,0.0,0,0,0.0,0.0,0,0,portscan,portscan,1
32785,42,1,1,2,6,2,2,2.0,0.0,6,6,6.0,0.0,190476.1905,47619.04762,42.0,0.0,42,42,0,0.0,0.0,0,0,0,0.0,0.0,0,0,0,0,0,0,24,20,23809.52381,23809.52381,2,6,3.333333333,2.309401077,5.333333333,0,0,0,1,0,0,0,0,1,5.0,2.0,6.0,24,0,0,0,0,0,0,1,2,1,6,1024,0,0,24,0.0,0.0,0,0,0.0,0.0,0,0,portscan,portscan,1
5033,44,1,1,2,6,2,2,2.0,0.0,6,6,6.0,0.0,181818.1818,45454.54545,44.0,0.0,44,44,0,0.0,0.0,0,0,0,0.0,0.0,0,0,0,0,0,0,24,20,22727.27273,22727.27273,2,6,3.333333333,2.309401077,5.333333333,0,0,0,1,0,0,0,0,1,5.0,2.0,6.0,24,0,0,0,0,0,0,1,2,1,6,1024,0,0,24,0.0,0.0,0,0,0.0,0.0,0,0,portscan,portscan,1
2045,37,1,1,2,6,2,2,2.0,0.0,6,6,6.0,0.0,216216.2162,54054.05405,37.0,0.0,37,37,0,0.0,0.0,0,0,0,0.0,0.0,0,0,0,0,0,0,24,20,27027.02703,27027.02703,2,6,3.333333333,2.309401077,5.333333333,0,0,0,1,0,0,0,0,1,5.0,2.0,6.0,24,0,0,0,0,0,0,1,2,1,6,1024,0,0,24,0.0,0.0,0,0,0.0,0.0,0,0,portscan,portscan,1
4449,134,1,1,2,6,2,2,2.0,0.0,6,6,6.0,0.0,59701.49254,14925.37313,134.0,0.0,134,134,0,0.0,0.0,0,0,0,0.0,0.0,0,0,0,0,0,0,24,20,7462.686567,7462.686567,2,6,3.333333333,2.309401077,5.333333333,0,0,0,1,0,0,0,0,1,5.0,2.0,6.0,24,0,0,0,0,0,0,1,2,1,6,1024,0,0,24,0.0,0.0,0,0,0.0,0.0,0,0,portscan,portscan,1
80,9567753,4,0,24,0,6,6,6.0,0.0,0,0,0.0,0.0,2.50842596,0.418070993,3189251.0,5523943.038,9567751,1,9567753,3189251.0,5523943.038,9567751,1,0,0.0,0.0,0,0,0,0,0,0,80,0,0.418070993,0.0,6,6,6.0,0.0,0.0,0,0,0,0,1,0,0,0,0,7.5,6.0,0.0,80,0,0,0,0,0,0,4,24,0,0,256,-1,3,20,2.0,0.0,2,2,9567751.0,0.0,9567751,9567751,ddos,ddos,1
1782,43,1,1,2,6,2,2,2.0,0.0,6,6,6.0,0.0,186046.5116,46511.62791,43.0,0.0,43,43,0,0.0,0.0,0,0,0,0.0,0.0,0,0,0,0,0,0,24,20,23255.81395,23255.81395,2,6,3.333333333,2.309401077,5.333333333,0,0,0,1,0,0,0,0,1,5.0,2.0,6.0,24,0,0,0,0,0,0,1,2,1,6,1024,0,0,24,0.0,0.0,0,0,0.0,0.0,0,0,portscan,portscan,1
443,90065677,3,3,18,0,6,6,6.0,0.0,0,0,0.0,0.0,0.1998541575,0.0666180525,18013135.4,24633593.0037393,44999202,23023,90042654,45021327.0,2317.8960287295,45022966,45019688,90041913,45020956.5,1932.5228329828,45022323,45019590,0,0,0,0,60,96,0.0333090263,0.0333090263,0,6,3.4285714286,3.2071349029,10.2857142857,0,0,0,0,1,0,0,0,1,4.0,6.0,0.0,60,0,0,0,0,0,0,3,18,3,0,256,1013,2,20,23442.5,454.669660303,23764,23121,44997884.5,1863.2263684266,44999202,44996567,benign,benign,0
80,219627,3,4,26,11607,20,0,8.666666667,10.26320288,11595,0,2901.75,5795.50069,52967.076,31.87221972,36604.5,89109.41355,218497,12,1028,514.0,701.4499269,1010,18,219520,73173.33333,125854.9783,218497,12,0,0,0,0,72,92,13.65952274,18.21269698,0,11595,1454.125,4097.537534,16800000.0,0,0,0,1,0,0,0,0,1,1661.857143,8.666666667,2901.75,72,0,0,0,0,0,0,3,26,4,11607,8192,229,2,20,0.0,0.0,0,0,0.0,0.0,0,0,ddos,ddos,1
62467,3,2,0,12,0,6,6,6.0,0.0,0,0,0.0,0.0,4000000.0,666666.666666667,3.0,0.0,3,3,3,3.0,0.0,3,3,0,0.0,0.0,0,0,0,0,0,0,40,0,666666.666666667,0.0,6,6,6.0,0.0,0.0,0,0,0,0,1,0,0,0,0,9.0,6.0,0.0,40,0,0,0,0,0,0,2,12,0,0,125,-1,1,20,0.0,0.0,0,0,0.0,0.0,0,0,benign,benign,0
80,115386221,16,14,359,145,359,0,22.4375,89.75,145,0,10.3571428571,38.7528800773,4.3679392187,0.2599963821,3978835.20689655,4968246.72289151,10203913,21,115386221,7692414.73333333,4396119.6841627,10240155,31691,112595458,8661189.07692308,3828917.35710774,10244620,234,0,0,0,0,520,456,0.1386647371,0.121331645,0,359,16.2580645161,68.7294055175,4723.7311827957,0,0,0,1,0,0,0,0,0,16.8,22.4375,10.3571428571,520,0,0,0,0,0,0,16,359,14,145,29200,340,1,32,44269.0909090909,21427.4113670063,108699,36097,10191991.5454545,33822.0408502019,10203913,10090121,benign,benign,0
443,10334529,7,5,613,2710,342,0,87.5714285714,144.0114082783,1451,0,542.0,712.3773578659,321.5434394736,1.1611559656,939502.636363636,3075827.45564468,10213369,4,10334529,1722421.5,4159766.24210894,10213369,181,55958,13989.5,16292.8530446123,32202,4,0,0,0,0,152,108,0.6773409799,0.4838149857,0,1451,255.6153846154,485.408168188,235621.08974359,0,0,0,1,0,0,0,0,0,276.9166666667,87.5714285714,542.0,152,0,0,0,0,0,0,7,613,5,2710,8192,11256,6,20,0.0,0.0,0,0,0.0,0.0,0,0,benign,benign,0
80,70113,3,5,427,2279,421,0,142.3333333333,241.3510582809,1460,0,455.8,660.3318862511,38594.8397586753,114.101521829,10016.1428571429,16803.1291473599,36659,2,32521,16260.5,22916.6236714748,32465,56,37681,9420.25,18221.4402353381,36748,2,0,0,0,0,72,112,42.7880706859,71.3134511432,0,1460,300.6666666667,518.0002413127,268324.25,0,0,0,1,0,0,0,0,1,338.25,142.3333333333,455.8,72,0,0,0,0,0,0,3,427,5,2279,8192,237,2,20,0.0,0.0,0,0,0.0,0.0,0,0,benign,benign,0
80,813366,3,6,26,11601,20,0,8.666666667,10.26320288,5840,0,1933.5,2189.772933,14294.91766,11.06512935,101670.75,277231.1826,787444,45,25354,12677.0,17577.26037,25106,248,813303,162660.6,349435.2032,787444,45,0,0,0,0,72,132,3.68837645,7.376752901,0,5840,1162.7,1911.59573,3654198.233,0,0,0,1,0,0,0,0,2,1291.888889,8.666666667,1933.5,72,0,0,0,0,0,0,3,26,6,11601,8192,229,2,20,0.0,0.0,0,0,0.0,0.0,0,0,ddos,ddos,1
80,918251,3,5,26,11607,20,0,8.666666667,10.26320288,10135,0,2321.4,4413.201989,12668.64942,8.712214852,131178.7143,346637.2584,917278,5,723,361.5,354.2604974,612,111,918219,229554.75,458482.2736,917278,5,0,0,0,0,72,112,3.267080569,5.445134282,0,10135,1292.555556,3350.634907,11200000.0,0,0,0,1,0,0,0,0,1,1454.125,8.666666667,2321.4,72,0,0,0,0,0,0,3,26,5,11607,8192,229,2,20,0.0,0.0,0,0,0.0,0.0,0,0,ddos,ddos,1
6566,35,1,1,2,6,2,2,2.0,0.0,6,6,6.0,0.0,228571.4286,57142.85714,35.0,0.0,35,35,0,0.0,0.0,0,0,0,0.0,0.0,0,0,0,0,0,0,24,20,28571.42857,28571.42857,2,6,3.333333333,2.309401077,5.333333333,0,0,0,1,0,0,0,0,1,5.0,2.0,6.0,24,0,0,0,0,0,0,1,2,1,6,1024,0,0,24,0.0,0.0,0,0,0.0,0.0,0,0,portscan,portscan,1
49805,2,2,0,37,0,31,6,18.5,17.6776695297,0,0,0.0,0.0,18500000.0,1000000.0,2.0,0.0,2,2,2,2.0,0.0,2,2,0,0.0,0.0,0,0,1,0,0,0,40,0,1000000.0,0.0,6,31,22.6666666667,14.4337567297,208.3333333333,0,1,0,0,1,0,0,0,0,34.0,18.5,0.0,40,0,0,0,0,0,0,2,37,0,0,110,-1,1,20,0.0,0.0,0,0,0.0,0.0,0,0,benign,benign,0
123,67043163,2,2,96,96,48,48,48.0,0.0,48,48,48.0,0.0,2.8638266962,0.0596630562,22347721.0,38632521.1755756,66956714,43064,67000099,67000099.0,0.0,67000099,67000099,66999778,66999778.0,0.0,66999778,66999778,0,0,0,0,40,40,0.0298315281,0.0298315281,48,48,48.0,0.0,0.0,0,0,0,0,0,0,0,0,1,60.0,48.0,48.0,40,0,0,0,0,0,0,2,96,2,96,-1,-1,1,20,43385.0,0.0,43385,43385,66956714.0,0.0,66956714,66956714,benign,benign,0
80,912319,3,5,26,11601,20,0,8.666666667,10.26320288,8760,0,2320.2,3668.897,12744.44575,8.768862646,130331.2857,338847.5747,898698,47,12849,6424.5,8558.113373,12476,373,912139,228034.75,447146.7783,898698,192,0,0,0,0,72,112,3.288323492,5.480539154,0,8760,1291.888889,2866.607422,8217438.111,0,0,0,1,0,0,0,0,1,1453.375,8.666666667,2320.2,72,0,0,0,0,0,0,3,26,5,11601,8192,229,2,20,0.0,0.0,0,0,0.0,0.0,0,0,ddos,ddos,1
49808,5,2,0,37,0,31,6,18.5,17.6776695297,0,0,0.0,0.0,7400000.0,400000.0,5.0,0.0,5,5,5,5.0,0.0,5,5,0,0.0,0.0,0,0,1,0,0,0,40,0,400000.0,0.0,6,31,22.6666666667,14.4337567297,208.3333333333,0,1,0,0,1,0,0,0,0,34.0,18.5,0.0,40,0,0,0,0,0,0,2,37,0,0,110,-1,1,20,0.0,0.0,0,0,0.0,0.0,0,0,benign,benign,0
53,48915,1,1,55,110,55,55,55.0,0.0,110,110,110.0,0.0,3373.1984053971,40.8872533988,48915.0,0.0,48915,48915,0,0.0,0.0,0,0,0,0.0,0.0,0,0,0,0,0,0,20,20,20.4436266994,20.4436266994,55,110,73.3333333333,31.7542648054,1008.3333333333,0,0,0,0,0,0,0,0,1,110.0,55.0,110.0,20,0,0,0,0,0,0,1,55,1,110,-1,-1,0,20,0.0,0.0,0,0,0.0,0.0,0,0,benign,benign,0
51626,1,2,0,59,0,53,6,29.5,33.2340187158,0,0,0.0,0.0,59000000.0,2000000.0,1.0,0.0,1,1,1,1.0,0.0,1,1,0,0.0,0.0,0,0,1,0,0,0,40,0,2000000.0,0.0,6,53,37.3333333333,27.1354626519,736.3333333333,0,1,0,0,1,0,0,0,0,56.0,29.5,0.0,40,0,0,0,0,0,0,2,59,0,0,16616,-1,1,20,0.0,0.0,0,0,0.0,0.0,0,0,benign,benign,0
8031,32,1,1,2,6,2,2,2.0,0.0,6,6,6.0,0.0,250000.0,62500.0,32.0,0.0,32,32,0,0.0,0.0,0,0,0,0.0,0.0,0,0,0,0,0,0,24,20,31250.0,31250.0,2,6,3.333333333,2.309401077,5.333333333,0,0,0,1,0,0,0,0,1,5.0,2.0,6.0,24,0,0,0,0,0,0,1,2,1,6,1024,0,0,24,0.0,0.0,0,0,0.0,0.0,0,0,portscan,portscan,1
80,882806,3,6,26,11601,20,0,8.666666667,10.26320288,5840,0,1933.5,2189.772933,13170.50405,10.19476533,110350.75,307461.7604,871223,12,11195,5597.5,7447.955726,10864,331,882794,176558.8,388359.2954,871223,44,0,0,0,0,72,132,3.398255109,6.796510219,0,5840,1162.7,1911.59573,3654198.233,0,0,0,1,0,0,0,0,2,1291.888889,8.666666667,1933.5,72,0,0,0,0,0,0,3,26,6,11601,8192,229,2,20,0.0,0.0,0,0,0.0,0.0,0,0,ddos,ddos,1
39412,3,2,0,31,0,31,0,15.5,21.9203102168,0,0,0.0,0.0,10333333.3333333,666666.666666667,3.0,0.0,3,3,3,3.0,0.0,3,3,0,0.0,0.0,0,0,1,0,0,0,64,0,666666.666666667,0.0,0,31,20.6666666667,17.8978583449,320.3333333333,0,1,0,0,1,0,0,0,0,31.0,15.5,0.0,64,0,0,0,0,0,0,2,31,0,0,123,-1,0,32,0.0,0.0,0,0,0.0,0.0,0,0,benign,benign,0
4,31,1,1,2,6,2,2,2.0,0.0,6,6,6.0,0.0,258064.5161,64516.12903,31.0,0.0,31,31,0,0.0,0.0,0,0,0,0.0,0.0,0,0,0,0,0,0,24,20,32258.06452,32258.06452,2,6,3.333333333,2.309401077,5.333333333,0,0,0,1,0,0,0,0,1,5.0,2.0,6.0,24,0,0,0,0,0,0,1,2,1,6,1024,0,0,24,0.0,0.0,0,0,0.0,0.0,0,0,portscan,portscan,1
62490,18397,2,0,12,0,6,6,6.0,0.0,0,0,0.0,0.0,652.2802630864,108.7133771811,18397.0,0.0,18397,18397,18397,18397.0,0.0,18397,18397,0,0.0,0.0,0,0,0,0,0,0,40,0,108.7133771811,0.0,6,6,6.0,0.0,0.0,0,0,0,0,1,0,0,0,0,9.0,6.0,0.0,40,0,0,0,0,0,0,2,12,0,0,31088,-1,1,20,0.0,0.0,0,0,0.0,0.0,0,0,benign,benign,0
3905,46,1,1,2,6,2,2,2.0,0.0,6,6,6.0,0.0,173913.0435,43478.26087,46.0,0.0,46,46,0,0.0,0.0,0,0,0,0.0,0.0,0,0,0,0,0,0,24,20,21739.13043,21739.13043,2,6,3.333333333,2.309401077,5.333333333,0,0,0,1,0,0,0,0,1,5.0,2.0,6.0,24,0,0,0,0,0,0,1,2,1,6,1024,0,0,24,0.0,0.0,0,0,0.0,0.0,0,0,portscan,portscan,1
62374,4069,3,1,50,6,38,6,16.6666666667,18.4752086141,6,6,6.0,0.0,13762.5952322438,983.0425165888,1356.3333333333,2207.7400964184,3904,4,4069,2034.5,2871.5606383986,4065,4,0,0.0,0.0,0,0,0,0,0,0,60,20,737.2818874416,245.7606291472,6,38,12.4,14.310835056,204.8,0,0,0,0,1,0,0,0,0,15.5,16.6666666667,6.0,60,0,0,0,0,0,0,3,50,1,6,351,0,2,20,0.0,0.0,0,0,0.0,0.0,0,0,benign,benign,0
53,30654,1,1,55,120,55,55,55.0,0.0,120,120,120.0,0.0,5708.8797546813,65.2443400535,30654.0,0.0,30654,30654,0,0.0,0.0,0,0,0,0.0,0.0,0,0,0,0,0,0,32,20,32.6221700268,32.6221700268,55,120,76.6666666667,37.5277674973,1408.3333333333,0,0,0,0,0,0,0,0,1,115.0,55.0,120.0,32,0,0,0,0,0,0,1,55,1,120,-1,-1,0,32,0.0,0.0,0,0,0.0,0.0,0,0,benign,benign,0
62469,4,2,0,12,0,6,6,6.0,0.0,0,0,0.0,0.0,3000000.0,500000.0,4.0,0.0,4,4,4,4.0,0.0,4,4,0,0.0,0.0,0,0,0,0,0,0,40,0,500000.0,0.0,6,6,6.0,0.0,0.0,0,0,0,0,1,0,0,0,0,9.0,6.0,0.0,40,0,0,0,0,0,0,2,12,0,0,4969,-1,1,20,0.0,0.0,0,0,0.0,0.0,0,0,benign,benign,0
80,11511927,4,0,24,0,6,6,6.0,0.0,0,0,0.0,0.0,2.084794318,0.34746572,3837309.0,6642954.457,11500000,993,11500000,3837309.0,6642954.457,11500000,993,0,0.0,0.0,0,0,0,0,0,0,80,0,0.34746572,0.0,6,6,6.0,0.0,0.0,0,0,0,0,1,0,0,0,0,7.5,6.0,0.0,80,0,0,0,0,0,0,4,24,0,0,256,-1,3,20,3995.0,0.0,3995,3995,11500000.0,0.0,11500000,11500000,ddos,ddos,1
5033,62,1,1,2,6,2,2,2.0,0.0,6,6,6.0,0.0,129032.2581,32258.06452,62.0,0.0,62,62,0,0.0,0.0,0,0,0,0.0,0.0,0,0,0,0,0,0,24,20,16129.03226,16129.03226,2,6,3.333333333,2.309401077,5.333333333,0,0,0,1,0,0,0,0,1,5.0,2.0,6.0,24,0,0,0,0,0,0,1,2,1,6,1024,0,0,24,0.0,0.0,0,0,0.0,0.0,0,0,portscan,portscan,1
903,40,1,1,2,6,2,2,2.0,0.0,6,6,6.0,0.0,200000.0,50000.0,40.0,0.0,40,40,0,0.0,0.0,0,0,0,0.0,0.0,0,0,0,0,0,0,24,20,25000.0,25000.0,2,6,3.333333333,2.309401077,5.333333333,0,0,0,1,0,0,0,0,1,5.0,2.0,6.0,24,0,0,0,0,0,0,1,2,1,6,1024,0,0,24,0.0,0.0,0,0,0.0,0.0,0,0,portscan,portscan,1
1110,93,1,1,2,6,2,2,2.0,0.0,6,6,6.0,0.0,86021.50538,21505.37634,93.0,0.0,93,93,0,0.0,0.0,0,0,0,0.0,0.0,0,0,0,0,0,0,24,20,10752.68817,10752.68817,2,6,3.333333333,2.309401077,5.333333333,0,0,0,1,0,0,0,0,1,5.0,2.0,6.0,24,0,0,0,0,0,0,1,2,1,6,1024,0,0,24,0.0,0.0,0,0,0.0,0.0,0,0,portscan,portscan,1
50500,73,1,1,2,6,2,2,2.0,0.0,6,6,6.0,0.0,109589.0411,27397.26027,73.0,0.0,73,73,0,0.0,0.0,0,0,0,0.0,0.0,0,0,0,0,0,0,24,20,13698.63014,13698.63014,2,6,3.333333333,2.309401077,5.333333333,0,0,0,1,0,0,0,0,1,5.0,2.0,6.0,24,0,0,0,0,0,0,1,2,1,6,1024,0,0,24,0.0,0.0,0,0,0.0,0.0,0,0,portscan,portscan,1
62354,2,3,0,18,0,6,6,6.0,0.0,0,0,0.0,0.0,9000000.0,1500000.0,1.0,0.0,1,1,2,1.0,0.0,1,1,0,0.0,0.0,0,0,0,0,0,0,60,0,1500000.0,0.0,6,6,6.0,0.0,0.0,0,0,0,0,1,0,0,0,0,8.0,6.0,0.0,60,0,0,0,0,0,0,3,18,0,0,12815,-1,2,20,0.0,0.0,0,0,0.0,0.0,0,0,benign,benign,0
1658,90,1,1,2,6,2,2,2.0,0.0,6,6,6.0,0.0,88888.88889,22222.22222,90.0,0.0,90,90,0,0.0,0.0,0,0,0,0.0,0.0,0,0,0,0,0,0,24,20,11111.11111,11111.11111,2,6,3.333333333,2.309401077,5.333333333,0,0,0,1,0,0,0,0,1,5.0,2.0,6.0,24,0,0,0,0,0,0,1,2,1,6,1024,0,0,24,0.0,0.0,0,0,0.0,0.0,0,0,portscan,portscan,1
3390,43,1,1,2,6,2,2,2.0,0.0,6,6,6.0,0.0,186046.5116,46511.62791,43.0,0.0,43,43,0,0.0,0.0,0,0,0,0.0,0.0,0,0,0,0,0,0,24,20,23255.81395,23255.81395,2,6,3.333333333,2.309401077,5.333333333,0,0,0,1,0,0,0,0,1,5.0,2.0,6.0,24,0,0,0,0,0,0,1,2,1,6,1024,0,0,24,0.0,0.0,0,0,0.0,0.0,0,0,portscan,portscan,1
443,63274485,164,222,5520,367432,1001,0,33.6585365854,101.5378945867,4230,0,1655.0990990991,981.0830514976,5894.192580153,6.1004052423,164349.311688312,2965145.49894017,58126224,0,63274485,388187.024539877,4555561.98162825,58126224,18,63252174,286208.932126697,3914694.07589423,58149795,1,0,0,0,0,3316,4452,2.5918820201,3.5085232223,0,4230,963.7002583979,1095.5710925041,1200276.0187305,0,0,0,1,0,0,0,0,1,966.1968911917,33.6585365854,1655.0990990991,3316,0,0,0,0,0,0,164,5520,222,367432,8192,165,161,20,2458969.0,0.0,2458969,2458969,58126224.0,0.0,58126224,58126224,benign,benign,0
80,1837245,3,5,26,11607,20,0,8.666666667,10.26320288,10135,0,2321.4,4413.201989,6331.763047,4.354345773,262463.5714,693889.975,1836058,4,900,450.0,564.2712114,849,51,1837197,459299.25,917839.2594,1836058,4,0,0,0,0,72,112,1.632879665,2.721466108,0,10135,1292.555556,3350.634907,11200000.0,0,0,0,1,0,0,0,0,1,1454.125,8.666666667,2321.4,72,0,0,0,0,0,0,3,26,5,11607,8192,229,2,20,0.0,0.0,0,0,0.0,0.0,0,0,ddos,ddos,1
443,30472570,12,14,1029,12112,517,0,85.75,189.2987657838,2896,0,865.1428571429,948.1239660219,431.2402924991,0.8532263606,1218902.8,3271060.97603511,10001594,3,20633268,1875751.63636364,4055776.92050163,10155754,243,30318634,2332202.61538461,4371998.65683575,10155649,3,0,0,0,0,392,456,0.3937967818,0.4594295788,0,2896,486.7037037037,790.6048227496,625055.985754986,0,0,0,1,0,0,0,0,1,505.4230769231,85.75,865.1428571429,392,0,0,0,0,0,0,12,1029,14,12112,29200,122,3,32,262217.666666667,187252.308841128,478438,154055,9895304.66666667,181922.230201076,10001594,9685244,benign,benign,0
443,117609,6,7,1271,3369,934,0,211.8333333333,362.9503639159,1460,0,481.2857142857,620.8026294741,39452.7629688204,110.5357583178,9800.75,11436.7575357624,25888,3,93283,18656.6,11847.3945785561,30005,591,93692,15615.3333333333,17211.7975896379,39135,3,0,0,0,0,132,152,51.016503839,59.5192544788,0,1460,331.4285714286,505.6529235759,255684.879120879,0,0,0,1,0,0,0,0,1,356.9230769231,211.8333333333,481.2857142857,132,0,0,0,0,0,0,6,1271,7,3369,8192,63,5,20,0.0,0.0,0,0,0.0,0.0,0,0,benign,benign,0
80,995165,3,6,26,11607,20,0,8.666666667,10.26320288,4380,0,1934.5,2177.344966,11689.51882,9.043726417,124395.625,351292.089,993799,17,1039,519.5,502.7529214,875,164,995033,199006.6,444302.6275,993799,17,0,0,0,0,72,132,3.014575472,6.029150945,0,4380,1163.3,1903.962654,3625073.789,0,0,0,1,0,0,0,0,2,1292.555556,8.666666667,1934.5,72,0,0,0,0,0,0,3,26,6,11607,8192,229,2,20,0.0,0.0,0,0,0.0,0.0,0,0,ddos,ddos,1
443,550,2,0,12,0,6,6,6.0,0.0,0,0,0.0,0.0,21818.1818181818,3636.3636363636,550.0,0.0,550,550,550,550.0,0.0,550,550,0,0.0,0.0,0,0,0,0,0,0,40,0,3636.3636363636,0.0,6,6,6.0,0.0,0.0,0,0,0,0,1,0,0,0,0,9.0,6.0,0.0,40,0,0,0,0,0,0,2,12,0,0,253,-1,1,20,0.0,0.0,0,0,0.0,0.0,0,0,benign,benign,0
22,1661692,43,42,2670,7038,408,0,62.0930232558,98.5349379549,976,0,167.5714285714,317.156354674,5842.2379117189,51.1526805208,19782.0476190476,105598.965366178,957454,1,1661692,39564.0952380952,155815.937617435,999673,1,704128,17173.8536585366,39409.6673003979,168456,1,0,0,0,0,884,864,25.8772383811,25.2754421397,0,976,112.8837209302,237.1690595139,56249.1627906977,0,0,0,1,0,0,0,0,0,114.2117647059,62.0930232558,167.5714285714,884,0,0,0,0,0,0,43,2670,42,7038,8192,245,41,20,0.0,0.0,0,0,0.0,0.0,0,0,benign,benign,0
443,113354261,99,142,8168,198837,725,0,82.5050505051,191.9228359894,4380,0,1400.2605633803,726.2633178142,1826.1774914663,2.1260779954,472309.420833333,1994906.33739981,10010886,1,113107671,1154159.90816327,3079727.2017727,10265748,165,113113285,802221.879432624,2628391.49211401,10264454,1,0,0,0,0,1992,2852,0.8733681392,1.2527098562,0,4380,855.3925619835,864.2469144134,746922.729073077,0,0,0,1,0,0,0,0,1,858.9419087137,82.5050505051,1400.2605633803,1992,0,0,0,0,0,0,99,8168,142,198837,8192,12050,98,20,1312644.0,3351543.69617932,10851296,242300,9998123.1,18022.2073284292,10010886,9947927,benign,benign,0
443,90053633,3,3,18,0,6,6,6.0,0.0,0,0,0.0,0.0,0.1998808865,0.0666269622,18010726.6,24641179.2172962,45004082,15067,90038566,45019283.0,354.9676041556,45019534,45019032,90038091,45019045.5,146.3711037056,45019149,45018942,0,0,0,0,60,96,0.0333134811,0.0333134811,0,6,3.4285714286,3.2071349029,10.2857142857,0,0,0,0,1,0,0,0,1,4.0,6.0,0.0,60,0,0,0,0,0,0,3,18,3,0,252,62,2,20,15497.0,63.6396103068,15542,15452,45003786.0,418.6072144624,45004082,45003490,benign,benign,0
80,1618774,3,5,26,11607,20,0,8.666666667,10.26320288,5840,0,2321.4,3173.373883,7186.30272,4.942011671,231253.4286,611294.0805,1617538,11,908,454.0,420.021428,751,157,1618726,404681.5,808571.1113,1617538,11,0,0,0,0,72,112,1.853254376,3.088757294,0,5840,1292.555556,2554.159212,6523729.278,0,0,0,1,0,0,0,0,1,1454.125,8.666666667,2321.4,72,0,0,0,0,0,0,3,26,5,11607,8192,229,2,20,0.0,0.0,0,0,0.0,0.0,0,0,ddos,ddos,1
53,23609,1,1,61,111,61,61,61.0,0.0,111,111,111.0,0.0,7285.3572790038,84.7134567326,23609.0,0.0,23609,23609,0,0.0,0.0,0,0,0,0.0,0.0,0,0,0,0,0,0,20,20,42.3567283663,42.3567283663,61,111,77.6666666667,28.8675134595,833.3333333333,0,0,0,0,0,0,0,0,1,116.5,61.0,111.0,20,0,0,0,0,0,0,1,61,1,111,-1,-1,0,20,0.0,0.0,0,0,0.0,0.0,0,0,benign,benign,0
51571,3,2,0,37,0,31,6,18.5,17.6776695297,0,0,0.0,0.0,12333333.3333333,666666.666666667,3.0,0.0,3,3,3,3.0,0.0,3,3,0,0.0,0.0,0,0,1,0,0,0,40,0,666666.666666667,0.0,6,31,22.6666666667,14.4337567297,208.3333333333,0,1,0,0,1,0,0,0,0,34.0,18.5,0.0,40,0,0,0,0,0,0,2,37,0,0,946,-1,1,20,0.0,0.0,0,0,0.0,0.0,0,0,benign,benign,0
17,50,1,1,2,6,2,2,2.0,0.0,6,6,6.0,0.0,160000.0,40000.0,50.0,0.0,50,50,0,0.0,0.0,0,0,0,0.0,0.0,0,0,0,0,0,0,24,20,20000.0,20000.0,2,6,3.333333333,2.309401077,5.333333333,0,0,0,1,0,0,0,0,1,5.0,2.0,6.0,24,0,0,0,0,0,0,1,2,1,6,1024,0,0,24,0.0,0.0,0,0,0.0,0.0,0,0,portscan,portscan,1
80,47528,2,5,20,11601,20,0,10.0,14.14213562,4380,0,2320.2,2193.240798,244508.5003,147.2816024,7921.333333,15320.61633,38360,15,8988,8988.0,0.0,8988,8988,47404,11851.0,18169.09301,38360,15,0,0,0,0,52,112,42.08045784,105.2011446,0,4380,1452.625,2045.109354,4182472.268,0,0,0,1,0,0,0,0,2,1660.142857,10.0,2320.2,52,0,0,0,0,0,0,2,20,5,11601,8192,229,1,20,0.0,0.0,0,0,0.0,0.0,0,0,ddos,ddos,1
10025,27,1,1,2,6,2,2,2.0,0.0,6,6,6.0,0.0,296296.2963,74074.07407,27.0,0.0,27,27,0,0.0,0.0,0,0,0,0.0,0.0,0,0,0,0,0,0,24,20,37037.03704,37037.03704,2,6,3.333333333,2.309401077,5.333333333,0,0,0,1,0,0,0,0,1,5.0,2.0,6.0,24,0,0,0,0,0,0,1,2,1,6,1024,0,0,24,0.0,0.0,0,0,0.0,0.0,0,0,portscan,portscan,1
53,56638657,2,2,92,308,53,39,46.0,9.8994949366,206,102,154.0,73.5391052434,7.0623143483,0.0706231435,18879552.3333333,32327692.0020949,56207529,416,56207945,56207945.0,0.0,56207945,56207945,56638241,56638241.0,0.0,56638241,56638241,0,0,0,0,40,52,0.0353115717,0.0353115717,39,206,87.8,70.9697118495,5036.7,0,0,0,0,0,0,0,0,1,109.75,46.0,154.0,40,0,0,0,0,0,0,2,92,2,308,-1,-1,1,20,416.0,0.0,416,416,56207529.0,0.0,56207529,56207529,benign,benign,0
443,61190836,15,15,815,6463,431,0,54.3333333333,117.9029059782,1752,0,430.8666666667,666.1357505008,118.939378439,0.4902694907,2110028.82758621,4101170.47901339,10001838,47,61190836,4370774.0,5134095.49897145,10101515,465,61090707,4363621.92857143,5155120.33583313,10102138,47,0,0,0,0,312,384,0.2451347453,0.2451347453,0,1752,234.7741935484,500.9064257043,250907.247311828,0,0,0,1,0,0,0,0,1,242.6,54.3333333333,430.8666666667,312,0,0,0,0,0,0,15,815,15,6463,8192,114,14,20,137036.333333333,90731.0319960413,322239,99677,9999155.5,2353.0284953651,10001838,9995258,benign,benign,0
22,601,2,1,8,2,6,2,4.0,2.828427125,2,2,2.0,0.0,16638.93511,4991.680532,300.5,358.5031381,554,47,601,601.0,0.0,601,601,0,0.0,0.0,0,0,0,0,0,0,44,24,3327.787022,1663.893511,2,6,3.0,2.0,4.0,0,0,0,1,0,0,0,0,0,4.0,4.0,2.0,44,0,0,0,0,0,0,2,8,1,2,1024,29200,1,20,0.0,0.0,0,0,0.0,0.0,0,0,portscan,portscan,1
123,67057535,2,2,96,96,48,48,48.0,0.0,48,48,48.0,0.0,2.8632129111,0.059650269,22352511.6666667,38615953.5320728,66942374,57471,67000064,67000064.0,0.0,67000064,67000064,66999845,66999845.0,0.0,66999845,66999845,0,0,0,0,40,40,0.0298251345,0.0298251345,48,48,48.0,0.0,0.0,0,0,0,0,0,0,0,0,1,60.0,48.0,48.0,40,0,0,0,0,0,0,2,96,2,96,-1,-1,1,20,57690.0,0.0,57690,57690,66942374.0,0.0,66942374,66942374,benign,benign,0
443,124196,2,0,12,0,6,6,6.0,0.0,0,0,0.0,0.0,96.6214692905,16.1035782151,124196.0,0.0,124196,124196,124196,124196.0,0.0,124196,124196,0,0.0,0.0,0,0,0,0,0,0,40,0,16.1035782151,0.0,6,6,6.0,0.0,0.0,0,0,0,0,1,0,0,0,0,9.0,6.0,0.0,40,0,0,0,0,0,0,2,12,0,0,256,-1,1,20,0.0,0.0,0,0,0.0,0.0,0,0,benign,benign,0
80,116797680,22,17,1748,3184,437,0,79.4545454545,172.5149344185,796,0,187.2941176471,348.0409036137,42.2268661501,0.3339107421,3073623.15789474,4575642.32512191,10024536,29,116797680,5561794.28571429,4945057.54538644,10048026,1484,111403911,6962744.4375,4721783.294161,10049674,49,0,0,0,0,712,552,0.1883599058,0.1455508363,0,796,123.3,262.6406534041,68980.1128205128,0,0,0,1,0,0,0,0,0,126.4615384615,79.4545454545,187.2941176471,712,0,0,0,0,0,0,22,1748,17,3184,29200,292,4,32,107135.545454545,276339.157282266,940328,23464,10020453.3636364,8529.1681103461,10024536,9999152,benign,benign,0
80,9136738,5,0,30,0,6,6,6.0,0.0,0,0,0.0,0.0,3.28344755,0.547241258,2284184.5,4567034.357,9134736,3,9136738,2284184.5,4567034.357,9134736,3,0,0.0,0.0,0,0,0,0,0,0,100,0,0.547241258,0.0,6,6,6.0,0.0,0.0,0,0,0,0,1,0,0,0,0,7.2,6.0,0.0,100,0,0,0,0,0,0,5,30,0,0,256,-1,4,20,2002.0,0.0,2002,2002,9134736.0,0.0,9134736,9134736,ddos,ddos,1
80,46106902,12,11,752,3438,349,0,62.6666666667,133.7571295183,1695,0,312.5454545455,683.5061614406,90.8757651945,0.4988407159,2095768.27272727,4049412.1639339,10224998,3,40791814,3708346.72727273,5124069.10863749,10240039,3,46091834,4609183.4,5052800.83842574,10240114,4,0,0,0,0,260,232,0.2602647213,0.2385759945,0,1695,174.5833333333,478.1649630452,228641.731884058,0,0,0,1,0,0,0,0,0,182.1739130435,62.6666666667,312.5454545455,260,0,0,0,0,0,0,12,752,11,3438,29200,31,11,20,38545.0,46525.9394460051,108332,14970,10159408.5,105727.530493875,10224998,10003450,benign,benign,0
443,10536654,7,9,651,6833,308,0,93.0,122.4105115312,1460,0,759.2222222222,671.1385434055,710.2824103363,1.5185086271,702443.6,2587320.74526777,10049865,3,486786,81131.0,128950.089214393,342108,8628,10510899,1313862.375,3532137.75315528,10049978,3,0,0,0,0,152,192,0.6643475244,0.8541611028,0,1460,440.2352941176,594.0806478724,352931.816176471,0,0,0,1,0,0,0,0,1,467.75,93.0,759.2222222222,152,0,0,0,0,0,0,7,651,9,6833,8192,62,6,20,486786.0,0.0,486786,486786,10049865.0,0.0,10049865,10049865,benign,benign,0
443,1603,2,0,12,0,6,6,6.0,0.0,0,0,0.0,0.0,7485.9638178416,1247.6606363069,1603.0,0.0,1603,1603,1603,1603.0,0.0,1603,1603,0,0.0,0.0,0,0,0,0,0,0,40,0,1247.6606363069,0.0,6,6,6.0,0.0,0.0,0,0,0,0,1,0,0,0,0,9.0,6.0,0.0,40,0,0,0,0,0,0,2,12,0,0,366,-1,1,20,0.0,0.0,0,0,0.0,0.0,0,0,benign,benign,0
10004,64,1,1,2,6,2,2,2.0,0.0,6,6,6.0,0.0,125000.0,31250.0,64.0,0.0,64,64,0,0.0,0.0,0,0,0,0.0,0.0,0,0,0,0,0,0,24,20,15625.0,15625.0,2,6,3.333333333,2.309401077,5.333333333,0,0,0,1,0,0,0,0,1,5.0,2.0,6.0,24,0,0,0,0,0,0,1,2,1,6,1024,0,0,24,0.0,0.0,0,0,0.0,0.0,0,0,portscan,portscan,1
10621,49,1,1,2,6,2,2,2.0,0.0,6,6,6.0,0.0,163265.3061,40816.32653,49.0,0.0,49,49,0,0.0,0.0,0,0,0,0.0,0.0,0,0,0,0,0,0,24,20,20408.16327,20408.16327,2,6,3.333333333,2.309401077,5.333333333,0,0,0,1,0,0,0,0,1,5.0,2.0,6.0,24,0,0,0,0,0,0,1,2,1,6,1024,0,0,24,0.0,0.0,0,0,0.0,0.0,0,0,portscan,portscan,1
80,8653850,4,0,24,0,6,6,6.0,0.0,0,0,0.0,0.0,2.773332101,0.462222017,2884616.667,4995696.41,8653150,258,8653850,2884616.667,4995696.41,8653150,258,0,0.0,0.0,0,0,0,0,0,0,80,0,0.462222017,0.0,6,6,6.0,0.0,0.0,0,0,0,0,1,0,0,0,0,7.5,6.0,0.0,80,0,0,0,0,0,0,4,24,0,0,256,-1,3,20,700.0,0.0,700,700,8653150.0,0.0,8653150,8653150,ddos,ddos,1
80,35905102,12,9,1762,7861,430,0,146.8333333333,209.1392895279,1963,0,873.4444444444,1032.9343046766,268.0120502095,0.5848750966,1795255.1,3530187.86621116,10005478,32,26827832,2438893.81818182,3936249.93210982,10044511,39426,35865782,4483222.75,4513480.28735444,10046720,1494,0,0,0,0,252,216,0.3342143409,0.2506607557,0,1963,437.4090909091,753.7979177908,568211.300865801,0,0,0,1,0,0,0,0,0,458.2380952381,146.8333333333,873.4444444444,252,0,0,0,0,0,0,12,1762,9,7861,8192,1047,11,20,3412980.0,4771481.60612802,6786927,39033,10000936.0,6423.3580002986,10005478,9996394,benign,benign,0
80,660434,3,5,26,11607,20,0,8.666666667,10.26320288,10135,0,2321.4,4413.201989,17614.17492,12.11324674,94347.71429,249022.7846,659078,3,1079,539.5,569.2209589,942,137,660283,165070.75,329338.4533,659078,3,0,0,0,0,72,112,4.542467529,7.570779215,0,10135,1292.555556,3350.634907,11200000.0,0,0,0,1,0,0,0,0,1,1454.125,8.666666667,2321.4,72,0,0,0,0,0,0,3,26,5,11607,8192,229,2,20,0.0,0.0,0,0,0.0,0.0,0,0,ddos,ddos,1
443,113048,7,10,514,4102,190,0,73.4285714286,88.2625952161,1410,0,410.2,585.4502161205,40832.2128653315,150.3786002406,7065.5,14008.3151163871,35963,1,112896,18816.0,18379.6361117406,36786,239,78106,8678.4444444445,16963.1944670742,40770,1,0,0,0,0,152,212,61.9206000991,88.4580001415,0,1410,256.4444444444,464.5139423251,215773.202614379,0,0,0,1,0,0,0,0,1,271.5294117647,73.4285714286,410.2,152,0,0,0,0,0,0,7,514,10,4102,8192,119,6,20,0.0,0.0,0,0,0.0,0.0,0,0,benign,benign,0
80,452006,3,6,26,11601,20,0,8.666666667,10.26320288,4380,0,1933.5,1757.789948,25723.10987,19.91124012,56500.75,147890.3804,421662,17,30014,15007.0,19796.16145,29005,1009,451979,90395.8,185637.7804,421662,17,0,0,0,0,72,132,6.637080039,13.27416008,0,4380,1162.7,1645.241762,2706820.456,0,0,0,1,0,0,0,0,2,1291.888889,8.666666667,1933.5,72,0,0,0,0,0,0,3,26,6,11601,8192,229,2,20,0.0,0.0,0,0,0.0,0.0,0,0,ddos,ddos,1
51660,647806,2,0,12,0,6,6,6.0,0.0,0,0,0.0,0.0,18.5240643032,3.0873440505,647806.0,0.0,647806,647806,647806,647806.0,0.0,647806,647806,0,0.0,0.0,0,0,0,0,0,0,40,0,3.0873440505,0.0,6,6,6.0,0.0,0.0,0,0,0,0,1,0,0,0,0,9.0,6.0,0.0,40,0,0,0,0,0,0,2,12,0,0,11256,-1,1,20,0.0,0.0,0,0,0.0,0.0,0,0,benign,benign,0
80,65950,2,5,20,11601,20,0,10.0,14.14213562,5840,0,2320.2,2658.195854,176209.2494,106.1410159,10991.66667,23535.43279,58716,19,6870,6870.0,0.0,6870,6870,65925,16481.25,28332.64595,58716,162,0,0,0,0,52,112,30.32600455,75.81501137,0,5840,1452.625,2339.111732,5471443.696,0,0,0,1,0,0,0,0,2,1660.142857,10.0,2320.2,52,0,0,0,0,0,0,2,20,5,11601,8192,229,1,20,0.0,0.0,0,0,0.0,0.0,0,0,ddos,ddos,1
49814,3,2,0,12,0,6,6,6.0,0.0,0,0,0.0,0.0,4000000.0,666666.666666667,3.0,0.0,3,3,3,3.0,0.0,3,3,0,0.0,0.0,0,0,0,0,0,0,40,0,666666.666666667,0.0,6,6,6.0,0.0,0.0,0,0,0,0,1,0,0,0,0,9.0,6.0,0.0,40,0,0,0,0,0,0,2,12,0,0,373,-1,1,20,0.0,0.0,0,0,0.0,0.0,0,0,benign,benign,0
80,6725816,5,0,30,0,6,6,6.0,0.0,0,0,0.0,0.0,4.460425322,0.74340422,1681454.0,3361575.366,6723817,1,6725816,1681454.0,3361575.366,6723817,1,0,0.0,0.0,0,0,0,0,0,0,100,0,0.74340422,0.0,6,6,6.0,0.0,0.0,0,0,0,0,1,0,0,0,0,7.2,6.0,0.0,100,0,0,0,0,0,0,5,30,0,0,256,-1,4,20,1999.0,0.0,1999,1999,6723817.0,0.0,6723817,6723817,ddos,ddos,1
80,61116,3,5,26,11601,20,0,8.666666667,10.26320288,8760,0,2320.2,3668.897,190244.7804,130.898619,8730.857143,16549.14775,43485,87,17149,8574.5,11919.69901,17003,146,61018,15254.5,20444.52055,43485,192,0,0,0,0,72,112,49.08698213,81.81163689,0,8760,1291.888889,2866.607422,8217438.111,0,0,0,1,0,0,0,0,1,1453.375,8.666666667,2320.2,72,0,0,0,0,0,0,3,26,5,11601,8192,229,2,20,0.0,0.0,0,0,0.0,0.0,0,0,ddos,ddos,1
49153,89,1,1,2,6,2,2,2.0,0.0,6,6,6.0,0.0,89887.64045,22471.91011,89.0,0.0,89,89,0,0.0,0.0,0,0,0,0.0,0.0,0,0,0,0,0,0,24,20,11235.95506,11235.95506,2,6,3.333333333,2.309401077,5.333333333,0,0,0,1,0,0,0,0,1,5.0,2.0,6.0,24,0,0,0,0,0,0,1,2,1,6,1024,0,0,24,0.0,0.0,0,0,0.0,0.0,0,0,portscan,portscan,1
49747,3,2,0,12,0,6,6,6.0,0.0,0,0,0.0,0.0,4000000.0,666666.666666667,3.0,0.0,3,3,3,3.0,0.0,3,3,0,0.0,0.0,0,0,0,0,0,0,40,0,666666.666666667,0.0,6,6,6.0,0.0,0.0,0,0,0,0,1,0,0,0,0,9.0,6.0,0.0,40,0,0,0,0,0,0,2,12,0,0,7519,-1,1,20,0.0,0.0,0,0,0.0,0.0,0,0,benign,benign,0
7676,49,1,1,2,6,2,2,2.0,0.0,6,6,6.0,0.0,163265.3061,40816.32653,49.0,0.0,49,49,0,0.0,0.0,0,0,0,0.0,0.0,0,0,0,0,0,0,24,20,20408.16327,20408.16327,2,6,3.333333333,2.309401077,5.333333333,0,0,0,1,0,0,0,0,1,5.0,2.0,6.0,24,0,0,0,0,0,0,1,2,1,6,1024,0,0,24,0.0,0.0,0,0,0.0,0.0,0,0,portscan,portscan,1
443,66916377,17,19,2557,12705,533,0,150.4117647059,227.0889304941,1460,0,668.6842105263,549.719428702,228.0757070874,0.5379848942,1911896.48571429,7978559.68856252,45001804,1,66916377,4182273.5625,11589103.1150584,45001804,101,66004070,3666892.77777778,10993174.1784066,45050259,1,0,0,0,0,352,404,0.2540484223,0.2839364719,0,1460,412.4864864865,495.7996695363,245817.312312312,0,0,0,1,0,0,0,0,1,423.9444444444,150.4117647059,668.6842105263,352,0,0,0,0,0,0,17,2557,19,12705,8192,126,16,20,2621091.5,3638435.62026491,5193854,48329,30407966.0,20638803.6266758,45001804,15814128,benign,benign,0
443,10113025,8,5,356,4873,200,0,44.5,75.7948358588,3149,0,974.6,1356.9428138282,517.0559748443,1.2854709644,842752.083333333,2869905.72395232,9955737,23,10113025,1444717.85714286,3753130.49912321,9955737,23,75063,18765.75,20525.5927299717,37831,192,0,0,0,0,172,112,0.791059055,0.4944119094,0,3149,373.5,886.5414867294,785955.807692308,0,0,0,1,0,0,0,0,0,402.2307692308,44.5,974.6,172,0,0,0,0,0,0,8,356,5,4873,8192,55,7,20,0.0,0.0,0,0,0.0,0.0,0,0,benign,benign,0
80,5368762,4,2,12,0,6,0,3.0,3.4641016151,0,0,0.0,0.0,2.2351521636,1.1175760818,1073752.4,1880228.7139018,4348608,62,5368762,1789587.33333333,2269143.34317807,4348608,22664,997576,997576.0,0.0,997576,997576,0,0,0,0,104,64,0.7450507212,0.3725253606,0,6,1.7142857143,2.9277002188,8.5714285714,0,0,0,1,0,0,0,0,0,2.0,3.0,0.0,104,0,0,0,0,0,0,4,12,2,0,8192,29200,2,20,0.0,0.0,0,0,0.0,0.0,0,0,benign,benign,0
4444,25,1,1,2,6,2,2,2.0,0.0,6,6,6.0,0.0,320000.0,80000.0,25.0,0.0,25,25,0,0.0,0.0,0,0,0,0.0,0.0,0,0,0,0,0,0,24,20,40000.0,40000.0,2,6,3.333333333,2.309401077,5.333333333,0,0,0,1,0,0,0,0,1,5.0,2.0,6.0,24,0,0,0,0,0,0,1,2,1,6,1024,0,0,24,0.0,0.0,0,0,0.0,0.0,0,0,portscan,portscan,1
7201,59,1,1,2,6,2,2,2.0,0.0,6,6,6.0,0.0,135593.2203,33898.30508,59.0,0.0,59,59,0,0.0,0.0,0,0,0,0.0,0.0,0,0,0,0,0,0,24,20,16949.15254,16949.15254,2,6,3.333333333,2.309401077,5.333333333,0,0,0,1,0,0,0,0,1,5.0,2.0,6.0,24,0,0,0,0,0,0,1,2,1,6,1024,0,0,24,0.0,0.0,0,0,0.0,0.0,0,0,portscan,portscan,1
53,47179,1,1,54,108,54,54,54.0,0.0,108,108,108.0,0.0,3433.7311091799,42.3917420886,47179.0,0.0,47179,47179,0,0.0,0.0,0,0,0,0.0,0.0,0,0,0,0,0,0,32,20,21.1958710443,21.1958710443,54,108,72.0,31.1769145362,972.0,0,0,0,0,0,0,0,0,1,108.0,54.0,108.0,32,0,0,0,0,0,0,1,54,1,108,-1,-1,0,32,0.0,0.0,0,0,0.0,0.0,0,0,benign,benign,0
80,554942,3,6,26,11607,20,0,8.666666667,10.26320288,5840,0,1934.5,2538.919278,20962.55104,16.21791106,69367.75,195294.8354,552696,14,1758,879.0,1173.797257,1709,49,554849,110969.8,246933.3905,552696,14,0,0,0,0,72,132,5.405970354,10.81194071,0,5840,1163.3,2138.329153,4572451.567,0,0,0,1,0,0,0,0,2,1292.555556,8.666666667,1934.5,72,0,0,0,0,0,0,3,26,6,11607,8192,229,2,20,0.0,0.0,0,0,0.0,0.0,0,0,ddos,ddos,1
1433,67,1,1,2,6,2,2,2.0,0.0,6,6,6.0,0.0,119402.9851,29850.74627,67.0,0.0,67,67,0,0.0,0.0,0,0,0,0.0,0.0,0,0,0,0,0,0,24,20,14925.37313,14925.37313,2,6,3.333333333,2.309401077,5.333333333,0,0,0,1,0,0,0,0,1,5.0,2.0,6.0,24,0,0,0,0,0,0,1,2,1,6,1024,0,0,24,0.0,0.0,0,0,0.0,0.0,0,0,portscan,portscan,1
80,1126405,3,8,26,11601,20,0,8.666666667,10.26320288,4380,0,1450.125,1351.113872,10322.21981,9.765581651,112640.5,354369.9766,1121190,2,3783,1891.5,2672.156526,3781,2,1126360,160908.5714,423446.8038,1121190,42,0,0,0,0,72,172,2.66334045,7.102241201,0,4380,968.9166667,1291.099,1666936.629,0,0,0,1,0,0,0,0,2,1057.0,8.666666667,1450.125,72,0,0,0,0,0,0,3,26,8,11601,8192,229,2,20,0.0,0.0,0,0,0.0,0.0,0,0,ddos,ddos,1
443,15979897,13,13,1555,5036,767,0,119.6153846154,232.1574675594,1448,0,387.3846153846,576.4599636953,412.4557248398,1.6270442794,639195.88,2254267.74861323,9960004,4,15979897,1331658.08333333,3180952.18246777,9960004,4,10203419,850284.916666667,2893334.77998644,10037668,4,0,0,0,0,424,424,0.8135221397,0.8135221397,0,1448,244.1111111111,445.5926333231,198552.794871795,0,0,0,1,0,0,0,0,1,253.5,119.6153846154,387.3846153846,424,0,0,0,0,0,0,13,1555,13,5036,29200,5904,5,32,139200.5,147300.949122876,243358,35043,7850746.0,2982941.27014395,9960004,5741488,benign,benign,0
80,712382,3,4,26,11607,20,0,8.666666667,10.26320288,11595,0,2901.75,5795.50069,16329.72198,9.826188758,118730.3333,290414.9034,711537,3,785,392.5,550.8361825,782,3,712324,237441.3333,410579.075,711537,5,0,0,0,0,72,92,4.211223754,5.614965005,0,11595,1454.125,4097.537534,16800000.0,0,0,0,1,0,0,0,0,1,1661.857143,8.666666667,2901.75,72,0,0,0,0,0,0,3,26,4,11607,8192,229,2,20,0.0,0.0,0,0,0.0,0.0,0,0,ddos,ddos,1
80,22578409,4,0,24,0,6,6,6.0,0.0,0,0,0.0,0.0,1.062962408,0.177160401,7526136.333,13000000.0,22600000,1,22600000,7526136.333,13000000.0,22600000,1,0,0.0,0.0,0,0,0,0,0,0,80,0,0.177160401,0.0,6,6,6.0,0.0,0.0,0,0,0,0,1,0,0,0,0,7.5,6.0,0.0,80,0,0,0,0,0,0,4,24,0,0,256,-1,3,20,5.0,0.0,5,5,22600000.0,0.0,22600000,22600000,ddos,ddos,1
80,1883790,3,6,26,11607,20,0,8.666666667,10.26320288,4380,0,1934.5,2177.344966,6175.316782,4.777602599,235473.75,665522.1901,1882557,16,931,465.5,579.1204538,875,56,1883745,376749.0,841772.3447,1882557,16,0,0,0,0,72,132,1.5925342,3.185068399,0,4380,1163.3,1903.962654,3625073.789,0,0,0,1,0,0,0,0,2,1292.555556,8.666666667,1934.5,72,0,0,0,0,0,0,3,26,6,11607,8192,229,2,20,0.0,0.0,0,0,0.0,0.0,0,0,ddos,ddos,1
443,10710704,7,6,557,3172,326,0,79.5714285714,132.2546245478,1460,2,528.6666666667,724.4329276522,348.1563863589,1.2137390782,892558.666666667,2996130.70629711,10405786,2,10710704,1785117.33333333,4223562.34454479,10405786,245,178598,35719.6,47564.603459926,87840,2,0,0,0,0,152,124,0.6535518113,0.5601872669,0,1460,266.3571428571,515.67500307,265920.708791209,0,0,0,1,0,0,0,0,0,286.8461538462,79.5714285714,528.6666666667,152,0,0,0,0,0,0,7,557,6,3172,8192,34948,6,20,0.0,0.0,0,0,0.0,0.0,0,0,benign,benign,0
443,10163308,5,4,580,164,517,0,116.0,225.1010884025,152,0,41.0,74.0540343263,73.2045117594,0.8855384487,1270413.5,3541990.33184782,10036189,58,10163308,2540827.0,5042743.17518742,10104914,147,98402,32800.6666666667,34478.1798581847,68982,325,0,0,0,0,112,92,0.4919658048,0.3935726439,0,517,74.4,162.5438060613,26420.4888888889,0,0,0,1,0,0,0,0,0,82.6666666667,116.0,41.0,112,0,0,0,0,0,0,5,580,4,164,8192,946,4,20,0.0,0.0,0,0,0.0,0.0,0,0,benign,benign,0
443,62545096,12,10,856,5292,481,0,71.3333333333,143.6107955763,1460,0,529.2,623.713573864,98.2970751216,0.3517462025,2978337.9047619,10228074.2840655,44980614,28,62545096,5685917.81818182,13875187.7723605,44980614,73,61151348,6794594.22222222,15277007.892759,45044994,48,0,0,0,0,252,224,0.191861565,0.1598846375,0,1460,267.3043478261,474.1611190286,224828.766798419,0,0,0,1,0,0,0,0,0,279.4545454545,71.3333333333,529.2,252,0,0,0,0,0,0,12,856,10,5292,8192,114,11,20,149142.5,139423.779580458,247730,50555,30451643.5,20547067.1284186,44980614,15922673,benign,benign,0
2103,48,1,1,2,6,2,2,2.0,0.0,6,6,6.0,0.0,166666.6667,41666.66667,48.0,0.0,48,48,0,0.0,0.0,0,0,0,0.0,0.0,0,0,0,0,0,0,24,20,20833.33333,20833.33333,2,6,3.333333333,2.309401077,5.333333333,0,0,0,1,0,0,0,0,1,5.0,2.0,6.0,24,0,0,0,0,0,0,1,2,1,6,1024,0,0,24,0.0,0.0,0,0,0.0,0.0,0,0,portscan,portscan,1
5666,2,1,1,2,6,2,2,2.0,0.0,6,6,6.0,0.0,4000000.0,1000000.0,2.0,0.0,2,2,0,0.0,0.0,0,0,0,0.0,0.0,0,0,0,0,0,0,24,20,500000.0,500000.0,2,6,3.333333333,2.309401077,5.333333333,0,0,0,1,0,0,0,0,1,5.0,2.0,6.0,24,0,0,0,0,0,0,1,2,1,6,1024,0,0,24,0.0,0.0,0,0,0.0,0.0,0,0,portscan,portscan,1
443,5191779,7,7,974,3886,597,0,139.1428571429,218.7741823368,1460,0,555.1428571429,621.1222178636,936.0953153052,2.6965708671,399367.615384615,1376661.20413718,4980738,1,211040,35173.3333333333,27740.0410357783,64812,114,5149359,858226.5,2030430.58493481,5002524,1,0,0,0,0,152,152,1.3482854336,1.3482854336,0,1460,324.0,486.9804924224,237150.0,0,0,0,1,0,0,0,0,1,347.1428571429,139.1428571429,555.1428571429,152,0,0,0,0,0,0,7,974,7,3886,8192,128,6,20,0.0,0.0,0,0,0.0,0.0,0,0,benign,benign,0
443,2660,2,0,12,0,6,6,6.0,0.0,0,0,0.0,0.0,4511.2781954887,751.8796992481,2660.0,0.0,2660,2660,2660,2660.0,0.0,2660,2660,0,0.0,0.0,0,0,0,0,0,0,40,0,751.8796992481,0.0,6,6,6.0,0.0,0.0,0,0,0,0,1,0,0,0,0,9.0,6.0,0.0,40,0,0,0,0,0,0,2,12,0,0,256,-1,1,20,0.0,0.0,0,0,0.0,0.0,0,0,benign,benign,0
443,5822240,9,5,358,3024,201,0,39.7777777778,73.3123075919,1525,0,604.8,805.6076588514,580.876088928,2.4045728105,447864.615384615,1522621.52988065,5513994,38,5822240,727780.0,1934607.78684931,5513994,151,177486,44371.5,50140.865984411,89992,186,0,0,0,0,296,168,1.5457968067,0.8587760037,0,1525,225.4666666667,515.4498543806,265688.552380952,0,0,0,1,0,0,0,0,0,241.5714285714,39.7777777778,604.8,296,0,0,0,0,0,0,9,358,5,3024,29200,119,3,32,308055.0,0.0,308055,308055,5513994.0,0.0,5513994,5513994,benign,benign,0
80,8178479,5,0,30,0,6,6,6.0,0.0,0,0,0.0,0.0,3.668163726,0.611360621,2044619.75,4088396.174,8177214,226,8178479,2044619.75,4088396.174,8177214,226,0,0.0,0.0,0,0,0,0,0,0,100,0,0.611360621,0.0,6,6,6.0,0.0,0.0,0,0,0,0,1,0,0,0,0,7.2,6.0,0.0,100,0,0,0,0,0,0,5,30,0,0,256,-1,4,20,1265.0,0.0,1265,1265,8177214.0,0.0,8177214,8177214,ddos,ddos,1
443,11129882,8,5,673,5450,517,0,84.125,179.9717735805,2920,0,1090.0,1395.2827670404,550.1406034673,1.168026759,927490.166666667,3169000.52567134,10990274,27,11129882,1589983.14285714,4145232.63081508,10990274,66,59847,14961.75,15228.0511857777,31434,147,0,0,0,0,172,112,0.7187856978,0.4492410611,0,2920,437.3571428571,933.692554171,871781.785714286,0,0,0,1,0,0,0,0,0,471.0,84.125,1090.0,172,0,0,0,0,0,0,8,673,5,5450,8192,31,7,20,0.0,0.0,0,0,0.0,0.0,0,0,benign,benign,0
80,1811574,3,4,26,11601,20,0,8.666666667,10.26320288,8760,0,2900.25,4128.319301,6418.175575,3.864043092,301929.0,735992.5565,1804258,12,7078,3539.0,4481.642779,6708,370,1811562,603854.0,1039586.123,1804258,190,0,0,0,0,72,92,1.656018468,2.208024624,0,8760,1453.375,3113.952607,9696700.839,0,0,0,1,0,0,0,0,1,1661.0,8.666666667,2900.25,72,0,0,0,0,0,0,3,26,4,11601,8192,229,2,20,0.0,0.0,0,0,0.0,0.0,0,0,ddos,ddos,1
443,611341,12,10,823,6107,201,0,68.5833333333,79.0298658544,1722,0,610.7,726.9054729926,11335.7357023331,35.9864625471,29111.4761904762,76875.1222006307,353197,1,611341,55576.4545454546,106413.541221372,353197,1,572914,63657.1111111111,119852.444451964,373327,3,0,0,0,0,252,212,19.6289795711,16.3574829759,0,1722,301.3043478261,544.4837784363,296462.584980237,0,0,0,1,0,0,0,0,0,315.0,68.5833333333,610.7,252,0,0,0,0,0,0,12,823,10,6107,8192,32,11,20,0.0,0.0,0,0,0.0,0.0,0,0,benign,benign,0
2602,40,1,1,2,6,2,2,2.0,0.0,6,6,6.0,0.0,200000.0,50000.0,40.0,0.0,40,40,0,0.0,0.0,0,0,0,0.0,0.0,0,0,0,0,0,0,24,20,25000.0,25000.0,2,6,3.333333333,2.309401077,5.333333333,0,0,0,1,0,0,0,0,1,5.0,2.0,6.0,24,0,0,0,0,0,0,1,2,1,6,1024,0,0,24,0.0,0.0,0,0,0.0,0.0,0,0,portscan,portscan,1
1998,44,1,1,2,6,2,2,2.0,0.0,6,6,6.0,0.0,181818.1818,45454.54545,44.0,0.0,44,44,0,0.0,0.0,0,0,0,0.0,0.0,0,0,0,0,0,0,24,20,22727.27273,22727.27273,2,6,3.333333333,2.309401077,5.333333333,0,0,0,1,0,0,0,0,1,5.0,2.0,6.0,24,0,0,0,0,0,0,1,2,1,6,1024,0,0,24,0.0,0.0,0,0,0.0,0.0,0,0,portscan,portscan,1
443,5422387,10,8,348,3584,191,0,34.8,67.6655172316,1448,0,448.0,654.1740703251,725.1418978395,3.3195712516,318963.94117647,965632.049899473,3946949,9,5422387,602487.444444445,1293356.87928363,3946958,39,4298198,614028.285714286,1521780.28627851,4062854,48,0,0,0,0,328,264,1.8442062509,1.4753650007,0,1448,206.9473684211,461.9306674388,213379.941520468,0,0,0,1,0,0,0,0,0,218.4444444444,34.8,448.0,328,0,0,0,0,0,0,10,348,8,3584,29200,4697,3,32,0.0,0.0,0,0,0.0,0.0,0,0,benign,benign,0
443,645152,7,9,982,4582,421,0,140.2857142857,181.1782863054,1460,2,509.1111111111,636.9274771205,8624.3241902683,24.8003571251,43010.1333333333,58193.0175056211,196016,47,551309,91884.8333333333,70788.8446279968,196016,6077,553218,69152.25,117345.189681372,333606,47,0,0,0,0,152,184,10.8501562422,13.9502008829,0,1460,327.2941176471,505.7055423744,255738.095588235,0,0,0,1,0,0,0,0,1,347.75,140.2857142857,509.1111111111,152,0,0,0,0,0,0,7,982,9,4582,8192,65535,6,20,0.0,0.0,0,0,0.0,0.0,0,0,benign,benign,0
60443,9,1,1,2,6,2,2,2.0,0.0,6,6,6.0,0.0,888888.8889,222222.2222,9.0,0.0,9,9,0,0.0,0.0,0,0,0,0.0,0.0,0,0,0,0,0,0,24,20,111111.1111,111111.1111,2,6,3.333333333,2.309401077,5.333333333,0,0,0,1,0,0,0,0,1,5.0,2.0,6.0,24,0,0,0,0,0,0,1,2,1,6,1024,0,0,24,0.0,0.0,0,0,0.0,0.0,0,0,portscan,portscan,1
80,1305011,3,6,26,11601,20,0,8.666666667,10.26320288,7300,0,1933.5,2720.783986,8909.503445,6.896493593,163126.375,458076.687,1296793,4,7021,3510.5,4927.827158,6995,26,1305007,261001.4,579034.1387,1296793,161,0,0,0,0,72,132,2.298831198,4.597662395,0,7300,1162.7,2258.94725,5102842.678,0,0,0,1,0,0,0,0,2,1291.888889,8.666666667,1933.5,72,0,0,0,0,0,0,3,26,6,11601,8192,229,2,20,0.0,0.0,0,0,0.0,0.0,0,0,ddos,ddos,1
80,5159749,5,0,30,0,6,6,6.0,0.0,0,0,0.0,0.0,5.814236313,0.969039385,1289937.25,2579187.837,5158719,235,5159749,1289937.25,2579187.837,5158719,235,0,0.0,0.0,0,0,0,0,0,0,100,0,0.969039385,0.0,6,6,6.0,0.0,0.0,0,0,0,0,1,0,0,0,0,7.2,6.0,0.0,100,0,0,0,0,0,0,5,30,0,0,256,-1,4,20,1030.0,0.0,1030,1030,5158719.0,0.0,5158719,5158719,ddos,ddos,1
7676,15,1,1,2,6,2,2,2.0,0.0,6,6,6.0,0.0,533333.3333,133333.3333,15.0,0.0,15,15,0,0.0,0.0,0,0,0,0.0,0.0,0,0,0,0,0,0,24,20,66666.66667,66666.66667,2,6,3.333333333,2.309401077,5.333333333,0,0,0,1,0,0,0,0,1,5.0,2.0,6.0,24,0,0,0,0,0,0,1,2,1,6,1024,0,0,24,0.0,0.0,0,0,0.0,0.0,0,0,portscan,portscan,1
5959,12,1,1,2,6,2,2,2.0,0.0,6,6,6.0,0.0,666666.6667,166666.6667,12.0,0.0,12,12,0,0.0,0.0,0,0,0,0.0,0.0,0,0,0,0,0,0,24,20,83333.33333,83333.33333,2,6,3.333333333,2.309401077,5.333333333,0,0,0,1,0,0,0,0,1,5.0,2.0,6.0,24,0,0,0,0,0,0,1,2,1,6,1024,0,0,24,0.0,0.0,0,0,0.0,0.0,0,0,portscan,portscan,1
1301,51,1,1,2,6,2,2,2.0,0.0,6,6,6.0,0.0,156862.7451,39215.68627,51.0,0.0,51,51,0,0.0,0.0,0,0,0,0.0,0.0,0,0,0,0,0,0,24,20,19607.84314,19607.84314,2,6,3.333333333,2.309401077,5.333333333,0,0,0,1,0,0,0,0,1,5.0,2.0,6.0,24,0,0,0,0,0,0,1,2,1,6,1024,0,0,24,0.0,0.0,0,0,0.0,0.0,0,0,portscan,portscan,1
5054,51,1,1,2,6,2,2,2.0,0.0,6,6,6.0,0.0,156862.7451,39215.68627,51.0,0.0,51,51,0,0.0,0.0,0,0,0,0.0,0.0,0,0,0,0,0,0,24,20,19607.84314,19607.84314,2,6,3.333333333,2.309401077,5.333333333,0,0,0,1,0,0,0,0,1,5.0,2.0,6.0,24,0,0,0,0,0,0,1,2,1,6,1024,0,0,24,0.0,0.0,0,0,0.0,0.0,0,0,portscan,portscan,1
443,30788576,16,16,1213,17739,464,0,75.8125,157.0554970915,3256,0,1108.6875,1100.0744652825,615.5529895244,1.039346542,993179.870967742,2963574.62596617,10011073,4,20954699,1396979.93333333,3526617.64460095,10163771,193,30633552,2042236.8,4119719.69924576,10164611,4,0,0,0,0,520,520,0.519673271,0.519673271,0,3256,574.303030303,925.2910178982,856163.46780303,0,0,0,1,0,0,0,0,1,592.25,75.8125,1108.6875,520,0,0,0,0,0,0,16,1213,16,17739,29200,126,4,32,366320.0,369276.935120514,792724,152698,9896537.33333333,187347.243092428,10011073,9680335,benign,benign,0
123,16106,1,1,48,48,48,48,48.0,0.0,48,48,48.0,0.0,5960.5116105799,124.1773252204,16106.0,0.0,16106,16106,0,0.0,0.0,0,0,0,0.0,0.0,0,0,0,0,0,0,20,20,62.0886626102,62.0886626102,48,48,48.0,0.0,0.0,0,0,0,0,0,0,0,0,1,72.0,48.0,48.0,20,0,0,0,0,0,0,1,48,1,48,-1,-1,0,20,0.0,0.0,0,0,0.0,0.0,0,0,benign,benign,0
301,67,1,1,2,6,2,2,2.0,0.0,6,6,6.0,0.0,119402.9851,29850.74627,67.0,0.0,67,67,0,0.0,0.0,0,0,0,0.0,0.0,0,0,0,0,0,0,24,20,14925.37313,14925.37313,2,6,3.333333333,2.309401077,5.333333333,0,0,0,1,0,0,0,0,1,5.0,2.0,6.0,24,0,0,0,0,0,0,1,2,1,6,1024,0,0,24,0.0,0.0,0,0,0.0,0.0,0,0,portscan,portscan,1
80,3342048,5,0,30,0,6,6,6.0,0.0,0,0,0.0,0.0,8.976531755,1.496088626,835512.0,1669780.718,3340183,321,3342048,835512.0,1669780.718,3340183,321,0,0.0,0.0,0,0,0,0,0,0,100,0,1.496088626,0.0,6,6,6.0,0.0,0.0,0,0,0,0,1,0,0,0,0,7.2,6.0,0.0,100,0,0,0,0,0,0,5,30,0,0,256,-1,4,20,0.0,0.0,0,0,0.0,0.0,0,0,ddos,ddos,1
443,41,1,2,6,37,6,6,6.0,0.0,31,6,18.5,17.6776695297,1048780.48780488,73170.7317073171,20.5,26.1629509039,39,2,0,0.0,0.0,0,0,2,2.0,0.0,2,2,0,0,0,0,20,40,24390.243902439,48780.4878048781,6,31,12.25,12.5,156.25,1,0,0,0,1,0,0,0,2,16.3333333333,6.0,18.5,20,0,0,0,0,0,0,1,6,2,37,0,62,0,20,0.0,0.0,0,0,0.0,0.0,0,0,benign,benign,0
80,10659542,4,0,24,0,6,6,6.0,0.0,0,0,0.0,0.0,2.251503864,0.375250644,3553180.667,6153209.523,10700000,221,10700000,3553180.667,6153209.523,10700000,221,0,0.0,0.0,0,0,0,0,0,0,80,0,0.375250644,0.0,6,6,6.0,0.0,0.0,0,0,0,0,1,0,0,0,0,7.5,6.0,0.0,80,0,0,0,0,0,0,4,24,0,0,256,-1,3,20,1247.0,0.0,1247,1247,10700000.0,0.0,10700000,10700000,ddos,ddos,1
80,9173809,5,0,30,0,6,6,6.0,0.0,0,0,0.0,0.0,3.270179268,0.545029878,2293452.25,4586165.167,9172700,314,9173809,2293452.25,4586165.167,9172700,314,0,0.0,0.0,0,0,0,0,0,0,100,0,0.545029878,0.0,6,6,6.0,0.0,0.0,0,0,0,0,1,0,0,0,0,7.2,6.0,0.0,100,0,0,0,0,0,0,5,30,0,0,256,-1,4,20,1109.0,0.0,1109,1109,9172700.0,0.0,9172700,9172700,ddos,ddos,1
543,49,1,1,2,6,2,2,2.0,0.0,6,6,6.0,0.0,163265.3061,40816.32653,49.0,0.0,49,49,0,0.0,0.0,0,0,0,0.0,0.0,0,0,0,0,0,0,24,20,20408.16327,20408.16327,2,6,3.333333333,2.309401077,5.333333333,0,0,0,1,0,0,0,0,1,5.0,2.0,6.0,24,0,0,0,0,0,0,1,2,1,6,1024,0,0,24,0.0,0.0,0,0,0.0,0.0,0,0,portscan,portscan,1
53,31820,1,1,46,96,46,46,46.0,0.0,96,96,96.0,0.0,4462.6021370208,62.8535512256,31820.0,0.0,31820,31820,0,0.0,0.0,0,0,0,0.0,0.0,0,0,0,0,0,0,32,32,31.4267756128,31.4267756128,46,96,62.6666666667,28.8675134595,833.3333333333,0,0,0,0,0,0,0,0,1,94.0,46.0,96.0,32,0,0,0,0,0,0,1,46,1,96,-1,-1,0,32,0.0,0.0,0,0,0.0,0.0,0,0,benign,benign,0
1234,46,1,1,2,6,2,2,2.0,0.0,6,6,6.0,0.0,173913.0435,43478.26087,46.0,0.0,46,46,0,0.0,0.0,0,0,0,0.0,0.0,0,0,0,0,0,0,24,20,21739.13043,21739.13043,2,6,3.333333333,2.309401077,5.333333333,0,0,0,1,0,0,0,0,1,5.0,2.0,6.0,24,0,0,0,0,0,0,1,2,1,6,1024,0,0,24,0.0,0.0,0,0,0.0,0.0,0,0,portscan,portscan,1
80,1013981,4,0,24,0,6,6,6.0,0.0,0,0,0.0,0.0,23.66908256,3.944847093,337993.6667,581947.7103,1009968,1002,1013981,337993.6667,581947.7103,1009968,1002,0,0.0,0.0,0,0,0,0,0,0,80,0,3.944847093,0.0,6,6,6.0,0.0,0.0,0,0,0,0,1,0,0,0,0,7.5,6.0,0.0,80,0,0,0,0,0,0,4,24,0,0,256,-1,3,20,0.0,0.0,0,0,0.0,0.0,0,0,ddos,ddos,1
443,10969272,7,7,601,3924,342,0,85.8571428571,141.8525391283,1460,0,560.5714285714,696.4318241682,412.5159810059,1.2762925379,843790.153846154,2970748.49494713,10730544,2,10969272,1828212.0,4361409.33470309,10730544,597,145934,24322.3333333333,36314.0813386029,71220,2,0,0,0,0,152,148,0.638146269,0.638146269,0,1460,301.6666666667,528.9529639724,279791.238095238,0,0,0,1,0,0,0,0,1,323.2142857143,85.8571428571,560.5714285714,152,0,0,0,0,0,0,7,601,7,3924,8192,4957,6,20,0.0,0.0,0,0,0.0,0.0,0,0,benign,benign,0
80,560732,3,5,26,11601,20,0,8.666666667,10.26320288,5840,0,2320.2,2436.833027,20735.39588,14.26706519,80104.57143,206616.8241,548576,4,11674,5837.0,7512.302443,11149,525,560728,140182.0,272316.4632,548576,63,0,0,0,0,72,112,5.350149448,8.916915746,0,5840,1291.888889,2110.95076,4456113.111,0,0,0,1,0,0,0,0,1,1453.375,8.666666667,2320.2,72,0,0,0,0,0,0,3,26,5,11601,8192,229,2,20,0.0,0.0,0,0,0.0,0.0,0,0,ddos,ddos,1
51282,147,2,0,37,0,31,6,18.5,17.6776695297,0,0,0.0,0.0,251700.680272109,13605.4421768707,147.0,0.0,147,147,147,147.0,0.0,147,147,0,0.0,0.0,0,0,1,0,0,0,40,0,13605.4421768707,0.0,6,31,22.6666666667,14.4337567297,208.3333333333,0,1,0,0,1,0,0,0,0,34.0,18.5,0.0,40,0,0,0,0,0,0,2,37,0,0,1585,-1,1,20,0.0,0.0,0,0,0.0,0.0,0,0,benign,benign,0
53,126240,1,1,47,218,47,47,47.0,0.0,218,218,218.0,0.0,2099.1761723701,15.8428390368,126240.0,0.0,126240,126240,0,0.0,0.0,0,0,0,0.0,0.0,0,0,0,0,0,0,20,20,7.9214195184,7.9214195184,47,218,104.0,98.7268960314,9747.0,0,0,0,0,0,0,0,0,1,156.0,47.0,218.0,20,0,0,0,0,0,0,1,47,1,218,-1,-1,0,20,0.0,0.0,0,0,0.0,0.0,0,0,benign,benign,0
80,402749,3,6,26,11601,20,0,8.666666667,10.26320288,5840,0,1933.5,2189.772933,28869.09713,22.3464242,50343.625,129501.0622,369587,1,32823,16411.5,23207.95167,32822,1,402713,80542.6,162201.5543,369587,13,0,0,0,0,72,132,7.448808067,14.89761613,0,5840,1162.7,1911.59573,3654198.233,0,0,0,1,0,0,0,0,2,1291.888889,8.666666667,1933.5,72,0,0,0,0,0,0,3,26,6,11601,8192,229,2,20,0.0,0.0,0,0,0.0,0.0,0,0,ddos,ddos,1
443,66916173,18,19,2563,12714,533,0,142.3888888889,222.9226029996,1460,0,669.1578947368,569.7570888992,228.3005634527,0.5529306047,1858782.58333333,7865411.27393701,44979663,3,66916173,3936245.47058823,11260041.8093227,44979663,162,66010335,3667240.83333333,10990988.1329788,45048909,3,0,0,0,0,372,404,0.2689932671,0.2839373375,0,1460,402.0263157895,504.5437589488,254564.404694168,0,0,0,1,0,0,0,0,1,412.8918918919,142.3888888889,669.1578947368,372,0,0,0,0,0,0,18,2563,19,12714,8192,126,17,20,2629978.5,3642896.04984063,5205895,54062,30399047.5,20620104.1878474,44979663,15818432,benign,benign,0
80,829089,2,6,20,11601,20,0,10.0,14.14213562,5840,0,1933.5,2189.772933,14016.58929,9.649145025,118441.2857,308288.0059,817520,4,10968,10968.0,0.0,10968,10968,828503,165700.6,364404.8675,817520,46,0,0,0,0,52,132,2.412286256,7.236858769,0,5840,1291.222222,1981.198108,3925145.944,0,0,0,1,0,0,0,0,3,1452.625,10.0,1933.5,52,0,0,0,0,0,0,2,20,6,11601,8192,229,1,20,0.0,0.0,0,0,0.0,0.0,0,0,ddos,ddos,1
62459,4,2,0,12,0,6,6,6.0,0.0,0,0,0.0,0.0,3000000.0,500000.0,4.0,0.0,4,4,4,4.0,0.0,4,4,0,0.0,0.0,0,0,0,0,0,0,40,0,500000.0,0.0,6,6,6.0,0.0,0.0,0,0,0,0,1,0,0,0,0,9.0,6.0,0.0,40,0,0,0,0,0,0,2,12,0,0,63651,-1,1,20,0.0,0.0,0,0,0.0,0.0,0,0,benign,benign,0
80,3552767,5,0,30,0,6,6,6.0,0.0,0,0,0.0,0.0,8.444122567,1.407353761,888191.75,1775113.518,3550862,292,3552767,888191.75,1775113.518,3550862,292,0,0.0,0.0,0,0,0,0,0,0,100,0,1.407353761,0.0,6,6,6.0,0.0,0.0,0,0,0,0,1,0,0,0,0,7.2,6.0,0.0,100,0,0,0,0,0,0,5,30,0,0,256,-1,4,20,0.0,0.0,0,0,0.0,0.0,0,0,ddos,ddos,1
80,659232,3,5,26,11607,20,0,8.666666667,10.26320288,5840,0,2321.4,3173.373883,17646.29144,12.13533324,94176.0,248643.0442,658045,3,999,499.5,638.5174234,951,48,659154,164788.5,328837.946,658045,3,0,0,0,0,72,112,4.550749964,7.584583273,0,5840,1292.555556,2554.159212,6523729.278,0,0,0,1,0,0,0,0,1,1454.125,8.666666667,2321.4,72,0,0,0,0,0,0,3,26,5,11607,8192,229,2,20,0.0,0.0,0,0,0.0,0.0,0,0,ddos,ddos,1
80,1098260,3,4,26,11607,20,0,8.666666667,10.26320288,11595,0,2901.75,5795.50069,10592.2095,6.373718427,183043.3333,447976.2807,1097471,4,718,359.0,319.6122651,585,133,1098215,366071.6667,633410.5099,1097471,4,0,0,0,0,72,92,2.731593612,3.642124816,0,11595,1454.125,4097.537534,16800000.0,0,0,0,1,0,0,0,0,1,1661.857143,8.666666667,2901.75,72,0,0,0,0,0,0,3,26,4,11607,8192,229,2,20,0.0,0.0,0,0,0.0,0.0,0,0,ddos,ddos,1
80,1505399,3,5,26,11607,20,0,8.666666667,10.26320288,10135,0,2321.4,4413.201989,7727.519415,5.314205735,215057.0,568544.218,1504394,4,768,384.0,475.175757,720,48,1505315,376328.75,752043.5622,1504394,4,0,0,0,0,72,112,1.992827151,3.321378585,0,10135,1292.555556,3350.634907,11200000.0,0,0,0,1,0,0,0,0,1,1454.125,8.666666667,2321.4,72,0,0,0,0,0,0,3,26,5,11607,8192,229,2,20,0.0,0.0,0,0,0.0,0.0,0,0,ddos,ddos,1
7200,44,1,1,2,6,2,2,2.0,0.0,6,6,6.0,0.0,181818.1818,45454.54545,44.0,0.0,44,44,0,0.0,0.0,0,0,0,0.0,0.0,0,0,0,0,0,0,24,20,22727.27273,22727.27273,2,6,3.333333333,2.309401077,5.333333333,0,0,0,1,0,0,0,0,1,5.0,2.0,6.0,24,0,0,0,0,0,0,1,2,1,6,1024,0,0,24,0.0,0.0,0,0,0.0,0.0,0,0,portscan,portscan,1
53,85223054,2,2,88,208,44,44,44.0,0.0,107,101,104.0,4.2426406871,3.4732385911,0.0469356566,28407684.6666667,48785497.9438541,84740321,222068,85000986,85000986.0,0.0,85000986,85000986,84962389,84962389.0,0.0,84962389,84962389,0,0,0,0,52,40,0.0234678283,0.0234678283,44,107,68.0,32.9317476002,1084.5,0,0,0,0,0,0,0,0,1,85.0,44.0,104.0,52,0,0,0,0,0,0,2,88,2,208,-1,-1,1,20,260665.0,0.0,260665,260665,84740321.0,0.0,84740321,84740321,benign,benign,0
80,1807606,3,5,26,11601,20,0,8.666666667,10.26320288,7300,0,2320.2,3032.755381,6432.264553,4.425743221,258229.4286,680278.8118,1800949,51,6237,3118.5,4118.897,6031,206,1807509,451877.25,899385.6238,1800949,179,0,0,0,0,72,112,1.659653708,2.766089513,0,7300,1291.888889,2466.94915,6085838.111,0,0,0,1,0,0,0,0,1,1453.375,8.666666667,2320.2,72,0,0,0,0,0,0,3,26,5,11601,8192,229,2,20,0.0,0.0,0,0,0.0,0.0,0,0,ddos,ddos,1
443,10124008,12,12,2825,7869,1448,0,235.4166666667,482.7226680429,1510,0,655.75,716.7875461834,1056.3010222829,2.3706026309,440174.260869565,2083220.69323512,9996438,3,10117880,919807.272727273,3010415.03172935,9996438,48,10091138,917376.181818182,3013271.07783617,10002601,3,0,0,0,0,392,392,1.1853013154,1.1853013154,0,1510,427.76,628.0108995869,394397.69,0,0,0,1,0,0,0,0,1,445.5833333333,235.4166666667,655.75,392,0,0,0,0,0,0,12,2825,12,7869,29200,73,4,32,121442.0,0.0,121442,121442,9996438.0,0.0,9996438,9996438,benign,benign,0
417,43,1,1,2,6,2,2,2.0,0.0,6,6,6.0,0.0,186046.5116,46511.62791,43.0,0.0,43,43,0,0.0,0.0,0,0,0,0.0,0.0,0,0,0,0,0,0,24,20,23255.81395,23255.81395,2,6,3.333333333,2.309401077,5.333333333,0,0,0,1,0,0,0,0,1,5.0,2.0,6.0,24,0,0,0,0,0,0,1,2,1,6,1024,0,0,24,0.0,0.0,0,0,0.0,0.0,0,0,portscan,portscan,1
80,16295,3,6,26,11607,20,0,8.666666667,10.26320288,5840,0,1934.5,2538.919278,713899.9693,552.3166616,2036.875,5312.468015,15171,14,827,413.5,518.3092706,780,47,16252,3250.4,6671.948389,15171,14,0,0,0,0,72,132,184.1055539,368.2111077,0,5840,1163.3,2138.329153,4572451.567,0,0,0,1,0,0,0,0,2,1292.555556,8.666666667,1934.5,72,0,0,0,0,0,0,3,26,6,11607,8192,229,2,20,0.0,0.0,0,0,0.0,0.0,0,0,ddos,ddos,1
20000,90,1,1,2,6,2,2,2.0,0.0,6,6,6.0,0.0,88888.88889,22222.22222,90.0,0.0,90,90,0,0.0,0.0,0,0,0,0.0,0.0,0,0,0,0,0,0,24,20,11111.11111,11111.11111,2,6,3.333333333,2.309401077,5.333333333,0,0,0,1,0,0,0,0,1,5.0,2.0,6.0,24,0,0,0,0,0,0,1,2,1,6,1024,0,0,24,0.0,0.0,0,0,0.0,0.0,0,0,portscan,portscan,1
80,96057,3,5,26,11607,20,0,8.666666667,10.26320288,8675,0,2321.4,3769.536019,121105.1771,83.28388353,13722.42857,35734.24934,94757,4,1058,529.0,584.0702013,942,116,96021,24005.25,47170.39141,94757,4,0,0,0,0,72,112,31.23145632,52.0524272,0,8675,1292.555556,2931.429562,8593279.278,0,0,0,1,0,0,0,0,1,1454.125,8.666666667,2321.4,72,0,0,0,0,0,0,3,26,5,11607,8192,229,2,20,0.0,0.0,0,0,0.0,0.0,0,0,ddos,ddos,1
80,61120,3,4,26,11601,20,0,8.666666667,10.26320288,8760,0,2900.25,4128.319301,190232.3298,114.5287958,10186.66667,17577.94808,43357,52,17100,8550.0,11954.34724,17003,97,61068,20356.0,21566.62985,43357,589,0,0,0,0,72,92,49.08376963,65.44502618,0,8760,1453.375,3113.952607,9696700.839,0,0,0,1,0,0,0,0,1,1661.0,8.666666667,2900.25,72,0,0,0,0,0,0,3,26,4,11601,8192,229,2,20,0.0,0.0,0,0,0.0,0.0,0,0,ddos,ddos,1
80,62065,3,6,26,11607,20,0,8.666666667,10.26320288,5840,0,1934.5,2538.919278,187432.5304,145.0092645,7758.125,21503.70045,60972,2,978,489.0,625.0823946,931,47,62016,12403.2,27153.71287,60972,2,0,0,0,0,72,132,48.33642149,96.67284299,0,5840,1163.3,2138.329153,4572451.567,0,0,0,1,0,0,0,0,2,1292.555556,8.666666667,1934.5,72,0,0,0,0,0,0,3,26,6,11607,8192,229,2,20,0.0,0.0,0,0,0.0,0.0,0,0,ddos,ddos,1
80,31104,3,6,26,11601,20,0,8.666666667,10.26320288,4380,0,1933.5,1757.789948,373810.4424,289.3518519,3888.0,6639.525478,14892,14,15999,7999.5,9893.130976,14995,1004,31001,6200.2,8179.863336,15910,46,0,0,0,0,72,132,96.45061728,192.9012346,0,4380,1162.7,1645.241762,2706820.456,0,0,0,1,0,0,0,0,2,1291.888889,8.666666667,1933.5,72,0,0,0,0,0,0,3,26,6,11601,8192,229,2,20,0.0,0.0,0,0,0.0,0.0,0,0,ddos,ddos,1
443,182894,9,9,533,4202,205,0,59.2222222222,81.0968214201,1430,0,466.8888888889,613.8496241842,25889.3129353615,98.4176626899,10758.4705882353,18246.2041741483,56169,0,182894,22861.75,21508.4874327057,56169,3,141413,17676.625,34297.6575207508,93139,0,0,0,0,0,192,192,49.2088313449,49.2088313449,0,1430,249.2105263158,464.3110282926,215584.730994152,0,0,0,1,0,0,0,0,1,263.0555555556,59.2222222222,466.8888888889,192,0,0,0,0,0,0,9,533,9,4202,8192,351,8,20,0.0,0.0,0,0,0.0,0.0,0,0,benign,benign,0
80,1837250,3,6,26,11607,20,0,8.666666667,10.26320288,4380,0,1934.5,2177.344966,6331.745816,4.898625663,229656.25,649275.8705,1836532,3,555,277.5,359.9173516,532,23,1837204,367440.8,821246.9862,1836532,3,0,0,0,0,72,132,1.632875221,3.265750442,0,4380,1163.3,1903.962654,3625073.789,0,0,0,1,0,0,0,0,2,1292.555556,8.666666667,1934.5,72,0,0,0,0,0,0,3,26,6,11607,8192,229,2,20,0.0,0.0,0,0,0.0,0.0,0,0,ddos,ddos,1
443,64973130,12,10,1817,6140,730,0,151.4166666667,268.7190010311,1555,0,614.0,755.0820411643,122.4660101799,0.3386015111,3093958.57142857,10223855.2520056,45001626,6,64973130,5906648.18181818,13819347.3192903,45001626,354,61267203,6807467.0,15268247.3121105,45043122,48,0,0,0,0,252,224,0.1846917333,0.1539097778,0,1555,345.9565217391,572.790496228,328088.95256917,0,0,0,1,0,0,0,0,0,361.6818181818,151.4166666667,614.0,252,0,0,0,0,0,0,12,1817,10,6140,8192,121,11,20,198828.0,222568.930446278,356208,41448,30455543.5,20571267.1508979,45001626,15909461,benign,benign,0
80,60023,3,4,26,11601,20,0,8.666666667,10.26320288,8760,0,2900.25,4128.319301,193709.0782,116.6219616,10003.83333,17640.87563,43594,44,16147,8073.5,11270.57499,16043,104,59979,19993.0,21949.10934,43594,192,0,0,0,0,72,92,49.98084068,66.6411209,0,8760,1453.375,3113.952607,9696700.839,0,0,0,1,0,0,0,0,1,1661.0,8.666666667,2900.25,72,0,0,0,0,0,0,3,26,4,11601,8192,229,2,20,0.0,0.0,0,0,0.0,0.0,0,0,ddos,ddos,1
443,18465227,5,4,580,164,517,0,116.0,225.1010884025,152,0,41.0,74.0540343263,40.2919498363,0.487402619,2308153.375,6482398.0077983,18351177,4,18465227,4616306.75,9198722.54333924,18414379,109,89070,29690.0,31877.1604130606,63380,4,0,0,0,0,112,92,0.2707792328,0.2166233862,0,517,74.4,162.5438060613,26420.4888888889,0,0,0,1,0,0,0,0,0,82.6666666667,116.0,41.0,112,0,0,0,0,0,0,5,580,4,164,8192,946,4,20,0.0,0.0,0,0,0.0,0.0,0,0,benign,benign,0
21,2637284,22,25,224,480,43,0,10.1818181818,11.1510681258,51,0,19.2,14.2038727113,266.9412926329,17.821364707,57332.2608695652,302775.11925435,2053833,0,2637212,125581.523809524,444540.085872874,2053833,2,2637201,109883.375,442617.136033214,2172768,1,0,0,0,0,464,524,8.3419153948,9.4794493122,0,51,14.6666666667,13.5463480724,183.5035460993,0,0,0,1,0,0,0,0,1,14.9787234043,10.1818181818,19.2,464,0,0,0,0,0,0,22,224,25,480,8192,229,20,20,0.0,0.0,0,0,0.0,0.0,0,0,benign,benign,0
3871,38,1,1,2,6,2,2,2.0,0.0,6,6,6.0,0.0,210526.3158,52631.57895,38.0,0.0,38,38,0,0.0,0.0,0,0,0,0.0,0.0,0,0,0,0,0,0,24,20,26315.78947,26315.78947,2,6,3.333333333,2.309401077,5.333333333,0,0,0,1,0,0,0,0,1,5.0,2.0,6.0,24,0,0,0,0,0,0,1,2,1,6,1024,0,0,24,0.0,0.0,0,0,0.0,0.0,0,0,portscan,portscan,1
51604,3,2,0,37,0,31,6,18.5,17.6776695297,0,0,0.0,0.0,12333333.3333333,666666.666666667,3.0,0.0,3,3,3,3.0,0.0,3,3,0,0.0,0.0,0,0,1,0,0,0,40,0,666666.666666667,0.0,6,31,22.6666666667,14.4337567297,208.3333333333,0,1,0,0,1,0,0,0,0,34.0,18.5,0.0,40,0,0,0,0,0,0,2,37,0,0,110,-1,1,20,0.0,0.0,0,0,0.0,0.0,0,0,benign,benign,0
53,23195,1,1,56,112,56,56,56.0,0.0,112,112,112.0,0.0,7242.9402888554,86.2254796292,23195.0,0.0,23195,23195,0,0.0,0.0,0,0,0,0.0,0.0,0,0,0,0,0,0,20,20,43.1127398146,43.1127398146,56,112,74.6666666667,32.3316150746,1045.3333333333,0,0,0,0,0,0,0,0,1,112.0,56.0,112.0,20,0,0,0,0,0,0,1,56,1,112,-1,-1,0,20,0.0,0.0,0,0,0.0,0.0,0,0,benign,benign,0
563,62,1,1,2,6,2,2,2.0,0.0,6,6,6.0,0.0,129032.2581,32258.06452,62.0,0.0,62,62,0,0.0,0.0,0,0,0,0.0,0.0,0,0,0,0,0,0,24,20,16129.03226,16129.03226,2,6,3.333333333,2.309401077,5.333333333,0,0,0,1,0,0,0,0,1,5.0,2.0,6.0,24,0,0,0,0,0,0,1,2,1,6,1024,0,0,24,0.0,0.0,0,0,0.0,0.0,0,0,portscan,portscan,1
80,46067,3,5,26,11607,20,0,8.666666667,10.26320288,8675,0,2321.4,3769.536019,252523.4984,173.6601038,6581.0,16468.53676,43912,7,1627,813.5,871.8626612,1430,197,46060,11515.0,21608.99826,43912,177,0,0,0,0,72,112,65.12253891,108.5375649,0,8675,1292.555556,2931.429562,8593279.278,0,0,0,1,0,0,0,0,1,1454.125,8.666666667,2321.4,72,0,0,0,0,0,0,3,26,5,11607,8192,229,2,20,0.0,0.0,0,0,0.0,0.0,0,0,ddos,ddos,1
80,16653,3,5,26,11601,20,0,8.666666667,10.26320288,7300,0,2320.2,3022.508098,698192.5179,480.393923,2379.0,3812.684793,10123,68,6031,3015.5,2846.104794,5028,1003,16443,4110.75,4818.58488,10123,193,0,0,0,0,72,112,180.1477211,300.2462019,0,7300,1291.888889,2460.652985,6054813.111,0,0,0,1,0,0,0,0,1,1453.375,8.666666667,2320.2,72,0,0,0,0,0,0,3,26,5,11601,8192,229,2,20,0.0,0.0,0,0,0.0,0.0,0,0,ddos,ddos,1
80,8773958,4,0,24,0,6,6,6.0,0.0,0,0,0.0,0.0,2.73536755,0.455894592,2924652.667,5064751.569,8772924,1,8773958,2924652.667,5064751.569,8772924,1,0,0.0,0.0,0,0,0,0,0,0,80,0,0.455894592,0.0,6,6,6.0,0.0,0.0,0,0,0,0,1,0,0,0,0,7.5,6.0,0.0,80,0,0,0,0,0,0,4,24,0,0,256,-1,3,20,1034.0,0.0,1034,1034,8772924.0,0.0,8772924,8772924,ddos,ddos,1
53,62388,1,1,58,186,58,58,58.0,0.0,186,186,186.0,0.0,3911.0085272809,32.0574469449,62388.0,0.0,62388,62388,0,0.0,0.0,0,0,0,0.0,0.0,0,0,0,0,0,0,32,20,16.0287234725,16.0287234725,58,186,100.6666666667,73.9008344563,5461.3333333333,0,0,0,0,0,0,0,0,1,151.0,58.0,186.0,32,0,0,0,0,0,0,1,58,1,186,-1,-1,0,32,0.0,0.0,0,0,0.0,0.0,0,0,benign,benign,0
80,44166,2,0,12,0,6,6,6.0,0.0,0,0,0.0,0.0,271.702214373,45.2837023955,44166.0,0.0,44166,44166,44166,44166.0,0.0,44166,44166,0,0.0,0.0,0,0,0,0,0,0,40,0,45.2837023955,0.0,6,6,6.0,0.0,0.0,0,0,0,0,1,0,0,0,0,9.0,6.0,0.0,40,0,0,0,0,0,0,2,12,0,0,64240,-1,1,20,0.0,0.0,0,0,0.0,0.0,0,0,benign,benign,0
443,437180,2,0,12,0,6,6,6.0,0.0,0,0,0.0,0.0,27.4486481541,4.5747746923,437180.0,0.0,437180,437180,437180,437180.0,0.0,437180,437180,0,0.0,0.0,0,0,0,0,0,0,40,0,4.5747746923,0.0,6,6,6.0,0.0,0.0,0,0,0,0,1,0,0,0,0,9.0,6.0,0.0,40,0,0,0,0,0,0,2,12,0,0,64209,-1,1,20,0.0,0.0,0,0,0.0,0.0,0,0,benign,benign,0
80,8654846,4,0,24,0,6,6,6.0,0.0,0,0,0.0,0.0,2.773012946,0.462168824,2884948.667,4996318.215,8654200,316,8654846,2884948.667,4996318.215,8654200,316,0,0.0,0.0,0,0,0,0,0,0,80,0,0.462168824,0.0,6,6,6.0,0.0,0.0,0,0,0,0,1,0,0,0,0,7.5,6.0,0.0,80,0,0,0,0,0,0,4,24,0,0,256,-1,3,20,646.0,0.0,646,646,8654200.0,0.0,8654200,8654200,ddos,ddos,1
7200,1,1,1,2,6,2,2,2.0,0.0,6,6,6.0,0.0,8000000.0,2000000.0,1.0,0.0,1,1,0,0.0,0.0,0,0,0,0.0,0.0,0,0,0,0,0,0,24,20,1000000.0,1000000.0,2,6,3.333333333,2.309401077,5.333333333,0,0,0,1,0,0,0,0,1,5.0,2.0,6.0,24,0,0,0,0,0,0,1,2,1,6,1024,0,0,24,0.0,0.0,0,0,0.0,0.0,0,0,portscan,portscan,1
80,796992,3,5,26,11607,20,0,8.666666667,10.26320288,10135,0,2321.4,4413.201989,14596.13145,10.03774191,113856.0,300734.2389,795857,4,884,442.0,278.6000718,639,245,796943,199235.75,397747.6803,795857,4,0,0,0,0,72,112,3.764153216,6.273588693,0,10135,1292.555556,3350.634907,11200000.0,0,0,0,1,0,0,0,0,1,1454.125,8.666666667,2321.4,72,0,0,0,0,0,0,3,26,5,11607,8192,229,2,20,0.0,0.0,0,0,0.0,0.0,0,0,ddos,ddos,1
2105,15,1,1,2,6,2,2,2.0,0.0,6,6,6.0,0.0,533333.3333,133333.3333,15.0,0.0,15,15,0,0.0,0.0,0,0,0,0.0,0.0,0,0,0,0,0,0,24,20,66666.66667,66666.66667,2,6,3.333333333,2.309401077,5.333333333,0,0,0,1,0,0,0,0,1,5.0,2.0,6.0,24,0,0,0,0,0,0,1,2,1,6,1024,0,0,24,0.0,0.0,0,0,0.0,0.0,0,0,portscan,portscan,1
53,61576,1,1,43,167,43,43,43.0,0.0,167,167,167.0,0.0,3410.4196440172,32.4801870859,61576.0,0.0,61576,61576,0,0.0,0.0,0,0,0,0.0,0.0,0,0,0,0,0,0,20,20,16.2400935429,16.2400935429,43,167,84.3333333333,71.5914333795,5125.3333333333,0,0,0,0,0,0,0,0,1,126.5,43.0,167.0,20,0,0,0,0,0,0,1,43,1,167,-1,-1,0,20,0.0,0.0,0,0,0.0,0.0,0,0,benign,benign,0
53,23912,1,1,39,120,39,39,39.0,0.0,120,120,120.0,0.0,6649.381063901,83.6400133824,23912.0,0.0,23912,23912,0,0.0,0.0,0,0,0,0.0,0.0,0,0,0,0,0,0,32,20,41.8200066912,41.8200066912,39,120,66.0,46.7653718044,2187.0,0,0,0,0,0,0,0,0,1,99.0,39.0,120.0,32,0,0,0,0,0,0,1,39,1,120,-1,-1,0,32,0.0,0.0,0,0,0.0,0.0,0,0,benign,benign,0
80,1417034,3,4,26,11607,20,0,8.666666667,10.26320288,11595,0,2901.75,5795.50069,8209.400762,4.939895585,236172.3333,577866.8617,1415738,47,1046,523.0,424.2640687,823,223,1416987,472329.0,817016.2822,1415738,178,0,0,0,0,72,92,2.117098108,2.822797477,0,11595,1454.125,4097.537534,16800000.0,0,0,0,1,0,0,0,0,1,1661.857143,8.666666667,2901.75,72,0,0,0,0,0,0,3,26,4,11607,8192,229,2,20,0.0,0.0,0,0,0.0,0.0,0,0,ddos,ddos,1
617,54,1,1,2,6,2,2,2.0,0.0,6,6,6.0,0.0,148148.1481,37037.03704,54.0,0.0,54,54,0,0.0,0.0,0,0,0,0.0,0.0,0,0,0,0,0,0,24,20,18518.51852,18518.51852,2,6,3.333333333,2.309401077,5.333333333,0,0,0,1,0,0,0,0,1,5.0,2.0,6.0,24,0,0,0,0,0,0,1,2,1,6,1024,0,0,24,0.0,0.0,0,0,0.0,0.0,0,0,portscan,portscan,1
80,992444,3,5,26,11607,20,0,8.666666667,10.26320288,10135,0,2321.4,4413.201989,11721.56817,8.060908223,141777.7143,374695.9298,991508,3,764,382.0,535.9869401,761,3,992426,248106.5,495601.1341,991508,4,0,0,0,0,72,112,3.022840583,5.038067639,0,10135,1292.555556,3350.634907,11200000.0,0,0,0,1,0,0,0,0,1,1454.125,8.666666667,2321.4,72,0,0,0,0,0,0,3,26,5,11607,8192,229,2,20,0.0,0.0,0,0,0.0,0.0,0,0,ddos,ddos,1
443,24729650,9,10,1550,1345,629,0,172.2222222222,257.4168689974,613,0,134.5,226.2757658748,117.0659511962,0.768308488,1373869.44444444,4240514.44079152,16835730,2,7893920,986740.0,2631498.75063639,7495916,435,24701027,2744558.55555556,5863482.90338494,16892856,2,0,0,0,0,192,212,0.3639355996,0.4043728884,0,629,144.75,231.6655654398,53668.9342105263,0,0,0,1,0,0,0,0,1,152.3684210526,172.2222222222,134.5,192,0,0,0,0,0,0,9,1550,10,1345,8192,5120,8,20,142101.0,0.0,142101,142101,7495916.0,0.0,7495916,7495916,benign,benign,0
53,37685,1,1,54,108,54,54,54.0,0.0,108,108,108.0,0.0,4298.7926230596,53.0715138649,37685.0,0.0,37685,37685,0,0.0,0.0,0,0,0,0.0,0.0,0,0,0,0,0,0,32,32,26.5357569325,26.5357569325,54,108,72.0,31.1769145362,972.0,0,0,0,0,0,0,0,0,1,108.0,54.0,108.0,32,0,0,0,0,0,0,1,54,1,108,-1,-1,0,32,0.0,0.0,0,0,0.0,0.0,0,0,benign,benign,0
80,4185064,5,0,30,0,6,6,6.0,0.0,0,0,0.0,0.0,7.168349158,1.19472486,1046266.0,2091855.387,4184049,1,4185064,1046266.0,2091855.387,4184049,1,0,0.0,0.0,0,0,0,0,0,0,100,0,1.19472486,0.0,6,6,6.0,0.0,0.0,0,0,0,0,1,0,0,0,0,7.2,6.0,0.0,100,0,0,0,0,0,0,5,30,0,0,256,-1,4,20,0.0,0.0,0,0,0.0,0.0,0,0,ddos,ddos,1
53,23514,1,1,64,117,64,64,64.0,0.0,117,117,117.0,0.0,7697.5418899379,85.055711491,23514.0,0.0,23514,23514,0,0.0,0.0,0,0,0,0.0,0.0,0,0,0,0,0,0,20,20,42.5278557455,42.5278557455,64,117,81.6666666667,30.5995642671,936.3333333333,0,0,0,0,0,0,0,0,1,122.5,64.0,117.0,20,0,0,0,0,0,0,1,64,1,117,-1,-1,0,20,0.0,0.0,0,0,0.0,0.0,0,0,benign,benign,0
52869,44,1,1,2,6,2,2,2.0,0.0,6,6,6.0,0.0,181818.1818,45454.54545,44.0,0.0,44,44,0,0.0,0.0,0,0,0,0.0,0.0,0,0,0,0,0,0,24,20,22727.27273,22727.27273,2,6,3.333333333,2.309401077,5.333333333,0,0,0,1,0,0,0,0,1,5.0,2.0,6.0,24,0,0,0,0,0,0,1,2,1,6,1024,0,0,24,0.0,0.0,0,0,0.0,0.0,0,0,portscan,portscan,1
80,763816,3,6,26,11607,20,0,8.666666667,10.26320288,5840,0,1934.5,2538.919278,15230.10777,11.78294249,95477.0,269533.0605,762537,14,939,469.5,509.8239892,830,109,763771,152754.2,340879.1698,762537,14,0,0,0,0,72,132,3.927647496,7.855294993,0,5840,1163.3,2138.329153,4572451.567,0,0,0,1,0,0,0,0,2,1292.555556,8.666666667,1934.5,72,0,0,0,0,0,0,3,26,6,11607,8192,229,2,20,0.0,0.0,0,0,0.0,0.0,0,0,ddos,ddos,1
53,69272,1,1,44,140,44,44,44.0,0.0,140,140,140.0,0.0,2656.1958655734,28.871694191,69272.0,0.0,69272,69272,0,0.0,0.0,0,0,0,0.0,0.0,0,0,0,0,0,0,32,32,14.4358470955,14.4358470955,44,140,76.0,55.4256258422,3072.0,0,0,0,0,0,0,0,0,1,114.0,44.0,140.0,32,0,0,0,0,0,0,1,44,1,140,-1,-1,0,32,0.0,0.0,0,0,0.0,0.0,0,0,benign,benign,0
80,6337,2,0,12,0,6,6,6.0,0.0,0,0,0.0,0.0,1893.6405239072,315.6067539845,6337.0,0.0,6337,6337,6337,6337.0,0.0,6337,6337,0,0.0,0.0,0,0,0,0,0,0,40,0,315.6067539845,0.0,6,6,6.0,0.0,0.0,0,0,0,0,1,0,0,0,0,9.0,6.0,0.0,40,0,0,0,0,0,0,2,12,0,0,253,-1,1,20,0.0,0.0,0,0,0.0,0.0,0,0,benign,benign,0
6667,42,1,1,2,6,2,2,2.0,0.0,6,6,6.0,0.0,190476.1905,47619.04762,42.0,0.0,42,42,0,0.0,0.0,0,0,0,0.0,0.0,0,0,0,0,0,0,24,20,23809.52381,23809.52381,2,6,3.333333333,2.309401077,5.333333333,0,0,0,1,0,0,0,0,1,5.0,2.0,6.0,24,0,0,0,0,0,0,1,2,1,6,1024,0,0,24,0.0,0.0,0,0,0.0,0.0,0,0,portscan,portscan,1
443,608398,2,0,62,0,31,31,31.0,0.0,0,0,0.0,0.0,101.9069753681,3.2873217861,608398.0,0.0,608398,608398,608398,608398.0,0.0,608398,608398,0,0.0,0.0,0,0,1,0,0,0,40,0,3.2873217861,0.0,31,31,31.0,0.0,0.0,0,1,0,0,1,1,0,0,0,46.5,31.0,0.0,40,0,0,0,0,0,0,2,62,0,0,254,-1,1,20,0.0,0.0,0,0,0.0,0.0,0,0,benign,benign,0
211,52,1,1,2,6,2,2,2.0,0.0,6,6,6.0,0.0,153846.1538,38461.53846,52.0,0.0,52,52,0,0.0,0.0,0,0,0,0.0,0.0,0,0,0,0,0,0,24,20,19230.76923,19230.76923,2,6,3.333333333,2.309401077,5.333333333,0,0,0,1,0,0,0,0,1,5.0,2.0,6.0,24,0,0,0,0,0,0,1,2,1,6,1024,0,0,24,0.0,0.0,0,0,0.0,0.0,0,0,portscan,portscan,1
427,78,1,1,2,6,2,2,2.0,0.0,6,6,6.0,0.0,102564.1026,25641.02564,78.0,0.0,78,78,0,0.0,0.0,0,0,0,0.0,0.0,0,0,0,0,0,0,24,20,12820.51282,12820.51282,2,6,3.333333333,2.309401077,5.333333333,0,0,0,1,0,0,0,0,1,5.0,2.0,6.0,24,0,0,0,0,0,0,1,2,1,6,1024,0,0,24,0.0,0.0,0,0,0.0,0.0,0,0,portscan,portscan,1
51422,1,2,0,12,0,6,6,6.0,0.0,0,0,0.0,0.0,12000000.0,2000000.0,1.0,0.0,1,1,1,1.0,0.0,1,1,0,0.0,0.0,0,0,0,0,0,0,40,0,2000000.0,0.0,6,6,6.0,0.0,0.0,0,0,0,0,1,0,0,0,0,9.0,6.0,0.0,40,0,0,0,0,0,0,2,12,0,0,132,-1,1,20,0.0,0.0,0,0,0.0,0.0,0,0,benign,benign,0
53,164584,1,1,42,135,42,42,42.0,0.0,135,135,135.0,0.0,1075.4386817674,12.1518495115,164584.0,0.0,164584,164584,0,0.0,0.0,0,0,0,0.0,0.0,0,0,0,0,0,0,32,32,6.0759247557,6.0759247557,42,135,73.0,53.6935750346,2883.0,0,0,0,0,0,0,0,0,1,109.5,42.0,135.0,32,0,0,0,0,0,0,1,42,1,135,-1,-1,0,32,0.0,0.0,0,0,0.0,0.0,0,0,benign,benign,0
51606,4,2,0,37,0,31,6,18.5,17.6776695297,0,0,0.0,0.0,9250000.0,500000.0,4.0,0.0,4,4,4,4.0,0.0,4,4,0,0.0,0.0,0,0,1,0,0,0,40,0,500000.0,0.0,6,31,22.6666666667,14.4337567297,208.3333333333,0,1,0,0,1,0,0,0,0,34.0,18.5,0.0,40,0,0,0,0,0,0,2,37,0,0,30016,-1,1,20,0.0,0.0,0,0,0.0,0.0,0,0,benign,benign,0
443,149277,2,0,12,0,6,6,6.0,0.0,0,0,0.0,0.0,80.3874675938,13.3979112656,149277.0,0.0,149277,149277,149277,149277.0,0.0,149277,149277,0,0.0,0.0,0,0,0,0,0,0,40,0,13.3979112656,0.0,6,6,6.0,0.0,0.0,0,0,0,0,1,0,0,0,0,9.0,6.0,0.0,40,0,0,0,0,0,0,2,12,0,0,257,-1,1,20,0.0,0.0,0,0,0.0,0.0,0,0,benign,benign,0
548,5,1,1,2,6,2,2,2.0,0.0,6,6,6.0,0.0,1600000.0,400000.0,5.0,0.0,5,5,0,0.0,0.0,0,0,0,0.0,0.0,0,0,0,0,0,0,24,20,200000.0,200000.0,2,6,3.333333333,2.309401077,5.333333333,0,0,0,1,0,0,0,0,1,5.0,2.0,6.0,24,0,0,0,0,0,0,1,2,1,6,1024,0,0,24,0.0,0.0,0,0,0.0,0.0,0,0,portscan,portscan,1
53,233057,1,1,46,159,46,46,46.0,0.0,159,159,159.0,0.0,879.6131418494,8.5815916278,233057.0,0.0,233057,233057,0,0.0,0.0,0,0,0,0.0,0.0,0,0,0,0,0,0,20,20,4.2907958139,4.2907958139,46,159,83.6666666667,65.2405804184,4256.3333333333,0,0,0,0,0,0,0,0,1,125.5,46.0,159.0,20,0,0,0,0,0,0,1,46,1,159,-1,-1,0,20,0.0,0.0,0,0,0.0,0.0,0,0,benign,benign,0
53,63377,1,1,50,190,50,50,50.0,0.0,190,190,190.0,0.0,3786.8627420042,31.5571895167,63377.0,0.0,63377,63377,0,0.0,0.0,0,0,0,0.0,0.0,0,0,0,0,0,0,20,20,15.7785947584,15.7785947584,50,190,96.6666666667,80.8290376865,6533.3333333333,0,0,0,0,0,0,0,0,1,145.0,50.0,190.0,20,0,0,0,0,0,0,1,50,1,190,-1,-1,0,20,0.0,0.0,0,0,0.0,0.0,0,0,benign,benign,0
80,995325,3,5,26,11607,20,0,8.666666667,10.26320288,10135,0,2321.4,4413.201989,11687.63972,8.037575666,142189.2857,375607.5825,993987,4,1071,535.5,434.8706704,843,228,995279,248819.75,496778.3966,993987,4,0,0,0,0,72,112,3.014090875,5.023484791,0,10135,1292.555556,3350.634907,11200000.0,0,0,0,1,0,0,0,0,1,1454.125,8.666666667,2321.4,72,0,0,0,0,0,0,3,26,5,11607,8192,229,2,20,0.0,0.0,0,0,0.0,0.0,0,0,ddos,ddos,1
3,80,1,1,2,6,2,2,2.0,0.0,6,6,6.0,0.0,100000.0,25000.0,80.0,0.0,80,80,0,0.0,0.0,0,0,0,0.0,0.0,0,0,0,0,0,0,24,20,12500.0,12500.0,2,6,3.333333333,2.309401077,5.333333333,0,0,0,1,0,0,0,0,1,5.0,2.0,6.0,24,0,0,0,0,0,0,1,2,1,6,1024,0,0,24,0.0,0.0,0,0,0.0,0.0,0,0,portscan,portscan,1
62367,332,2,0,12,0,6,6,6.0,0.0,0,0,0.0,0.0,36144.578313253,6024.0963855422,332.0,0.0,332,332,332,332.0,0.0,332,332,0,0.0,0.0,0,0,0,0,0,0,40,0,6024.0963855422,0.0,6,6,6.0,0.0,0.0,0,0,0,0,1,0,0,0,0,9.0,6.0,0.0,40,0,0,0,0,0,0,2,12,0,0,1026,-1,1,20,0.0,0.0,0,0,0.0,0.0,0,0,benign,benign,0
49159,1,1,1,2,6,2,2,2.0,0.0,6,6,6.0,0.0,8000000.0,2000000.0,1.0,0.0,1,1,0,0.0,0.0,0,0,0,0.0,0.0,0,0,0,0,0,0,24,20,1000000.0,1000000.0,2,6,3.333333333,2.309401077,5.333333333,0,0,0,1,0,0,0,0,1,5.0,2.0,6.0,24,0,0,0,0,0,0,1,2,1,6,1024,0,0,24,0.0,0.0,0,0,0.0,0.0,0,0,portscan,portscan,1
80,9212777,4,0,24,0,6,6,6.0,0.0,0,0,0.0,0.0,2.605077709,0.434179618,3070925.667,5317260.396,9210769,3,9212777,3070925.667,5317260.396,9210769,3,0,0.0,0.0,0,0,0,0,0,0,80,0,0.434179618,0.0,6,6,6.0,0.0,0.0,0,0,0,0,1,0,0,0,0,7.5,6.0,0.0,80,0,0,0,0,0,0,4,24,0,0,256,-1,3,20,2008.0,0.0,2008,2008,9210769.0,0.0,9210769,9210769,ddos,ddos,1
80,6778847,5,0,30,0,6,6,6.0,0.0,0,0,0.0,0.0,4.425531362,0.73758856,1694711.75,3388086.199,6776841,4,6778847,1694711.75,3388086.199,6776841,4,0,0.0,0.0,0,0,0,0,0,0,100,0,0.73758856,0.0,6,6,6.0,0.0,0.0,0,0,0,0,1,0,0,0,0,7.2,6.0,0.0,100,0,0,0,0,0,0,5,30,0,0,256,-1,4,20,2006.0,0.0,2006,2006,6776841.0,0.0,6776841,6776841,ddos,ddos,1
1124,44,1,1,2,6,2,2,2.0,0.0,6,6,6.0,0.0,181818.1818,45454.54545,44.0,0.0,44,44,0,0.0,0.0,0,0,0,0.0,0.0,0,0,0,0,0,0,24,20,22727.27273,22727.27273,2,6,3.333333333,2.309401077,5.333333333,0,0,0,1,0,0,0,0,1,5.0,2.0,6.0,24,0,0,0,0,0,0,1,2,1,6,1024,0,0,24,0.0,0.0,0,0,0.0,0.0,0,0,portscan,portscan,1
80,977336,3,4,26,11601,20,0,8.666666667,10.26320288,8760,0,2900.25,4128.319301,11896.62511,7.162326979,162889.3333,394640.8444,968418,70,8659,4329.5,5900.806089,8502,157,977266,325755.3333,556578.361,968418,182,0,0,0,0,72,92,3.069568705,4.092758274,0,8760,1453.375,3113.952607,9696700.839,0,0,0,1,0,0,0,0,1,1661.0,8.666666667,2900.25,72,0,0,0,0,0,0,3,26,4,11601,8192,229,2,20,0.0,0.0,0,0,0.0,0.0,0,0,ddos,ddos,1
366,40,1,1,2,6,2,2,2.0,0.0,6,6,6.0,0.0,200000.0,50000.0,40.0,0.0,40,40,0,0.0,0.0,0,0,0,0.0,0.0,0,0,0,0,0,0,24,20,25000.0,25000.0,2,6,3.333333333,2.309401077,5.333333333,0,0,0,1,0,0,0,0,1,5.0,2.0,6.0,24,0,0,0,0,0,0,1,2,1,6,1024,0,0,24,0.0,0.0,0,0,0.0,0.0,0,0,portscan,portscan,1
80,15795,3,4,26,11601,20,0,8.666666667,10.26320288,8675,0,2900.25,4088.041942,736119.025,443.178221,2632.5,3806.340066,9500,113,6008,3004.0,2896.309376,5052,956,15511,5170.333333,4698.606425,9500,174,0,0,0,0,72,92,189.9335233,253.2446977,0,8675,1453.375,3091.095642,9554872.268,0,0,0,1,0,0,0,0,1,1661.0,8.666666667,2900.25,72,0,0,0,0,0,0,3,26,4,11601,8192,229,2,20,0.0,0.0,0,0,0.0,0.0,0,0,ddos,ddos,1
417,73,1,1,2,6,2,2,2.0,0.0,6,6,6.0,0.0,109589.0411,27397.26027,73.0,0.0,73,73,0,0.0,0.0,0,0,0,0.0,0.0,0,0,0,0,0,0,24,20,13698.63014,13698.63014,2,6,3.333333333,2.309401077,5.333333333,0,0,0,1,0,0,0,0,1,5.0,2.0,6.0,24,0,0,0,0,0,0,1,2,1,6,1024,0,0,24,0.0,0.0,0,0,0.0,0.0,0,0,portscan,portscan,1
80,94,2,0,12,0,6,6,6.0,0.0,0,0,0.0,0.0,127659.574468085,21276.5957446809,94.0,0.0,94,94,94,94.0,0.0,94,94,0,0.0,0.0,0,0,0,0,0,0,40,0,21276.5957446809,0.0,6,6,6.0,0.0,0.0,0,0,0,0,1,0,0,0,0,9.0,6.0,0.0,40,0,0,0,0,0,0,2,12,0,0,668,-1,1,20,0.0,0.0,0,0,0.0,0.0,0,0,benign,benign,0
53,60036,1,1,51,67,51,51,51.0,0.0,67,67,67.0,0.0,1965.4873742421,33.3133453261,60036.0,0.0,60036,60036,0,0.0,0.0,0,0,0,0.0,0.0,0,0,0,0,0,0,20,20,16.6566726631,16.6566726631,51,67,56.3333333333,9.237604307,85.3333333333,0,0,0,0,0,0,0,0,1,84.5,51.0,67.0,20,0,0,0,0,0,0,1,51,1,67,-1,-1,0,20,0.0,0.0,0,0,0.0,0.0,0,0,benign,benign,0
1875,22,1,1,2,6,2,2,2.0,0.0,6,6,6.0,0.0,363636.3636,90909.09091,22.0,0.0,22,22,0,0.0,0.0,0,0,0,0.0,0.0,0,0,0,0,0,0,24,20,45454.54545,45454.54545,2,6,3.333333333,2.309401077,5.333333333,0,0,0,1,0,0,0,0,1,5.0,2.0,6.0,24,0,0,0,0,0,0,1,2,1,6,1024,0,0,24,0.0,0.0,0,0,0.0,0.0,0,0,portscan,portscan,1
5989,42,1,1,2,6,2,2,2.0,0.0,6,6,6.0,0.0,190476.1905,47619.04762,42.0,0.0,42,42,0,0.0,0.0,0,0,0,0.0,0.0,0,0,0,0,0,0,24,20,23809.52381,23809.52381,2,6,3.333333333,2.309401077,5.333333333,0,0,0,1,0,0,0,0,1,5.0,2.0,6.0,24,0,0,0,0,0,0,1,2,1,6,1024,0,0,24,0.0,0.0,0,0,0.0,0.0,0,0,portscan,portscan,1
80,106637,3,6,26,11607,20,0,8.666666667,10.26320288,5840,0,1934.5,2538.919278,109089.7156,84.39847333,13329.625,37294.38611,105626,3,883,441.5,553.6646097,833,50,106622,21324.4,47127.67402,105626,3,0,0,0,0,72,132,28.13282444,56.26564888,0,5840,1163.3,2138.329153,4572451.567,0,0,0,1,0,0,0,0,2,1292.555556,8.666666667,1934.5,72,0,0,0,0,0,0,3,26,6,11607,8192,229,2,20,0.0,0.0,0,0,0.0,0.0,0,0,ddos,ddos,1
49163,92,1,1,2,6,2,2,2.0,0.0,6,6,6.0,0.0,86956.52174,21739.13043,92.0,0.0,92,92,0,0.0,0.0,0,0,0,0.0,0.0,0,0,0,0,0,0,24,20,10869.56522,10869.56522,2,6,3.333333333,2.309401077,5.333333333,0,0,0,1,0,0,0,0,1,5.0,2.0,6.0,24,0,0,0,0,0,0,1,2,1,6,1024,0,0,24,0.0,0.0,0,0,0.0,0.0,0,0,portscan,portscan,1
80,8771758,5,0,30,0,6,6,6.0,0.0,0,0,0.0,0.0,3.420066992,0.570011165,2192939.5,4383887.225,8768770,1,8771758,2192939.5,4383887.225,8768770,1,0,0.0,0.0,0,0,0,0,0,0,100,0,0.570011165,0.0,6,6,6.0,0.0,0.0,0,0,0,0,1,0,0,0,0,7.2,6.0,0.0,100,0,0,0,0,0,0,5,30,0,0,256,-1,4,20,2988.0,0.0,2988,2988,8768770.0,0.0,8768770,8768770,ddos,ddos,1
53,49058,1,1,62,78,62,62,62.0,0.0,78,78,78.0,0.0,2853.7649313058,40.7680704472,49058.0,0.0,49058,49058,0,0.0,0.0,0,0,0,0.0,0.0,0,0,0,0,0,0,20,20,20.3840352236,20.3840352236,62,78,67.3333333333,9.237604307,85.3333333333,0,0,0,0,0,0,0,0,1,101.0,62.0,78.0,20,0,0,0,0,0,0,1,62,1,78,-1,-1,0,20,0.0,0.0,0,0,0.0,0.0,0,0,benign,benign,0
443,2860392,3,0,65,0,53,6,21.6666666667,27.1354626519,0,0,0.0,0.0,22.7241580874,1.0488072963,1430196.0,2022598.33741106,2860389,3,2860392,1430196.0,2022598.33741106,2860389,3,0,0.0,0.0,0,0,0,0,0,0,60,0,1.0488072963,0.0,6,53,17.75,23.5,552.25,0,0,0,0,1,0,0,0,0,23.6666666667,21.6666666667,0.0,60,0,0,0,0,0,0,3,65,0,0,9102,-1,2,20,0.0,0.0,0,0,0.0,0.0,0,0,benign,benign,0
443,6369485,10,7,1636,6006,932,0,163.6,313.6311350757,2920,0,858.0,1044.0662494944,1199.7830279842,2.6689755922,398092.8125,1308224.14885209,5275939,1,6369485,707720.555555555,1722008.89958408,5275939,1,741848,123641.333333333,179199.318866637,357144,192,0,0,0,0,212,152,1.5699856425,1.0989899497,0,2920,424.5555555556,751.5501800962,564827.673202614,0,0,0,1,0,0,0,0,0,449.5294117647,163.6,858.0,212,0,0,0,0,0,0,10,1636,7,6006,8192,137,9,20,1093545.0,0.0,1093545,1093545,5275939.0,0.0,5275939,5275939,benign,benign,0
53,65192,1,1,49,65,49,49,49.0,0.0,65,65,65.0,0.0,1748.6808197325,30.6786108725,65192.0,0.0,65192,65192,0,0.0,0.0,0,0,0,0.0,0.0,0,0,0,0,0,0,20,20,15.3393054362,15.3393054362,49,65,54.3333333333,9.237604307,85.3333333333,0,0,0,0,0,0,0,0,1,81.5,49.0,65.0,20,0,0,0,0,0,0,1,49,1,65,-1,-1,0,20,0.0,0.0,0,0,0.0,0.0,0,0,benign,benign,0
3333,44,1,1,2,6,2,2,2.0,0.0,6,6,6.0,0.0,181818.1818,45454.54545,44.0,0.0,44,44,0,0.0,0.0,0,0,0,0.0,0.0,0,0,0,0,0,0,24,20,22727.27273,22727.27273,2,6,3.333333333,2.309401077,5.333333333,0,0,0,1,0,0,0,0,1,5.0,2.0,6.0,24,0,0,0,0,0,0,1,2,1,6,1024,0,0,24,0.0,0.0,0,0,0.0,0.0,0,0,portscan,portscan,1
80,187044,3,6,26,11607,20,0,8.666666667,10.26320288,5840,0,1934.5,2538.919278,62193.92229,48.11702059,23380.5,65612.43646,185762,47,910,455.0,543.058008,839,71,186938,37387.6,82944.5128,185762,47,0,0,0,0,72,132,16.03900686,32.07801373,0,5840,1163.3,2138.329153,4572451.567,0,0,0,1,0,0,0,0,2,1292.555556,8.666666667,1934.5,72,0,0,0,0,0,0,3,26,6,11607,8192,229,2,20,0.0,0.0,0,0,0.0,0.0,0,0,ddos,ddos,1
80,3088955,5,0,30,0,6,6,6.0,0.0,0,0,0.0,0.0,9.712022351,1.618670392,772238.75,1541811.327,3084955,4,3088955,772238.75,1541811.327,3084955,4,0,0.0,0.0,0,0,0,0,0,0,100,0,1.618670392,0.0,6,6,6.0,0.0,0.0,0,0,0,0,1,0,0,0,0,7.2,6.0,0.0,100,0,0,0,0,0,0,5,30,0,0,256,-1,4,20,0.0,0.0,0,0,0.0,0.0,0,0,ddos,ddos,1
9099,42,1,1,2,6,2,2,2.0,0.0,6,6,6.0,0.0,190476.1905,47619.04762,42.0,0.0,42,42,0,0.0,0.0,0,0,0,0.0,0.0,0,0,0,0,0,0,24,20,23809.52381,23809.52381,2,6,3.333333333,2.309401077,5.333333333,0,0,0,1,0,0,0,0,1,5.0,2.0,6.0,24,0,0,0,0,0,0,1,2,1,6,1024,0,0,24,0.0,0.0,0,0,0.0,0.0,0,0,portscan,portscan,1
80,2776951,4,0,24,0,6,6,6.0,0.0,0,0,0.0,0.0,8.642572375,1.440428729,925650.3333,1602419.581,2775965,4,2776951,925650.3333,1602419.581,2775965,4,0,0.0,0.0,0,0,0,0,0,0,80,0,1.440428729,0.0,6,6,6.0,0.0,0.0,0,0,0,0,1,0,0,0,0,7.5,6.0,0.0,80,0,0,0,0,0,0,4,24,0,0,256,-1,3,20,0.0,0.0,0,0,0.0,0.0,0,0,ddos,ddos,1
3077,66,1,1,2,6,2,2,2.0,0.0,6,6,6.0,0.0,121212.1212,30303.0303,66.0,0.0,66,66,0,0.0,0.0,0,0,0,0.0,0.0,0,0,0,0,0,0,24,20,15151.51515,15151.51515,2,6,3.333333333,2.309401077,5.333333333,0,0,0,1,0,0,0,0,1,5.0,2.0,6.0,24,0,0,0,0,0,0,1,2,1,6,1024,0,0,24,0.0,0.0,0,0,0.0,0.0,0,0,portscan,portscan,1
123,65035669,2,2,96,96,48,48,48.0,0.0,48,48,48.0,0.0,2.9522261084,0.0615047106,21678556.3333333,37485103.9105102,64962626,36511,64999137,64999137.0,0.0,64999137,64999137,64999158,64999158.0,0.0,64999158,64999158,0,0,0,0,52,40,0.0307523553,0.0307523553,48,48,48.0,0.0,0.0,0,0,0,0,0,0,0,0,1,60.0,48.0,48.0,52,0,0,0,0,0,0,2,96,2,96,-1,-1,1,20,36511.0,0.0,36511,36511,64962626.0,0.0,64962626,64962626,benign,benign,0
80,10651958,4,0,24,0,6,6,6.0,0.0,0,0,0.0,0.0,2.253106894,0.375517816,3550652.667,6148597.925,10700000,651,10700000,3550652.667,6148597.925,10700000,651,0,0.0,0.0,0,0,0,0,0,0,80,0,0.375517816,0.0,6,6,6.0,0.0,0.0,0,0,0,0,1,0,0,0,0,7.5,6.0,0.0,80,0,0,0,0,0,0,4,24,0,0,256,-1,3,20,1516.0,0.0,1516,1516,10700000.0,0.0,10700000,10700000,ddos,ddos,1
53,224219,1,1,48,142,48,48,48.0,0.0,142,142,142.0,0.0,847.3858147615,8.9198506817,224219.0,0.0,224219,224219,0,0.0,0.0,0,0,0,0.0,0.0,0,0,0,0,0,0,20,20,4.4599253408,4.4599253408,48,142,79.3333333333,54.2709253038,2945.3333333333,0,0,0,0,0,0,0,0,1,119.0,48.0,142.0,20,0,0,0,0,0,0,1,48,1,142,-1,-1,0,20,0.0,0.0,0,0,0.0,0.0,0,0,benign,benign,0
62534,1,2,0,37,0,31,6,18.5,17.6776695297,0,0,0.0,0.0,37000000.0,2000000.0,1.0,0.0,1,1,1,1.0,0.0,1,1,0,0.0,0.0,0,0,1,0,0,0,40,0,2000000.0,0.0,6,31,22.6666666667,14.4337567297,208.3333333333,0,1,0,0,1,0,0,0,0,34.0,18.5,0.0,40,0,0,0,0,0,0,2,37,0,0,946,-1,1,20,0.0,0.0,0,0,0.0,0.0,0,0,benign,benign,0
80,9404,2,0,12,0,6,6,6.0,0.0,0,0,0.0,0.0,1276.0527435134,212.6754572522,9404.0,0.0,9404,9404,9404,9404.0,0.0,9404,9404,0,0.0,0.0,0,0,0,0,0,0,40,0,212.6754572522,0.0,6,6,6.0,0.0,0.0,0,0,0,0,1,0,0,0,0,9.0,6.0,0.0,40,0,0,0,0,0,0,2,12,0,0,64240,-1,1,20,0.0,0.0,0,0,0.0,0.0,0,0,benign,benign,0
53,48623349,2,2,107,190,55,52,53.5,2.1213203436,110,80,95.0,21.2132034356,6.108176547,0.082265004,16207783.0,27988406.4552078,48526011,48342,48574353,48574353.0,0.0,48574353,48574353,48575007,48575007.0,0.0,48575007,48575007,0,0,0,0,52,40,0.041132502,0.041132502,52,110,70.4,24.8656389421,618.3,0,0,0,0,0,0,0,0,1,88.0,53.5,95.0,52,0,0,0,0,0,0,2,107,2,190,-1,-1,1,20,48342.0,0.0,48342,48342,48526011.0,0.0,48526011,48526011,benign,benign,0
443,70296,9,6,555,5753,194,0,61.6666666667,81.2342292387,2509,0,958.8333333333,1011.2401132603,89734.8355525208,213.3834073062,5021.1428571429,6868.3810527456,16875,3,70296,8787.0,7638.1434917132,17192,3,39971,7994.2,10224.8501553813,20941,49,0,0,0,0,192,132,128.0300443837,85.3533629225,0,2509,394.25,740.6883735193,548619.266666667,0,0,0,1,0,0,0,0,0,420.5333333333,61.6666666667,958.8333333333,192,0,0,0,0,0,0,9,555,6,5753,8192,62,8,20,0.0,0.0,0,0,0.0,0.0,0,0,benign,benign,0
53,130778,1,1,47,217,47,47,47.0,0.0,217,217,217.0,0.0,2018.6881585588,15.2930921103,130778.0,0.0,130778,130778,0,0.0,0.0,0,0,0,0.0,0.0,0,0,0,0,0,0,20,20,7.6465460551,7.6465460551,47,217,103.6666666667,98.1495457622,9633.3333333333,0,0,0,0,0,0,0,0,1,155.5,47.0,217.0,20,0,0,0,0,0,0,1,47,1,217,-1,-1,0,20,0.0,0.0,0,0,0.0,0.0,0,0,benign,benign,0
53,47897958,2,2,95,168,48,47,47.5,0.7071067812,105,63,84.0,29.6984848098,5.4908395051,0.083510867,15965986.0,27583434.5803344,47816591,31513,47866445,47866445.0,0.0,47866445,47866445,47848104,47848104.0,0.0,47848104,47848104,0,0,0,0,40,40,0.0417554335,0.0417554335,47,105,62.2,24.8334451899,616.7,0,0,0,0,0,0,0,0,1,77.75,47.5,84.0,40,0,0,0,0,0,0,2,95,2,168,-1,-1,1,20,49854.0,0.0,49854,49854,47816591.0,0.0,47816591,47816591,benign,benign,0
443,6385,2,0,12,0,6,6,6.0,0.0,0,0,0.0,0.0,1879.4048551292,313.2341425215,6385.0,0.0,6385,6385,6385,6385.0,0.0,6385,6385,0,0.0,0.0,0,0,0,0,0,0,40,0,313.2341425215,0.0,6,6,6.0,0.0,0.0,0,0,0,0,1,0,0,0,0,9.0,6.0,0.0,40,0,0,0,0,0,0,2,12,0,0,64240,-1,1,20,0.0,0.0,0,0,0.0,0.0,0,0,benign,benign,0
80,4718629,4,0,24,0,6,6,6.0,0.0,0,0,0.0,0.0,5.086223138,0.847703856,1572876.333,2723726.684,4717965,249,4718629,1572876.333,2723726.684,4717965,249,0,0.0,0.0,0,0,0,0,0,0,80,0,0.847703856,0.0,6,6,6.0,0.0,0.0,0,0,0,0,1,0,0,0,0,7.5,6.0,0.0,80,0,0,0,0,0,0,4,24,0,0,256,-1,3,20,0.0,0.0,0,0,0.0,0.0,0,0,ddos,ddos,1
80,516174,3,6,26,11601,20,0,8.666666667,10.26320288,5840,0,1933.5,2189.772933,22525.34998,17.43598089,64521.75,172726.6732,491489,46,24299,12149.5,17077.33587,24225,74,516125,103225.0,217300.0531,491489,46,0,0,0,0,72,132,5.81199363,11.62398726,0,5840,1162.7,1911.59573,3654198.233,0,0,0,1,0,0,0,0,2,1291.888889,8.666666667,1933.5,72,0,0,0,0,0,0,3,26,6,11601,8192,229,2,20,0.0,0.0,0,0,0.0,0.0,0,0,ddos,ddos,1
80,9122782,4,0,24,0,6,6,6.0,0.0,0,0,0.0,0.0,2.630776445,0.438462741,3040927.333,5267036.313,9122777,2,9122782,3040927.333,5267036.313,9122777,2,0,0.0,0.0,0,0,0,0,0,0,80,0,0.438462741,0.0,6,6,6.0,0.0,0.0,0,0,0,0,1,0,0,0,0,7.5,6.0,0.0,80,0,0,0,0,0,0,4,24,0,0,256,-1,3,20,5.0,0.0,5,5,9122777.0,0.0,9122777,9122777,ddos,ddos,1
443,11572933,5,4,580,164,517,0,116.0,225.1010884025,152,0,41.0,74.0540343263,64.2879380707,0.7776766702,1446616.625,4045216.31358702,11457862,3,11572933,2893233.25,5753054.25330583,11522797,271,90624,30208.0,33101.6232079335,65595,3,0,0,0,0,112,92,0.4320425946,0.3456340756,0,517,74.4,162.5438060613,26420.4888888889,0,0,0,1,0,0,0,0,0,82.6666666667,116.0,41.0,112,0,0,0,0,0,0,5,580,4,164,8192,946,4,20,0.0,0.0,0,0,0.0,0.0,0,0,benign,benign,0
443,716447,26,33,988,57842,534,0,38.0,110.4623012616,4380,0,1752.7878787879,970.3476425222,82113.5408481018,82.3508228801,12352.5344827586,38872.9675098918,223735,6,715841,28633.64,59882.7643239132,248785,74,692781,21649.40625,55712.1515475344,223735,49,0,0,0,0,544,672,36.2901931336,46.0606297465,0,4380,980.5,1121.2502026529,1257202.01694915,0,0,0,1,0,0,0,0,1,997.1186440678,38.0,1752.7878787879,544,0,0,0,0,0,0,26,988,33,57842,8192,62,24,20,0.0,0.0,0,0,0.0,0.0,0,0,benign,benign,0
3986,11,1,1,2,6,2,2,2.0,0.0,6,6,6.0,0.0,727272.7273,181818.1818,11.0,0.0,11,11,0,0.0,0.0,0,0,0,0.0,0.0,0,0,0,0,0,0,24,20,90909.09091,90909.09091,2,6,3.333333333,2.309401077,5.333333333,0,0,0,1,0,0,0,0,1,5.0,2.0,6.0,24,0,0,0,0,0,0,1,2,1,6,1024,0,0,24,0.0,0.0,0,0,0.0,0.0,0,0,portscan,portscan,1
53,57599468,2,2,93,210,47,46,46.5,0.7071067812,131,79,105.0,36.7695526217,5.2604652529,0.0694450858,19199822.6666667,33170809.279374,57502174,48602,57550776,57550776.0,0.0,57550776,57550776,57550866,57550866.0,0.0,57550866,57550866,0,0,0,0,40,52,0.0347225429,0.0347225429,46,131,69.8,37.0229658455,1370.7,0,0,0,0,0,0,0,0,1,87.25,46.5,105.0,40,0,0,0,0,0,0,2,93,2,210,-1,-1,1,20,48602.0,0.0,48602,48602,57502174.0,0.0,57502174,57502174,benign,benign,0
445,537,2,1,8,2,6,2,4.0,2.828427125,2,2,2.0,0.0,18621.97393,5586.592179,268.5,316.0767312,492,45,537,537.0,0.0,537,537,0,0.0,0.0,0,0,0,0,0,0,44,24,3724.394786,1862.197393,2,6,3.0,2.0,4.0,0,0,0,1,0,0,0,0,0,4.0,4.0,2.0,44,0,0,0,0,0,0,2,8,1,2,1024,29200,1,20,0.0,0.0,0,0,0.0,0.0,0,0,portscan,portscan,1
443,7096226,2,0,12,0,6,6,6.0,0.0,0,0,0.0,0.0,1.691039716,0.2818399527,7096226.0,0.0,7096226,7096226,7096226,7096226.0,0.0,7096226,7096226,0,0.0,0.0,0,0,0,0,0,0,40,0,0.2818399527,0.0,6,6,6.0,0.0,0.0,0,0,0,0,1,0,0,0,0,9.0,6.0,0.0,40,0,0,0,0,0,0,2,12,0,0,256,-1,1,20,0.0,0.0,0,0,0.0,0.0,0,0,benign,benign,0
49165,42,1,1,2,6,2,2,2.0,0.0,6,6,6.0,0.0,190476.1905,47619.04762,42.0,0.0,42,42,0,0.0,0.0,0,0,0,0.0,0.0,0,0,0,0,0,0,24,20,23809.52381,23809.52381,2,6,3.333333333,2.309401077,5.333333333,0,0,0,1,0,0,0,0,1,5.0,2.0,6.0,24,0,0,0,0,0,0,1,2,1,6,1024,0,0,24,0.0,0.0,0,0,0.0,0.0,0,0,portscan,portscan,1
443,110695759,10,14,589,5154,192,0,58.9,73.2733845874,1722,0,368.1428571429,645.0510841002,51.8809397206,0.2168104742,4812859.08695652,15923410.8361774,58615656,1,58973842,6552649.11111111,19546322.99986,58675811,306,110676178,8513552.15384615,20801967.706387,58638167,1,0,0,0,0,212,292,0.0903376976,0.1264727766,0,1722,229.72,502.9215081236,252930.043333333,0,0,0,1,0,0,0,0,1,239.2916666667,58.9,368.1428571429,212,0,0,0,0,0,0,10,589,14,5154,8192,31,9,20,179093.0,71505.4661407084,229655,128531,55168660.0,4874788.49264581,58615656,51721664,benign,benign,0
8383,83,1,1,2,6,2,2,2.0,0.0,6,6,6.0,0.0,96385.54217,24096.38554,83.0,0.0,83,83,0,0.0,0.0,0,0,0,0.0,0.0,0,0,0,0,0,0,24,20,12048.19277,12048.19277,2,6,3.333333333,2.309401077,5.333333333,0,0,0,1,0,0,0,0,1,5.0,2.0,6.0,24,0,0,0,0,0,0,1,2,1,6,1024,0,0,24,0.0,0.0,0,0,0.0,0.0,0,0,portscan,portscan,1
53,26141,2,2,88,168,44,44,44.0,0.0,84,84,84.0,0.0,9793.0454075973,153.0163344937,8713.6666666667,15086.4512173451,26134,3,3,3.0,0.0,3,3,4,4.0,0.0,4,4,0,0,0,0,40,40,76.5081672469,76.5081672469,44,84,60.0,21.9089023002,480.0,0,0,0,0,0,0,0,0,1,75.0,44.0,84.0,40,0,0,0,0,0,0,2,88,2,168,-1,-1,1,20,0.0,0.0,0,0,0.0,0.0,0,0,benign,benign,0
5999,63,1,1,2,6,2,2,2.0,0.0,6,6,6.0,0.0,126984.127,31746.03175,63.0,0.0,63,63,0,0.0,0.0,0,0,0,0.0,0.0,0,0,0,0,0,0,24,20,15873.01587,15873.01587,2,6,3.333333333,2.309401077,5.333333333,0,0,0,1,0,0,0,0,1,5.0,2.0,6.0,24,0,0,0,0,0,0,1,2,1,6,1024,0,0,24,0.0,0.0,0,0,0.0,0.0,0,0,portscan,portscan,1
80,80305,3,5,26,11601,20,0,8.666666667,10.26320288,5840,0,2320.2,2436.833027,144785.5053,99.620198,11472.14286,21990.74653,57713,46,22309,11154.5,15695.64922,22253,56,80233,20058.25,27190.80329,57713,84,0,0,0,0,72,112,37.35757425,62.26262375,0,5840,1291.888889,2110.95076,4456113.111,0,0,0,1,0,0,0,0,1,1453.375,8.666666667,2320.2,72,0,0,0,0,0,0,3,26,5,11601,8192,229,2,20,0.0,0.0,0,0,0.0,0.0,0,0,ddos,ddos,1
53,64927968,2,2,121,335,77,44,60.5,23.3345237792,205,130,167.5,53.033008589,7.0231675816,0.0616067332,21642656.0,37152240.5801841,64542044,48525,64590569,64590569.0,0.0,64590569,64590569,64879443,64879443.0,0.0,64879443,64879443,0,0,0,0,40,40,0.0308033666,0.0308033666,44,205,106.6,63.0499801745,3975.3,0,0,0,0,0,0,0,0,1,133.25,60.5,167.5,40,0,0,0,0,0,0,2,121,2,335,-1,-1,1,20,48525.0,0.0,48525,48525,64542044.0,0.0,64542044,64542044,benign,benign,0
9929,32,1,1,2,6,2,2,2.0,0.0,6,6,6.0,0.0,250000.0,62500.0,32.0,0.0,32,32,0,0.0,0.0,0,0,0,0.0,0.0,0,0,0,0,0,0,24,20,31250.0,31250.0,2,6,3.333333333,2.309401077,5.333333333,0,0,0,1,0,0,0,0,1,5.0,2.0,6.0,24,0,0,0,0,0,0,1,2,1,6,1024,0,0,24,0.0,0.0,0,0,0.0,0.0,0,0,portscan,portscan,1
53,201068,1,1,47,146,47,47,47.0,0.0,146,146,146.0,0.0,959.8742713908,9.9468836414,201068.0,0.0,201068,201068,0,0.0,0.0,0,0,0,0.0,0.0,0,0,0,0,0,0,20,20,4.9734418207,4.9734418207,47,146,80.0,57.1576766498,3267.0,0,0,0,0,0,0,0,0,1,120.0,47.0,146.0,20,0,0,0,0,0,0,1,47,1,146,-1,-1,0,20,0.0,0.0,0,0,0.0,0.0,0,0,benign,benign,0
123,66043095,2,2,96,96,48,48,48.0,0.0,48,48,48.0,0.0,2.9071926444,0.0605665134,22014365.0,38051616.4574043,65952587,44460,65998635,65998635.0,0.0,65998635,65998635,65997047,65997047.0,0.0,65997047,65997047,0,0,0,0,40,40,0.0302832567,0.0302832567,48,48,48.0,0.0,0.0,0,0,0,0,0,0,0,0,1,60.0,48.0,48.0,40,0,0,0,0,0,0,2,96,2,96,-1,-1,1,20,46048.0,0.0,46048,46048,65952587.0,0.0,65952587,65952587,benign,benign,0
80,1790124,2,6,20,11601,20,0,10.0,14.14213562,4380,0,1933.5,1973.024455,6491.729065,4.468964161,255732.0,673808.8815,1783779,36,5941,5941.0,0.0,5941,5941,1790088,358017.6,797028.9095,1783779,52,0,0,0,0,52,132,1.11724104,3.351723121,0,4380,1291.222222,1833.363288,3361220.944,0,0,0,1,0,0,0,0,3,1452.625,10.0,1933.5,52,0,0,0,0,0,0,2,20,6,11601,8192,229,1,20,0.0,0.0,0,0,0.0,0.0,0,0,ddos,ddos,1
443,10114956,5,4,580,164,517,0,116.0,225.1010884025,152,0,41.0,74.0540343263,73.5544474934,0.8897715423,1264369.5,3527528.70507357,9994399,34,10114956,2528739.0,5019522.3337665,10057995,510,96841,32280.3333333333,36127.9371308871,71703,753,0,0,0,0,112,92,0.4943175235,0.3954540188,0,517,74.4,162.5438060613,26420.4888888889,0,0,0,1,0,0,0,0,0,82.6666666667,116.0,41.0,112,0,0,0,0,0,0,5,580,4,164,8192,946,4,20,0.0,0.0,0,0,0.0,0.0,0,0,benign,benign,0
443,4176392,13,11,1295,3950,267,0,99.6153846154,90.7822839376,1448,0,359.0909090909,569.9183195065,1255.8687019801,5.7465870062,181582.260869565,286441.164602344,1203987,1,3568099,297341.583333333,351708.688910803,1203987,279,4081104,408110.4,757855.942183268,2501472,4,0,0,0,0,424,360,3.1127346284,2.6338523778,0,1448,209.8,397.5956907882,158082.333333333,0,0,0,1,0,0,0,0,0,218.5416666667,99.6153846154,359.0909090909,424,0,0,0,0,0,0,13,1295,11,3950,29200,254,8,32,0.0,0.0,0,0,0.0,0.0,0,0,benign,benign,0
10629,42,1,1,2,6,2,2,2.0,0.0,6,6,6.0,0.0,190476.1905,47619.04762,42.0,0.0,42,42,0,0.0,0.0,0,0,0,0.0,0.0,0,0,0,0,0,0,24,20,23809.52381,23809.52381,2,6,3.333333333,2.309401077,5.333333333,0,0,0,1,0,0,0,0,1,5.0,2.0,6.0,24,0,0,0,0,0,0,1,2,1,6,1024,0,0,24,0.0,0.0,0,0,0.0,0.0,0,0,portscan,portscan,1
80,9600766,5,0,30,0,6,6,6.0,0.0,0,0,0.0,0.0,3.124750671,0.520791778,2400191.5,4797044.913,9595758,0,9600766,2400191.5,4797044.913,9595758,0,0,0.0,0.0,0,0,0,0,0,0,100,0,0.520791778,0.0,6,6,6.0,0.0,0.0,0,0,0,0,1,0,0,0,0,7.2,6.0,0.0,100,0,0,0,0,0,0,5,30,0,0,256,-1,4,20,5008.0,0.0,5008,5008,9595758.0,0.0,9595758,9595758,ddos,ddos,1
49737,3,2,0,12,0,6,6,6.0,0.0,0,0,0.0,0.0,4000000.0,666666.666666667,3.0,0.0,3,3,3,3.0,0.0,3,3,0,0.0,0.0,0,0,0,0,0,0,40,0,666666.666666667,0.0,6,6,6.0,0.0,0.0,0,0,0,0,1,0,0,0,0,9.0,6.0,0.0,40,0,0,0,0,0,0,2,12,0,0,165,-1,1,20,0.0,0.0,0,0,0.0,0.0,0,0,benign,benign,0
1107,42,1,1,2,6,2,2,2.0,0.0,6,6,6.0,0.0,190476.1905,47619.04762,42.0,0.0,42,42,0,0.0,0.0,0,0,0,0.0,0.0,0,0,0,0,0,0,24,20,23809.52381,23809.52381,2,6,3.333333333,2.309401077,5.333333333,0,0,0,1,0,0,0,0,1,5.0,2.0,6.0,24,0,0,0,0,0,0,1,2,1,6,1024,0,0,24,0.0,0.0,0,0,0.0,0.0,0,0,portscan,portscan,1
49167,12,1,1,2,6,2,2,2.0,0.0,6,6,6.0,0.0,666666.6667,166666.6667,12.0,0.0,12,12,0,0.0,0.0,0,0,0,0.0,0.0,0,0,0,0,0,0,24,20,83333.33333,83333.33333,2,6,3.333333333,2.309401077,5.333333333,0,0,0,1,0,0,0,0,1,5.0,2.0,6.0,24,0,0,0,0,0,0,1,2,1,6,1024,0,0,24,0.0,0.0,0,0,0.0,0.0,0,0,portscan,portscan,1
80,7602918,4,0,24,0,6,6,6.0,0.0,0,0,0.0,0.0,3.156682737,0.526113789,2534306.0,4387812.219,7600915,3,7602918,2534306.0,4387812.219,7600915,3,0,0.0,0.0,0,0,0,0,0,0,80,0,0.526113789,0.0,6,6,6.0,0.0,0.0,0,0,0,0,1,0,0,0,0,7.5,6.0,0.0,80,0,0,0,0,0,0,4,24,0,0,256,-1,3,20,2003.0,0.0,2003,2003,7600915.0,0.0,7600915,7600915,ddos,ddos,1
443,90066110,3,3,18,0,6,6,6.0,0.0,0,0,0.0,0.0,0.1998531967,0.0666177322,18013222.0,24633706.2717959,45002327,23016,90043094,45021547.0,6185.7701218199,45025921,45017173,90042800,45021400.0,5576.2440764371,45025343,45017457,0,0,0,0,60,96,0.0333088661,0.0333088661,0,6,3.4285714286,3.2071349029,10.2857142857,0,0,0,0,1,0,0,0,1,4.0,6.0,0.0,60,0,0,0,0,0,0,3,18,3,0,254,980,2,20,23452.0,200.818325857,23594,23310,44998095.0,5984.9517959629,45002327,44993863,benign,benign,0
80,9594882,5,0,30,0,6,6,6.0,0.0,0,0,0.0,0.0,3.126666904,0.521111151,2398720.5,4790108.488,9583881,969,9594882,2398720.5,4790108.488,9583881,969,0,0.0,0.0,0,0,0,0,0,0,100,0,0.521111151,0.0,6,6,6.0,0.0,0.0,0,0,0,0,1,0,0,0,0,7.2,6.0,0.0,100,0,0,0,0,0,0,5,30,0,0,256,-1,4,20,11001.0,0.0,11001,11001,9583881.0,0.0,9583881,9583881,ddos,ddos,1
1521,41,1,1,2,6,2,2,2.0,0.0,6,6,6.0,0.0,195121.9512,48780.4878,41.0,0.0,41,41,0,0.0,0.0,0,0,0,0.0,0.0,0,0,0,0,0,0,24,20,24390.2439,24390.2439,2,6,3.333333333,2.309401077,5.333333333,0,0,0,1,0,0,0,0,1,5.0,2.0,6.0,24,0,0,0,0,0,0,1,2,1,6,1024,0,0,24,0.0,0.0,0,0,0.0,0.0,0,0,portscan,portscan,1
443,7523137,6,7,1602,458,1022,0,267.0,421.1204103341,251,2,65.4285714286,98.6945745602,273.8219442235,1.7280025606,626928.083333333,2115020.73154475,7342615,3,180518,36103.6,33619.6299250899,72938,162,7469131,1244855.16666667,2997093.0056466,7362413,3,0,0,0,0,132,144,0.7975396434,0.9304629173,0,1022,147.1428571429,290.8530840193,84595.5164835165,0,0,0,1,0,0,0,0,1,158.4615384615,267.0,65.4285714286,132,0,0,0,0,0,0,6,1602,7,458,8192,17374,5,20,180518.0,0.0,180518,180518,7342615.0,0.0,7342615,7342615,benign,benign,0
50128,1007,3,1,168,6,168,0,56.0,96.9948452239,6,6,6.0,0.0,172790.46673287,3972.1946375372,335.6666666667,312.6760837246,685,82,1007,503.5,372.6452736853,767,240,0,0.0,0.0,0,0,0,0,0,0,96,20,2979.1459781529,993.0486593843,0,168,34.8,74.5063755661,5551.2,0,0,0,0,1,0,0,0,0,43.5,56.0,6.0,96,0,0,0,0,0,0,3,168,1,6,340,0,1,32,0.0,0.0,0,0,0.0,0.0,0,0,benign,benign,0
80,6155854,4,0,24,0,6,6,6.0,0.0,0,0,0.0,0.0,3.898727943,0.64978799,2051951.333,3553225.767,6154863,4,6155854,2051951.333,3553225.767,6154863,4,0,0.0,0.0,0,0,0,0,0,0,80,0,0.64978799,0.0,6,6,6.0,0.0,0.0,0,0,0,0,1,0,0,0,0,7.5,6.0,0.0,80,0,0,0,0,0,0,4,24,0,0,256,-1,3,20,991.0,0.0,991,991,6154863.0,0.0,6154863,6154863,ddos,ddos,1
80,6111822,4,0,24,0,6,6,6.0,0.0,0,0,0.0,0.0,3.926815931,0.654469322,2037274.0,3528004.764,6111063,327,6111822,2037274.0,3528004.764,6111063,327,0,0.0,0.0,0,0,0,0,0,0,80,0,0.654469322,0.0,6,6,6.0,0.0,0.0,0,0,0,0,1,0,0,0,0,7.5,6.0,0.0,80,0,0,0,0,0,0,4,24,0,0,256,-1,3,20,759.0,0.0,759,759,6111063.0,0.0,6111063,6111063,ddos,ddos,1
2038,42,1,1,2,6,2,2,2.0,0.0,6,6,6.0,0.0,190476.1905,47619.04762,42.0,0.0,42,42,0,0.0,0.0,0,0,0,0.0,0.0,0,0,0,0,0,0,24,20,23809.52381,23809.52381,2,6,3.333333333,2.309401077,5.333333333,0,0,0,1,0,0,0,0,1,5.0,2.0,6.0,24,0,0,0,0,0,0,1,2,1,6,1024,0,0,24,0.0,0.0,0,0,0.0,0.0,0,0,portscan,portscan,1
49157,48,1,1,2,6,2,2,2.0,0.0,6,6,6.0,0.0,166666.6667,41666.66667,48.0,0.0,48,48,0,0.0,0.0,0,0,0,0.0,0.0,0,0,0,0,0,0,24,20,20833.33333,20833.33333,2,6,3.333333333,2.309401077,5.333333333,0,0,0,1,0,0,0,0,1,5.0,2.0,6.0,24,0,0,0,0,0,0,1,2,1,6,1024,0,0,24,0.0,0.0,0,0,0.0,0.0,0,0,portscan,portscan,1
5566,74,1,1,2,6,2,2,2.0,0.0,6,6,6.0,0.0,108108.1081,27027.02703,74.0,0.0,74,74,0,0.0,0.0,0,0,0,0.0,0.0,0,0,0,0,0,0,24,20,13513.51351,13513.51351,2,6,3.333333333,2.309401077,5.333333333,0,0,0,1,0,0,0,0,1,5.0,2.0,6.0,24,0,0,0,0,0,0,1,2,1,6,1024,0,0,24,0.0,0.0,0,0,0.0,0.0,0,0,portscan,portscan,1
6007,43,1,1,2,6,2,2,2.0,0.0,6,6,6.0,0.0,186046.5116,46511.62791,43.0,0.0,43,43,0,0.0,0.0,0,0,0,0.0,0.0,0,0,0,0,0,0,24,20,23255.81395,23255.81395,2,6,3.333333333,2.309401077,5.333333333,0,0,0,1,0,0,0,0,1,5.0,2.0,6.0,24,0,0,0,0,0,0,1,2,1,6,1024,0,0,24,0.0,0.0,0,0,0.0,0.0,0,0,portscan,portscan,1
443,20150749,7,9,825,4300,450,0,117.8571428571,168.2957996816,1460,0,477.7777777778,617.601768492,254.3329778958,0.7940151505,1343383.26666667,5161232.62213151,20000037,1,150711,25118.5,21944.3406895719,47424,73,20107035,2513379.375,7065728.54030233,20000096,1,0,0,0,0,152,188,0.3473816283,0.4466335222,0,1460,301.4705882353,489.1341990762,239252.264705882,0,0,0,1,0,0,0,0,1,320.3125,117.8571428571,477.7777777778,152,0,0,0,0,0,0,7,825,9,4300,8192,35,6,20,150711.0,0.0,150711,150711,20000037.0,0.0,20000037,20000037,benign,benign,0
10012,42,1,1,2,6,2,2,2.0,0.0,6,6,6.0,0.0,190476.1905,47619.04762,42.0,0.0,42,42,0,0.0,0.0,0,0,0,0.0,0.0,0,0,0,0,0,0,24,20,23809.52381,23809.52381,2,6,3.333333333,2.309401077,5.333333333,0,0,0,1,0,0,0,0,1,5.0,2.0,6.0,24,0,0,0,0,0,0,1,2,1,6,1024,0,0,24,0.0,0.0,0,0,0.0,0.0,0,0,portscan,portscan,1
80,22587374,4,0,24,0,6,6,6.0,0.0,0,0,0.0,0.0,1.062540515,0.177090086,7529124.667,13000000.0,22600000,3,22600000,7529124.667,13000000.0,22600000,3,0,0.0,0.0,0,0,0,0,0,0,80,0,0.177090086,0.0,6,6,6.0,0.0,0.0,0,0,0,0,1,0,0,0,0,7.5,6.0,0.0,80,0,0,0,0,0,0,4,24,0,0,256,-1,3,20,1001.0,0.0,1001,1001,22600000.0,0.0,22600000,22600000,ddos,ddos,1
137,20,13,0,650,0,50,50,50.0,0.0,0,0,0.0,0.0,32500000.0,650000.0,1.6666666667,1.7232808737,7,1,20,1.6666666667,1.7232808737,7,1,0,0.0,0.0,0,0,0,0,0,0,260,0,650000.0,0.0,50,50,50.0,0.0,0.0,0,0,0,0,0,0,0,0,0,53.8461538462,50.0,0.0,260,0,0,0,0,0,0,13,650,0,0,-1,-1,12,20,0.0,0.0,0,0,0.0,0.0,0,0,benign,benign,0
80,18686,3,6,26,11607,20,0,8.666666667,10.26320288,5840,0,1934.5,2538.919278,622551.6429,481.6440116,2335.75,6178.563443,17613,3,961,480.5,458.912301,805,156,18669,3733.8,7770.136981,17613,3,0,0,0,0,72,132,160.5480039,321.0960077,0,5840,1163.3,2138.329153,4572451.567,0,0,0,1,0,0,0,0,2,1292.555556,8.666666667,1934.5,72,0,0,0,0,0,0,3,26,6,11607,8192,229,2,20,0.0,0.0,0,0,0.0,0.0,0,0,ddos,ddos,1
80,5032927,5,0,30,0,6,6,6.0,0.0,0,0,0.0,0.0,5.960746103,0.993457684,1258231.75,2512459.766,5026920,1,5032927,1258231.75,2512459.766,5026920,1,0,0.0,0.0,0,0,0,0,0,0,100,0,0.993457684,0.0,6,6,6.0,0.0,0.0,0,0,0,0,1,0,0,0,0,7.2,6.0,0.0,100,0,0,0,0,0,0,5,30,0,0,256,-1,4,20,6007.0,0.0,6007,6007,5026920.0,0.0,5026920,5026920,ddos,ddos,1
80,665604,3,5,26,11607,20,0,8.666666667,10.26320288,10135,0,2321.4,4413.201989,17477.35891,12.01915854,95086.28571,251098.1037,664523,5,815,407.5,480.1255044,747,68,665559,166389.75,332089.0269,664523,5,0,0,0,0,72,112,4.507184452,7.511974087,0,10135,1292.555556,3350.634907,11200000.0,0,0,0,1,0,0,0,0,1,1454.125,8.666666667,2321.4,72,0,0,0,0,0,0,3,26,5,11607,8192,229,2,20,0.0,0.0,0,0,0.0,0.0,0,0,ddos,ddos,1
80,801648,2,5,20,11601,20,0,10.0,14.14213562,5840,0,2320.2,2634.749552,14496.38744,8.732012055,133608.0,310766.3591,767356,47,34006,34006.0,0.0,34006,34006,801553,200388.25,378319.1661,767356,47,0,0,0,0,52,112,2.494860587,6.237151468,0,5840,1452.625,2323.903916,5400529.411,0,0,0,1,0,0,0,0,2,1660.142857,10.0,2320.2,52,0,0,0,0,0,0,2,20,5,11601,8192,229,1,20,0.0,0.0,0,0,0.0,0.0,0,0,ddos,ddos,1
53,36357,1,1,45,61,45,45,45.0,0.0,61,61,61.0,0.0,2915.5320846054,55.0100393322,36357.0,0.0,36357,36357,0,0.0,0.0,0,0,0,0.0,0.0,0,0,0,0,0,0,20,20,27.5050196661,27.5050196661,45,61,50.3333333333,9.237604307,85.3333333333,0,0,0,0,0,0,0,0,1,75.5,45.0,61.0,20,0,0,0,0,0,0,1,45,1,61,-1,-1,0,20,0.0,0.0,0,0,0.0,0.0,0,0,benign,benign,0
53,176,2,2,84,204,42,42,42.0,0.0,102,102,102.0,0.0,1636363.63636364,22727.2727272727,58.6666666667,96.4174949547,170,3,3,3.0,0.0,3,3,3,3.0,0.0,3,3,0,0,0,0,40,40,11363.6363636364,11363.6363636364,42,102,66.0,32.8633534503,1080.0,0,0,0,0,0,0,0,0,1,82.5,42.0,102.0,40,0,0,0,0,0,0,2,84,2,204,-1,-1,1,20,0.0,0.0,0,0,0.0,0.0,0,0,benign,benign,0
56637,5,3,0,247,0,216,0,82.3333333333,116.7918376143,0,0,0.0,0.0,49400000.0,600000.0,2.5,2.1213203436,4,1,5,2.5,2.1213203436,4,1,0,0.0,0.0,0,0,0,0,0,0,96,0,600000.0,0.0,0,216,61.75,103.8665008557,10788.25,0,0,0,0,1,0,0,0,0,82.3333333333,82.3333333333,0.0,96,0,0,0,0,0,0,3,247,0,0,118,-1,2,32,0.0,0.0,0,0,0.0,0.0,0,0,benign,benign,0
53,80788,1,1,48,155,48,48,48.0,0.0,155,155,155.0,0.0,2512.7494182304,24.7561519037,80788.0,0.0,80788,80788,0,0.0,0.0,0,0,0,0.0,0.0,0,0,0,0,0,0,20,32,12.3780759519,12.3780759519,48,155,83.6666666667,61.7764788033,3816.3333333333,0,0,0,0,0,0,0,0,1,125.5,48.0,155.0,20,0,0,0,0,0,0,1,48,1,155,-1,-1,0,20,0.0,0.0,0,0,0.0,0.0,0,0,benign,benign,0
34573,44,1,1,2,6,2,2,2.0,0.0,6,6,6.0,0.0,181818.1818,45454.54545,44.0,0.0,44,44,0,0.0,0.0,0,0,0,0.0,0.0,0,0,0,0,0,0,24,20,22727.27273,22727.27273,2,6,3.333333333,2.309401077,5.333333333,0,0,0,1,0,0,0,0,1,5.0,2.0,6.0,24,0,0,0,0,0,0,1,2,1,6,1024,0,0,24,0.0,0.0,0,0,0.0,0.0,0,0,portscan,portscan,1
443,8139,2,0,12,0,6,6,6.0,0.0,0,0,0.0,0.0,1474.3826022853,245.7304337142,8139.0,0.0,8139,8139,8139,8139.0,0.0,8139,8139,0,0.0,0.0,0,0,0,0,0,0,40,0,245.7304337142,0.0,6,6,6.0,0.0,0.0,0,0,0,0,1,0,0,0,0,9.0,6.0,0.0,40,0,0,0,0,0,0,2,12,0,0,254,-1,1,20,0.0,0.0,0,0,0.0,0.0,0,0,benign,benign,0
123,68092858,2,2,96,96,48,48,48.0,0.0,48,48,48.0,0.0,2.8196789743,0.058743312,22697619.3333333,39153036.7957787,67907652,92401,68000053,68000053.0,0.0,68000053,68000053,68000457,68000457.0,0.0,68000457,68000457,0,0,0,0,52,40,0.029371656,0.029371656,48,48,48.0,0.0,0.0,0,0,0,0,0,0,0,0,1,60.0,48.0,48.0,52,0,0,0,0,0,0,2,96,2,96,-1,-1,1,20,92401.0,0.0,92401,92401,67907652.0,0.0,67907652,67907652,benign,benign,0
3920,15,1,1,2,6,2,2,2.0,0.0,6,6,6.0,0.0,533333.3333,133333.3333,15.0,0.0,15,15,0,0.0,0.0,0,0,0,0.0,0.0,0,0,0,0,0,0,24,20,66666.66667,66666.66667,2,6,3.333333333,2.309401077,5.333333333,0,0,0,1,0,0,0,0,1,5.0,2.0,6.0,24,0,0,0,0,0,0,1,2,1,6,1024,0,0,24,0.0,0.0,0,0,0.0,0.0,0,0,portscan,portscan,1
53,24133,1,1,61,156,61,61,61.0,0.0,156,156,156.0,0.0,8991.8369038246,82.8740728463,24133.0,0.0,24133,24133,0,0.0,0.0,0,0,0,0.0,0.0,0,0,0,0,0,0,32,32,41.4370364232,41.4370364232,61,156,92.6666666667,54.848275573,3008.3333333333,0,0,0,0,0,0,0,0,1,139.0,61.0,156.0,32,0,0,0,0,0,0,1,61,1,156,-1,-1,0,32,0.0,0.0,0,0,0.0,0.0,0,0,benign,benign,0
53,668899,1,1,45,105,45,45,45.0,0.0,105,105,105.0,0.0,224.2491018823,2.9899880251,668899.0,0.0,668899,668899,0,0.0,0.0,0,0,0,0.0,0.0,0,0,0,0,0,0,20,20,1.4949940125,1.4949940125,45,105,65.0,34.6410161514,1200.0,0,0,0,0,0,0,0,0,1,97.5,45.0,105.0,20,0,0,0,0,0,0,1,45,1,105,-1,-1,0,20,0.0,0.0,0,0,0.0,0.0,0,0,benign,benign,0
62352,2,3,0,18,0,6,6,6.0,0.0,0,0,0.0,0.0,9000000.0,1500000.0,1.0,0.0,1,1,2,1.0,0.0,1,1,0,0.0,0.0,0,0,0,0,0,0,60,0,1500000.0,0.0,6,6,6.0,0.0,0.0,0,0,0,0,1,0,0,0,0,8.0,6.0,0.0,60,0,0,0,0,0,0,3,18,0,0,13908,-1,2,20,0.0,0.0,0,0,0.0,0.0,0,0,benign,benign,0
35283,3,2,0,0,0,0,0,0.0,0.0,0,0,0.0,0.0,0.0,666666.666666667,3.0,0.0,3,3,3,3.0,0.0,3,3,0,0.0,0.0,0,0,0,0,0,0,64,0,666666.666666667,0.0,0,0,0.0,0.0,0.0,0,0,0,0,1,0,0,0,0,0.0,0.0,0.0,64,0,0,0,0,0,0,2,0,0,0,340,-1,0,32,0.0,0.0,0,0,0.0,0.0,0,0,benign,benign,0
1011,63,1,1,2,6,2,2,2.0,0.0,6,6,6.0,0.0,126984.127,31746.03175,63.0,0.0,63,63,0,0.0,0.0,0,0,0,0.0,0.0,0,0,0,0,0,0,24,20,15873.01587,15873.01587,2,6,3.333333333,2.309401077,5.333333333,0,0,0,1,0,0,0,0,1,5.0,2.0,6.0,24,0,0,0,0,0,0,1,2,1,6,1024,0,0,24,0.0,0.0,0,0,0.0,0.0,0,0,portscan,portscan,1
53,685,1,1,44,300,44,44,44.0,0.0,300,300,300.0,0.0,502189.781021898,2919.7080291971,685.0,0.0,685,685,0,0.0,0.0,0,0,0,0.0,0.0,0,0,0,0,0,0,32,32,1459.8540145985,1459.8540145985,44,300,129.3333333333,147.8016689125,21845.3333333333,0,0,0,0,0,0,0,0,1,194.0,44.0,300.0,32,0,0,0,0,0,0,1,44,1,300,-1,-1,0,32,0.0,0.0,0,0,0.0,0.0,0,0,benign,benign,0
53,48123,1,1,47,125,47,47,47.0,0.0,125,125,125.0,0.0,3574.1745111485,41.5601687343,48123.0,0.0,48123,48123,0,0.0,0.0,0,0,0,0.0,0.0,0,0,0,0,0,0,32,20,20.7800843671,20.7800843671,47,125,73.0,45.0333209968,2028.0,0,0,0,0,0,0,0,0,1,109.5,47.0,125.0,32,0,0,0,0,0,0,1,47,1,125,-1,-1,0,32,0.0,0.0,0,0,0.0,0.0,0,0,benign,benign,0
53,23648,1,1,51,67,51,51,51.0,0.0,67,67,67.0,0.0,4989.851150203,84.5737483085,23648.0,0.0,23648,23648,0,0.0,0.0,0,0,0,0.0,0.0,0,0,0,0,0,0,32,32,42.2868741543,42.2868741543,51,67,56.3333333333,9.237604307,85.3333333333,0,0,0,0,0,0,0,0,1,84.5,51.0,67.0,32,0,0,0,0,0,0,1,51,1,67,-1,-1,0,32,0.0,0.0,0,0,0.0,0.0,0,0,benign,benign,0
16018,51,1,1,2,6,2,2,2.0,0.0,6,6,6.0,0.0,156862.7451,39215.68627,51.0,0.0,51,51,0,0.0,0.0,0,0,0,0.0,0.0,0,0,0,0,0,0,24,20,19607.84314,19607.84314,2,6,3.333333333,2.309401077,5.333333333,0,0,0,1,0,0,0,0,1,5.0,2.0,6.0,24,0,0,0,0,0,0,1,2,1,6,1024,0,0,24,0.0,0.0,0,0,0.0,0.0,0,0,portscan,portscan,1
1031,55,1,1,2,6,2,2,2.0,0.0,6,6,6.0,0.0,145454.5455,36363.63636,55.0,0.0,55,55,0,0.0,0.0,0,0,0,0.0,0.0,0,0,0,0,0,0,24,20,18181.81818,18181.81818,2,6,3.333333333,2.309401077,5.333333333,0,0,0,1,0,0,0,0,1,5.0,2.0,6.0,24,0,0,0,0,0,0,1,2,1,6,1024,0,0,24,0.0,0.0,0,0,0.0,0.0,0,0,portscan,portscan,1
3517,69,1,1,2,6,2,2,2.0,0.0,6,6,6.0,0.0,115942.029,28985.50725,69.0,0.0,69,69,0,0.0,0.0,0,0,0,0.0,0.0,0,0,0,0,0,0,24,20,14492.75362,14492.75362,2,6,3.333333333,2.309401077,5.333333333,0,0,0,1,0,0,0,0,1,5.0,2.0,6.0,24,0,0,0,0,0,0,1,2,1,6,1024,0,0,24,0.0,0.0,0,0,0.0,0.0,0,0,portscan,portscan,1
1658,39,1,1,2,6,2,2,2.0,0.0,6,6,6.0,0.0,205128.2051,51282.05128,39.0,0.0,39,39,0,0.0,0.0,0,0,0,0.0,0.0,0,0,0,0,0,0,24,20,25641.02564,25641.02564,2,6,3.333333333,2.309401077,5.333333333,0,0,0,1,0,0,0,0,1,5.0,2.0,6.0,24,0,0,0,0,0,0,1,2,1,6,1024,0,0,24,0.0,0.0,0,0,0.0,0.0,0,0,portscan,portscan,1
64680,42,1,1,2,6,2,2,2.0,0.0,6,6,6.0,0.0,190476.1905,47619.04762,42.0,0.0,42,42,0,0.0,0.0,0,0,0,0.0,0.0,0,0,0,0,0,0,24,20,23809.52381,23809.52381,2,6,3.333333333,2.309401077,5.333333333,0,0,0,1,0,0,0,0,1,5.0,2.0,6.0,24,0,0,0,0,0,0,1,2,1,6,1024,0,0,24,0.0,0.0,0,0,0.0,0.0,0,0,portscan,portscan,1
2022,39,1,1,2,6,2,2,2.0,0.0,6,6,6.0,0.0,205128.2051,51282.05128,39.0,0.0,39,39,0,0.0,0.0,0,0,0,0.0,0.0,0,0,0,0,0,0,24,20,25641.02564,25641.02564,2,6,3.333333333,2.309401077,5.333333333,0,0,0,1,0,0,0,0,1,5.0,2.0,6.0,24,0,0,0,0,0,0,1,2,1,6,1024,0,0,24,0.0,0.0,0,0,0.0,0.0,0,0,portscan,portscan,1
1104,42,1,1,2,6,2,2,2.0,0.0,6,6,6.0,0.0,190476.1905,47619.04762,42.0,0.0,42,42,0,0.0,0.0,0,0,0,0.0,0.0,0,0,0,0,0,0,24,20,23809.52381,23809.52381,2,6,3.333333333,2.309401077,5.333333333,0,0,0,1,0,0,0,0,1,5.0,2.0,6.0,24,0,0,0,0,0,0,1,2,1,6,1024,0,0,24,0.0,0.0,0,0,0.0,0.0,0,0,portscan,portscan,1
80,807150,3,5,26,11601,20,0,8.666666667,10.26320288,5755,0,2320.2,2411.235202,14405.00527,9.911416713,115307.1429,295678.8813,785614,1,21004,10502.0,14850.65662,21003,1,807044,201761.0,389361.5396,785614,75,0,0,0,0,72,112,3.716781267,6.194635446,0,5755,1291.888889,2096.202068,4394063.111,0,0,0,1,0,0,0,0,1,1453.375,8.666666667,2320.2,72,0,0,0,0,0,0,3,26,5,11601,8192,229,2,20,0.0,0.0,0,0,0.0,0.0,0,0,ddos,ddos,1
80,3073929,4,0,24,0,6,6,6.0,0.0,0,0,0.0,0.0,7.807597378,1.30126623,1024643.0,1773884.231,3072948,4,3073929,1024643.0,1773884.231,3072948,4,0,0.0,0.0,0,0,0,0,0,0,80,0,1.30126623,0.0,6,6,6.0,0.0,0.0,0,0,0,0,1,0,0,0,0,7.5,6.0,0.0,80,0,0,0,0,0,0,4,24,0,0,256,-1,3,20,0.0,0.0,0,0,0.0,0.0,0,0,ddos,ddos,1
53,30872,1,1,40,88,40,40,40.0,0.0,88,88,88.0,0.0,4146.1518528116,64.7836227002,30872.0,0.0,30872,30872,0,0.0,0.0,0,0,0,0.0,0.0,0,0,0,0,0,0,20,20,32.3918113501,32.3918113501,40,88,56.0,27.7128129211,768.0,0,0,0,0,0,0,0,0,1,84.0,40.0,88.0,20,0,0,0,0,0,0,1,40,1,88,-1,-1,0,20,0.0,0.0,0,0,0.0,0.0,0,0,benign,benign,0
443,67436710,31,42,2137,46503,437,0,68.935483871,135.0068974741,2920,0,1107.2142857143,994.1540965041,721.2688756613,1.0824964622,936620.972222222,2787914.00848053,10009249,3,63612443,2120414.76666667,4109312.99909932,10234410,18,67210343,1639276.65853659,3647446.4708782,10235707,4,0,0,0,0,632,924,0.4596902785,0.6228061838,0,2920,657.2972972973,912.1253478166,831972.650129582,0,0,0,1,0,0,0,0,1,666.301369863,68.935483871,1107.2142857143,632,0,0,0,0,0,0,31,2137,42,46503,8192,165,30,20,594111.666666667,902564.346382831,2436463,225105,10007962.1666667,2007.8507331639,10009249,10004054,benign,benign,0
80,871275,3,5,26,11607,20,0,8.666666667,10.26320288,7215,0,2321.4,3327.769794,13351.69723,9.181945999,124467.8571,328762.5656,870031,4,1003,501.5,508.4097757,861,142,871242,217810.5,434813.9093,870031,4,0,0,0,0,72,112,3.44322975,5.738716249,0,7215,1292.555556,2650.585648,7025604.278,0,0,0,1,0,0,0,0,1,1454.125,8.666666667,2321.4,72,0,0,0,0,0,0,3,26,5,11607,8192,229,2,20,0.0,0.0,0,0,0.0,0.0,0,0,ddos,ddos,1
80,67260,3,5,26,11601,20,0,8.666666667,10.26320288,4380,0,2320.2,2207.341206,172866.4883,118.9414213,9608.571429,22103.10119,59411,75,7049,3524.5,4874.087043,6971,78,67183,16795.75,28584.85304,59411,162,0,0,0,0,72,112,44.60303301,74.33838834,0,4380,1291.888889,1980.710254,3923213.111,0,0,0,1,0,0,0,0,1,1453.375,8.666666667,2320.2,72,0,0,0,0,0,0,3,26,5,11601,8192,229,2,20,0.0,0.0,0,0,0.0,0.0,0,0,ddos,ddos,1
443,10969219,7,7,601,3924,342,0,85.8571428571,141.8525391283,1460,0,560.5714285714,696.4318241682,412.5179741602,1.2762987046,843786.076923077,2970698.89208725,10730379,20,10969219,1828203.16666667,4361335.42727754,10730379,785,144429,24071.5,35878.3678990558,70464,46,0,0,0,0,152,148,0.6381493523,0.6381493523,0,1460,301.6666666667,528.9529639724,279791.238095238,0,0,0,1,0,0,0,0,1,323.2142857143,85.8571428571,560.5714285714,152,0,0,0,0,0,0,7,601,7,3924,8192,4957,6,20,0.0,0.0,0,0,0.0,0.0,0,0,benign,benign,0
443,14079775,4,2,6,6,6,0,1.5,3.0,6,0,3.0,4.2426406871,0.8522863469,0.4261431735,2815955.0,2772821.35106411,5999936,136,9036432,3012144.0,2978912.06509759,5999936,42192,5043479,5043479.0,0.0,5043479,5043479,0,0,0,0,112,48,0.284095449,0.1420477245,0,6,1.7142857143,2.9277002188,8.5714285714,0,0,0,1,0,0,0,0,0,2.0,1.5,3.0,112,0,0,0,0,0,0,4,6,2,6,8192,29200,1,20,2994304.0,0.0,2994304,2994304,5999936.0,0.0,5999936,5999936,benign,benign,0
8300,11,1,1,2,6,2,2,2.0,0.0,6,6,6.0,0.0,727272.7273,181818.1818,11.0,0.0,11,11,0,0.0,0.0,0,0,0,0.0,0.0,0,0,0,0,0,0,24,20,90909.09091,90909.09091,2,6,3.333333333,2.309401077,5.333333333,0,0,0,1,0,0,0,0,1,5.0,2.0,6.0,24,0,0,0,0,0,0,1,2,1,6,1024,0,0,24,0.0,0.0,0,0,0.0,0.0,0,0,portscan,portscan,1
443,5766822,9,8,917,4169,564,0,101.8888888889,186.9254159046,1505,2,521.125,637.8708865101,881.9415615741,2.9478974728,360426.375,1250441.78937621,5043516,5,5766822,720852.75,1752978.45285892,5053842,10975,5704982,814997.428571428,1867280.41291079,5043521,214,0,0,0,0,192,164,1.5606516033,1.3872458696,0,1505,282.5555555556,482.4330763978,232741.673202614,0,0,0,1,0,0,0,0,0,299.1764705882,101.8888888889,521.125,192,0,0,0,0,0,0,9,917,8,4169,8192,31020,8,20,712980.0,0.0,712980,712980,5043516.0,0.0,5043516,5043516,benign,benign,0
6106,43,1,1,2,6,2,2,2.0,0.0,6,6,6.0,0.0,186046.5116,46511.62791,43.0,0.0,43,43,0,0.0,0.0,0,0,0,0.0,0.0,0,0,0,0,0,0,24,20,23255.81395,23255.81395,2,6,3.333333333,2.309401077,5.333333333,0,0,0,1,0,0,0,0,1,5.0,2.0,6.0,24,0,0,0,0,0,0,1,2,1,6,1024,0,0,24,0.0,0.0,0,0,0.0,0.0,0,0,portscan,portscan,1
53,30677,1,1,69,85,69,69,69.0,0.0,85,85,85.0,0.0,5020.047592659,65.1954232813,30677.0,0.0,30677,30677,0,0.0,0.0,0,0,0,0.0,0.0,0,0,0,0,0,0,32,32,32.5977116406,32.5977116406,69,85,74.3333333333,9.237604307,85.3333333333,0,0,0,0,0,0,0,0,1,111.5,69.0,85.0,32,0,0,0,0,0,0,1,69,1,85,-1,-1,0,32,0.0,0.0,0,0,0.0,0.0,0,0,benign,benign,0
9877,67,1,1,2,6,2,2,2.0,0.0,6,6,6.0,0.0,119402.9851,29850.74627,67.0,0.0,67,67,0,0.0,0.0,0,0,0,0.0,0.0,0,0,0,0,0,0,24,20,14925.37313,14925.37313,2,6,3.333333333,2.309401077,5.333333333,0,0,0,1,0,0,0,0,1,5.0,2.0,6.0,24,0,0,0,0,0,0,1,2,1,6,1024,0,0,24,0.0,0.0,0,0,0.0,0.0,0,0,portscan,portscan,1
443,12315210,173,300,10130,323611,725,0,58.5549132948,151.9634810844,2976,0,1078.7033333333,833.543583147,27099.9032903215,38.4077900417,26091.5466101695,271413.730183178,5737705,0,12315210,71600.0581395349,447807.358358972,5737705,3,6143389,20546.4515050167,97970.8333749799,990766,0,0,0,0,0,3472,6008,14.0476695079,24.3601205339,0,2976,704.0949367089,830.7053127008,690071.316549361,0,0,0,1,0,0,0,0,1,705.5835095137,58.5549132948,1078.7033333333,3472,0,0,0,0,0,0,173,10130,300,323611,8192,13551,172,20,6577502.0,0.0,6577502,6577502,5737705.0,0.0,5737705,5737705,benign,benign,0
80,896589,3,6,26,11607,20,0,8.666666667,10.26320288,5840,0,1934.5,2538.919278,12974.72978,10.03804419,112073.625,316474.9556,895309,48,929,464.5,432.0422433,770,159,896512,179302.4,400260.0177,895309,48,0,0,0,0,72,132,3.346014729,6.692029458,0,5840,1163.3,2138.329153,4572451.567,0,0,0,1,0,0,0,0,2,1292.555556,8.666666667,1934.5,72,0,0,0,0,0,0,3,26,6,11607,8192,229,2,20,0.0,0.0,0,0,0.0,0.0,0,0,ddos,ddos,1
53,521606,1,1,56,56,56,56,56.0,0.0,56,56,56.0,0.0,214.721456425,3.8343117219,521606.0,0.0,521606,521606,0,0.0,0.0,0,0,0,0.0,0.0,0,0,0,0,0,0,20,32,1.9171558609,1.9171558609,56,56,56.0,0.0,0.0,0,0,0,0,0,0,0,0,1,84.0,56.0,56.0,20,0,0,0,0,0,0,1,56,1,56,-1,-1,0,20,0.0,0.0,0,0,0.0,0.0,0,0,benign,benign,0
80,60115,3,6,26,11601,20,0,8.666666667,10.26320288,4380,0,1933.5,1757.789948,193412.6258,149.71305,7514.375,15372.54014,43067,48,16090,8045.0,11107.23332,15899,191,60043,12008.6,18663.32348,43067,48,0,0,0,0,72,132,49.90435,99.80869999,0,4380,1162.7,1645.241762,2706820.456,0,0,0,1,0,0,0,0,2,1291.888889,8.666666667,1933.5,72,0,0,0,0,0,0,3,26,6,11601,8192,229,2,20,0.0,0.0,0,0,0.0,0.0,0,0,ddos,ddos,1
80,4072829,4,0,24,0,6,6,6.0,0.0,0,0,0.0,0.0,5.892709957,0.982118326,1357609.667,2350661.746,4071920,1,4072829,1357609.667,2350661.746,4071920,1,0,0.0,0.0,0,0,0,0,0,0,80,0,0.982118326,0.0,6,6,6.0,0.0,0.0,0,0,0,0,1,0,0,0,0,7.5,6.0,0.0,80,0,0,0,0,0,0,4,24,0,0,256,-1,3,20,0.0,0.0,0,0,0.0,0.0,0,0,ddos,ddos,1
80,1305431,3,4,26,11601,20,0,8.666666667,10.26320288,8760,0,2900.25,4128.319301,8906.636965,5.362213706,217571.8333,526676.534,1292603,11,12029,6014.5,8490.231122,12018,11,1305369,435123.0,742625.2948,1292603,189,0,0,0,0,72,92,2.298091588,3.064122118,0,8760,1453.375,3113.952607,9696700.839,0,0,0,1,0,0,0,0,1,1661.0,8.666666667,2900.25,72,0,0,0,0,0,0,3,26,4,11601,8192,229,2,20,0.0,0.0,0,0,0.0,0.0,0,0,ddos,ddos,1
125,91,1,1,2,6,2,2,2.0,0.0,6,6,6.0,0.0,87912.08791,21978.02198,91.0,0.0,91,91,0,0.0,0.0,0,0,0,0.0,0.0,0,0,0,0,0,0,24,20,10989.01099,10989.01099,2,6,3.333333333,2.309401077,5.333333333,0,0,0,1,0,0,0,0,1,5.0,2.0,6.0,24,0,0,0,0,0,0,1,2,1,6,1024,0,0,24,0.0,0.0,0,0,0.0,0.0,0,0,portscan,portscan,1
123,67093407,2,2,96,96,48,48,48.0,0.0,48,48,48.0,0.0,2.8616820726,0.0596183765,22364469.0,38574664.6161266,66906655,93324,66999979,66999979.0,0.0,66999979,66999979,67000083,67000083.0,0.0,67000083,67000083,0,0,0,0,40,40,0.0298091883,0.0298091883,48,48,48.0,0.0,0.0,0,0,0,0,0,0,0,0,1,60.0,48.0,48.0,40,0,0,0,0,0,0,2,96,2,96,-1,-1,1,20,93324.0,0.0,93324,93324,66906655.0,0.0,66906655,66906655,benign,benign,0
443,12318572,84,137,6705,179160,645,0,79.8214285714,166.0867940257,4414,0,1307.7372262774,981.9117103451,15088.1936640059,17.9403911427,55993.5090909091,400291.255286515,5594024,0,12318572,148416.530120482,649452.392044108,5594024,18,6318049,46456.2426470588,208216.134221488,1950380,0,0,0,0,0,1692,2748,6.8189721991,11.1214189437,0,4414,837.2297297297,980.8845469762,962134.494496759,0,0,0,1,0,0,0,0,1,841.0180995475,79.8214285714,1307.7372262774,1692,0,0,0,0,0,0,84,6705,137,179160,8192,10630,83,20,6724500.0,0.0,6724500,6724500,5594024.0,0.0,5594024,5594024,benign,benign,0
80,5805027,3,1,0,0,0,0,0.0,0.0,0,0,0.0,0.0,0.0,0.6890579493,1935009.0,3317358.51817858,5765497,47,5805027,2902513.5,4048870.09455039,5765497,39530,0,0.0,0.0,0,0,0,0,0,0,104,40,0.5167934619,0.1722644873,0,0,0.0,0.0,0.0,0,0,0,1,0,0,0,0,0,0.0,0.0,0.0,104,0,0,0,0,0,0,3,0,1,0,29200,28960,0,32,0.0,0.0,0,0,0.0,0.0,0,0,benign,benign,0
1141,44,1,1,2,6,2,2,2.0,0.0,6,6,6.0,0.0,181818.1818,45454.54545,44.0,0.0,44,44,0,0.0,0.0,0,0,0,0.0,0.0,0,0,0,0,0,0,24,20,22727.27273,22727.27273,2,6,3.333333333,2.309401077,5.333333333,0,0,0,1,0,0,0,0,1,5.0,2.0,6.0,24,0,0,0,0,0,0,1,2,1,6,1024,0,0,24,0.0,0.0,0,0,0.0,0.0,0,0,portscan,portscan,1
80,7567847,5,0,30,0,6,6,6.0,0.0,0,0,0.0,0.0,3.964139338,0.66068989,1891961.75,3783920.833,7567843,1,7567847,1891961.75,3783920.833,7567843,1,0,0.0,0.0,0,0,0,0,0,0,100,0,0.66068989,0.0,6,6,6.0,0.0,0.0,0,0,0,0,1,0,0,0,0,7.2,6.0,0.0,100,0,0,0,0,0,0,5,30,0,0,256,-1,4,20,4.0,0.0,4,4,7567843.0,0.0,7567843,7567843,ddos,ddos,1
1720,90,1,1,2,6,2,2,2.0,0.0,6,6,6.0,0.0,88888.88889,22222.22222,90.0,0.0,90,90,0,0.0,0.0,0,0,0,0.0,0.0,0,0,0,0,0,0,24,20,11111.11111,11111.11111,2,6,3.333333333,2.309401077,5.333333333,0,0,0,1,0,0,0,0,1,5.0,2.0,6.0,24,0,0,0,0,0,0,1,2,1,6,1024,0,0,24,0.0,0.0,0,0,0.0,0.0,0,0,portscan,portscan,1
80,40644413,14,15,2198,8876,430,0,157.0,211.1692722402,1769,0,591.7333333333,775.8138092781,272.4605716412,0.7135051993,1451586.17857143,3123852.74089463,10003109,4,35088197,2699092.07692308,4063344.00476368,10030479,185,40605766,2900411.85714286,3995263.49091604,10042133,4,0,0,0,0,292,336,0.3444507859,0.3690544135,0,1769,369.1333333333,602.1699114858,362608.602298851,0,0,0,1,0,0,0,0,1,381.8620689655,157.0,591.7333333333,292,0,0,0,0,0,0,14,2198,15,8876,8192,1080,13,20,410121.0,666348.301409506,1406273,38923,8361928.25,1958378.93627517,10003109,6091115,benign,benign,0
443,11051833,7,7,1636,2933,1061,0,233.7142857143,388.729003414,1451,0,419.0,630.9685676271,413.415584546,1.266758193,850141.0,3003444.39640088,10846008,47,205825,34304.1666666667,37277.2363751213,100333,117,11024312,1837385.33333333,4439938.78033023,10900241,47,0,0,0,0,152,148,0.6333790965,0.6333790965,0,1451,304.6,501.0671184012,251068.257142857,0,0,0,1,0,0,0,0,1,326.3571428571,233.7142857143,419.0,152,0,0,0,0,0,0,7,1636,7,2933,8192,13793,6,20,0.0,0.0,0,0,0.0,0.0,0,0,benign,benign,0
1248,42,1,1,2,6,2,2,2.0,0.0,6,6,6.0,0.0,190476.1905,47619.04762,42.0,0.0,42,42,0,0.0,0.0,0,0,0,0.0,0.0,0,0,0,0,0,0,24,20,23809.52381,23809.52381,2,6,3.333333333,2.309401077,5.333333333,0,0,0,1,0,0,0,0,1,5.0,2.0,6.0,24,0,0,0,0,0,0,1,2,1,6,1024,0,0,24,0.0,0.0,0,0,0.0,0.0,0,0,portscan,portscan,1
443,71433023,16,17,1259,7291,474,0,78.6875,151.5162120039,2996,0,428.8823529412,806.0152667872,119.6925405215,0.461971209,2232281.96875,3996239.72253376,10004863,3,66713711,4447580.73333333,4938589.15256588,10058574,4328,71379507,4461219.1875,4783633.22756484,10059127,3,0,0,0,0,344,424,0.2239860407,0.2379851683,0,2996,251.4705882353,598.3538648606,358027.347593583,0,0,0,1,0,0,0,0,1,259.0909090909,78.6875,428.8823529412,344,0,0,0,0,0,0,16,1259,17,7291,8192,247,14,20,118477.571428571,112767.525214276,320200,53525,9412052.57142857,1447590.81627773,10004863,6136508,benign,benign,0
443,601740,2,0,12,0,6,6,6.0,0.0,0,0,0.0,0.0,19.9421677136,3.3236946189,601740.0,0.0,601740,601740,601740,601740.0,0.0,601740,601740,0,0.0,0.0,0,0,0,0,0,0,40,0,3.3236946189,0.0,6,6,6.0,0.0,0.0,0,0,0,0,1,1,0,0,0,9.0,6.0,0.0,40,0,0,0,0,0,0,2,12,0,0,63522,-1,1,20,0.0,0.0,0,0,0.0,0.0,0,0,benign,benign,0
80,1302322,3,6,26,11601,20,0,8.666666667,10.26320288,4380,0,1933.5,1757.789948,8927.899552,6.91073329,162790.25,456871.4016,1293469,3,8003,4001.5,5654.732929,8000,3,1302273,260454.6,577484.2354,1293469,15,0,0,0,0,72,132,2.303577763,4.607155527,0,4380,1162.7,1645.241762,2706820.456,0,0,0,1,0,0,0,0,2,1291.888889,8.666666667,1933.5,72,0,0,0,0,0,0,3,26,6,11601,8192,229,2,20,0.0,0.0,0,0,0.0,0.0,0,0,ddos,ddos,1
80,1290885,3,5,26,11607,20,0,8.666666667,10.26320288,7215,0,2321.4,3327.769794,9011.647048,6.197298752,184412.1429,487391.927,1289713,3,961,480.5,409.4148263,770,191,1290838,322709.5,644669.1364,1289713,3,0,0,0,0,72,112,2.323987032,3.87331172,0,7215,1292.555556,2650.585648,7025604.278,0,0,0,1,0,0,0,0,1,1454.125,8.666666667,2321.4,72,0,0,0,0,0,0,3,26,5,11607,8192,229,2,20,0.0,0.0,0,0,0.0,0.0,0,0,ddos,ddos,1
53,49688,4,2,172,194,43,43,43.0,0.0,97,97,97.0,0.0,7365.9636129448,120.7535018516,9937.6,15738.7309462993,36031,1,36033,12011.0,20801.9301989022,36031,1,3,3.0,0.0,3,3,0,0,0,0,80,40,80.5023345677,40.2511672839,43,97,58.4285714286,26.3493019696,694.2857142857,0,0,0,0,0,0,0,0,0,68.1666666667,43.0,97.0,80,0,0,0,0,0,0,4,172,2,194,-1,-1,3,20,0.0,0.0,0,0,0.0,0.0,0,0,benign,benign,0
80,52334,3,4,26,11607,20,0,8.666666667,10.26320288,11595,0,2901.75,5795.50069,222283.7926,133.7562579,8722.333333,20815.0812,51206,5,1076,538.0,503.4600282,894,182,52289,17429.66667,29256.08231,51206,5,0,0,0,0,72,92,57.32411052,76.43214736,0,11595,1454.125,4097.537534,16800000.0,0,0,0,1,0,0,0,0,1,1661.857143,8.666666667,2901.75,72,0,0,0,0,0,0,3,26,4,11607,8192,229,2,20,0.0,0.0,0,0,0.0,0.0,0,0,ddos,ddos,1
2800,52,1,1,2,6,2,2,2.0,0.0,6,6,6.0,0.0,153846.1538,38461.53846,52.0,0.0,52,52,0,0.0,0.0,0,0,0,0.0,0.0,0,0,0,0,0,0,24,20,19230.76923,19230.76923,2,6,3.333333333,2.309401077,5.333333333,0,0,0,1,0,0,0,0,1,5.0,2.0,6.0,24,0,0,0,0,0,0,1,2,1,6,1024,0,0,24,0.0,0.0,0,0,0.0,0.0,0,0,portscan,portscan,1
443,5204187,8,6,371,4213,190,0,46.375,71.5899783489,1460,0,702.1666666667,700.7990915139,880.8292246224,2.690141611,400322.076923077,1293516.58093724,4698363,3,5204187,743455.285714286,1746758.97410277,4698363,3,236388,47277.6,82503.6536421267,191474,49,0,0,0,0,172,132,1.5372237777,1.1529178333,0,1460,305.6,538.9166116253,290431.114285714,0,0,0,1,0,0,0,0,0,327.4285714286,46.375,702.1666666667,172,0,0,0,0,0,0,8,371,6,4213,8192,946,7,20,0.0,0.0,0,0,0.0,0.0,0,0,benign,benign,0
80,2147967,4,0,24,0,6,6,6.0,0.0,0,0,0.0,0.0,11.17335602,1.862226003,715989.0,1240127.594,2147965,1,2147967,715989.0,1240127.594,2147965,1,0,0.0,0.0,0,0,0,0,0,0,80,0,1.862226003,0.0,6,6,6.0,0.0,0.0,0,0,0,0,1,0,0,0,0,7.5,6.0,0.0,80,0,0,0,0,0,0,4,24,0,0,256,-1,3,20,0.0,0.0,0,0,0.0,0.0,0,0,ddos,ddos,1
123,67023872,2,2,96,96,48,48,48.0,0.0,48,48,48.0,0.0,2.8646509709,0.0596802286,22341290.6666667,38650902.9283416,66971509,23770,67000102,67000102.0,0.0,67000102,67000102,66995279,66995279.0,0.0,66995279,66995279,0,0,0,0,40,40,0.0298401143,0.0298401143,48,48,48.0,0.0,0.0,0,0,0,0,0,0,0,0,1,60.0,48.0,48.0,40,0,0,0,0,0,0,2,96,2,96,-1,-1,1,20,28593.0,0.0,28593,28593,66971509.0,0.0,66971509,66971509,benign,benign,0
80,677497,3,5,26,11607,20,0,8.666666667,10.26320288,10135,0,2321.4,4413.201989,17170.55574,11.80817037,96785.28571,255600.291,676432,3,805,402.5,546.5935419,789,16,677410,169352.5,338053.1609,676432,3,0,0,0,0,72,112,4.428063888,7.38010648,0,10135,1292.555556,3350.634907,11200000.0,0,0,0,1,0,0,0,0,1,1454.125,8.666666667,2321.4,72,0,0,0,0,0,0,3,26,5,11607,8192,229,2,20,0.0,0.0,0,0,0.0,0.0,0,0,ddos,ddos,1
443,172362,7,8,929,6589,586,0,132.7142857143,214.3554013671,1472,0,823.625,713.8733255978,43617.5026978104,87.0261426533,12311.5714285714,16579.0739312418,36076,4,138362,23060.3333333333,26191.3731726053,64499,142,138860,19837.1428571429,25999.0011822799,62885,4,0,0,0,0,152,168,40.6121999049,46.4139427484,0,1472,469.875,625.067023073,390708.783333333,0,0,0,1,0,0,0,0,1,501.2,132.7142857143,823.625,152,0,0,0,0,0,0,7,929,8,6589,8192,31058,6,20,0.0,0.0,0,0,0.0,0.0,0,0,benign,benign,0
2717,55,1,1,2,6,2,2,2.0,0.0,6,6,6.0,0.0,145454.5455,36363.63636,55.0,0.0,55,55,0,0.0,0.0,0,0,0,0.0,0.0,0,0,0,0,0,0,24,20,18181.81818,18181.81818,2,6,3.333333333,2.309401077,5.333333333,0,0,0,1,0,0,0,0,1,5.0,2.0,6.0,24,0,0,0,0,0,0,1,2,1,6,1024,0,0,24,0.0,0.0,0,0,0.0,0.0,0,0,portscan,portscan,1
443,64972771,12,10,1817,6172,730,0,151.4166666667,268.7190010311,1556,0,617.2,761.1930401971,122.9592008628,0.338603382,3093941.47619048,10224056.7961415,45002403,2,64972771,5906615.54545455,13819614.6288141,45002403,417,61267189,6807465.44444444,15268470.5440613,45043604,2,0,0,0,0,252,224,0.1846927538,0.1539106282,0,1556,347.347826087,576.7685536044,332661.964426878,0,0,0,1,0,0,0,0,0,363.1363636364,151.4166666667,617.2,252,0,0,0,0,0,0,12,1817,10,6172,8192,121,11,20,198139.5,222101.532863913,355189,41090,30456099.0,20571580.399202,45002403,15909795,benign,benign,0
80,46131,4,0,24,0,6,6,6.0,0.0,0,0,0.0,0.0,520.2575275,86.70958791,15377.0,23189.16033,42128,989,46131,15377.0,23189.16033,42128,989,0,0.0,0.0,0,0,0,0,0,0,80,0,86.70958791,0.0,6,6,6.0,0.0,0.0,0,0,0,0,1,0,0,0,0,7.5,6.0,0.0,80,0,0,0,0,0,0,4,24,0,0,256,-1,3,20,0.0,0.0,0,0,0.0,0.0,0,0,ddos,ddos,1
53,61406,1,1,50,137,50,50,50.0,0.0,137,137,137.0,0.0,3045.3050190535,32.5701071557,61406.0,0.0,61406,61406,0,0.0,0.0,0,0,0,0.0,0.0,0,0,0,0,0,0,32,20,16.2850535778,16.2850535778,50,137,79.0,50.2294734195,2523.0,0,0,0,0,0,0,0,0,1,118.5,50.0,137.0,32,0,0,0,0,0,0,1,50,1,137,-1,-1,0,32,0.0,0.0,0,0,0.0,0.0,0,0,benign,benign,0
53,48501,2,2,124,288,62,62,62.0,0.0,144,144,144.0,0.0,8494.6702129853,82.4725263397,16167.0,27997.7353191289,48496,1,1,1.0,0.0,1,1,4,4.0,0.0,4,4,0,0,0,0,64,40,41.2362631698,41.2362631698,62,144,94.8,44.9132497154,2017.2,0,0,0,0,0,0,0,0,1,118.5,62.0,144.0,64,0,0,0,0,0,0,2,124,2,288,-1,-1,1,32,0.0,0.0,0,0,0.0,0.0,0,0,benign,benign,0
443,7560732,9,7,905,4678,342,0,100.5555555556,149.7022971693,1589,0,668.2857142857,716.4967351137,738.4205656278,2.1161972148,504048.8,1272850.9257937,5003981,2,2556751,319593.875,327407.745302589,918990,159,7419842,1236640.33333333,1923125.92029546,5004099,2,0,0,0,0,192,152,1.1903609333,0.9258362815,0,1589,328.4117647059,538.702846988,290200.757352941,0,0,0,1,0,0,0,0,0,348.9375,100.5555555556,668.2857142857,192,0,0,0,0,0,0,9,905,7,4678,8192,5255,8,20,0.0,0.0,0,0,0.0,0.0,0,0,benign,benign,0
443,5151989,8,5,390,3716,209,0,48.75,77.1357800987,1992,0,743.2,922.5688050222,796.9737513027,2.5232973129,429332.416666667,1435564.32318757,4987602,3,5151989,735998.428571429,1874911.73121358,4987602,3,90257,22564.25,24579.2098649109,45600,193,0,0,0,0,172,112,1.5527983464,0.9704989665,0,1992,293.2857142857,621.579554729,386361.142857143,0,0,0,1,0,0,0,0,0,315.8461538462,48.75,743.2,172,0,0,0,0,0,0,8,390,5,3716,8192,119,7,20,0.0,0.0,0,0,0.0,0.0,0,0,benign,benign,0
3369,67,1,1,2,6,2,2,2.0,0.0,6,6,6.0,0.0,119402.9851,29850.74627,67.0,0.0,67,67,0,0.0,0.0,0,0,0,0.0,0.0,0,0,0,0,0,0,24,20,14925.37313,14925.37313,2,6,3.333333333,2.309401077,5.333333333,0,0,0,1,0,0,0,0,1,5.0,2.0,6.0,24,0,0,0,0,0,0,1,2,1,6,1024,0,0,24,0.0,0.0,0,0,0.0,0.0,0,0,portscan,portscan,1
80,1121176,5,0,30,0,6,6,6.0,0.0,0,0,0.0,0.0,26.75761879,4.459603131,280294.0,559810.0076,1120009,274,1121176,280294.0,559810.0076,1120009,274,0,0.0,0.0,0,0,0,0,0,0,100,0,4.459603131,0.0,6,6,6.0,0.0,0.0,0,0,0,0,1,0,0,0,0,7.2,6.0,0.0,100,0,0,0,0,0,0,5,30,0,0,256,-1,4,20,0.0,0.0,0,0,0.0,0.0,0,0,ddos,ddos,1
6789,75,1,1,2,6,2,2,2.0,0.0,6,6,6.0,0.0,106666.6667,26666.66667,75.0,0.0,75,75,0,0.0,0.0,0,0,0,0.0,0.0,0,0,0,0,0,0,24,20,13333.33333,13333.33333,2,6,3.333333333,2.309401077,5.333333333,0,0,0,1,0,0,0,0,1,5.0,2.0,6.0,24,0,0,0,0,0,0,1,2,1,6,1024,0,0,24,0.0,0.0,0,0,0.0,0.0,0,0,portscan,portscan,1
2601,92,1,1,2,6,2,2,2.0,0.0,6,6,6.0,0.0,86956.52174,21739.13043,92.0,0.0,92,92,0,0.0,0.0,0,0,0,0.0,0.0,0,0,0,0,0,0,24,20,10869.56522,10869.56522,2,6,3.333333333,2.309401077,5.333333333,0,0,0,1,0,0,0,0,1,5.0,2.0,6.0,24,0,0,0,0,0,0,1,2,1,6,1024,0,0,24,0.0,0.0,0,0,0.0,0.0,0,0,portscan,portscan,1
51655,650340,2,0,12,0,6,6,6.0,0.0,0,0,0.0,0.0,18.4518867054,3.0753144509,650340.0,0.0,650340,650340,650340,650340.0,0.0,650340,650340,0,0.0,0.0,0,0,0,0,0,0,40,0,3.0753144509,0.0,6,6,6.0,0.0,0.0,0,0,0,0,1,0,0,0,0,9.0,6.0,0.0,40,0,0,0,0,0,0,2,12,0,0,11256,-1,1,20,0.0,0.0,0,0,0.0,0.0,0,0,benign,benign,0
53,30927,2,2,86,164,43,43,43.0,0.0,82,82,82.0,0.0,8083.5515892263,129.3368254276,10309.0,17849.649604404,30920,3,3,3.0,0.0,3,3,4,4.0,0.0,4,4,0,0,0,0,40,40,64.6684127138,64.6684127138,43,82,58.6,21.3611797427,456.3,0,0,0,0,0,0,0,0,1,73.25,43.0,82.0,40,0,0,0,0,0,0,2,86,2,164,-1,-1,1,20,0.0,0.0,0,0,0.0,0.0,0,0,benign,benign,0
443,1108390,142,228,2266,435296,485,0,15.9577464789,77.8015180839,4344,0,1909.1929824562,935.3580659258,394772.598092729,333.8175191043,3003.7669376694,23888.5404572826,408827,1,1108390,7860.9219858156,40908.6650829924,432666,1,1082330,4767.9735682819,30817.432635844,408827,1,0,0,0,0,4556,7304,128.1137505752,205.7037685291,0,4344,1179.4123989218,1179.1989538287,1390510.17271072,0,0,0,1,0,0,0,0,1,1182.6,15.9577464789,1909.1929824561,4556,0,0,0,0,0,0,142,2266,228,435296,65535,1073,9,32,0.0,0.0,0,0,0.0,0.0,0,0,benign,benign,0
6547,44,1,1,2,6,2,2,2.0,0.0,6,6,6.0,0.0,181818.1818,45454.54545,44.0,0.0,44,44,0,0.0,0.0,0,0,0,0.0,0.0,0,0,0,0,0,0,24,20,22727.27273,22727.27273,2,6,3.333333333,2.309401077,5.333333333,0,0,0,1,0,0,0,0,1,5.0,2.0,6.0,24,0,0,0,0,0,0,1,2,1,6,1024,0,0,24,0.0,0.0,0,0,0.0,0.0,0,0,portscan,portscan,1
443,320,2,0,0,0,0,0,0.0,0.0,0,0,0.0,0.0,0.0,6250.0,320.0,0.0,320,320,320,320.0,0.0,320,320,0,0.0,0.0,0,0,0,0,0,0,64,0,6250.0,0.0,0,0,0.0,0.0,0.0,0,0,0,0,1,0,0,0,0,0.0,0.0,0.0,64,0,0,0,0,0,0,2,0,0,0,373,-1,0,32,0.0,0.0,0,0,0.0,0.0,0,0,benign,benign,0
53,31262,2,2,88,200,44,44,44.0,0.0,100,100,100.0,0.0,9212.4624144329,127.9508668671,10420.6666666667,18004.9708784361,31211,3,48,48.0,0.0,48,48,3,3.0,0.0,3,3,0,0,0,0,64,40,63.9754334336,63.9754334336,44,100,66.4,30.6724632203,940.8,0,0,0,0,0,0,0,0,1,83.0,44.0,100.0,64,0,0,0,0,0,0,2,88,2,200,-1,-1,1,32,0.0,0.0,0,0,0.0,0.0,0,0,benign,benign,0
53,24119,2,2,100,264,50,50,50.0,0.0,132,132,132.0,0.0,15091.8363116215,165.8443550728,8039.6666666667,13880.9620824111,24068,3,3,3.0,0.0,3,3,48,48.0,0.0,48,48,0,0,0,0,40,40,82.9221775364,82.9221775364,50,132,82.8,44.9132497154,2017.2,0,0,0,0,0,0,0,0,1,103.5,50.0,132.0,40,0,0,0,0,0,0,2,100,2,264,-1,-1,1,20,0.0,0.0,0,0,0.0,0.0,0,0,benign,benign,0
1112,50,1,1,2,6,2,2,2.0,0.0,6,6,6.0,0.0,160000.0,40000.0,50.0,0.0,50,50,0,0.0,0.0,0,0,0,0.0,0.0,0,0,0,0,0,0,24,20,20000.0,20000.0,2,6,3.333333333,2.309401077,5.333333333,0,0,0,1,0,0,0,0,1,5.0,2.0,6.0,24,0,0,0,0,0,0,1,2,1,6,1024,0,0,24,0.0,0.0,0,0,0.0,0.0,0,0,portscan,portscan,1
53,24011,1,1,92,173,92,92,92.0,0.0,173,173,173.0,0.0,11036.6082212319,83.2951563867,24011.0,0.0,24011,24011,0,0.0,0.0,0,0,0,0.0,0.0,0,0,0,0,0,0,32,20,41.6475781933,41.6475781933,92,173,119.0,46.7653718044,2187.0,0,0,0,0,0,0,0,0,1,178.5,92.0,173.0,32,0,0,0,0,0,0,1,92,1,173,-1,-1,0,32,0.0,0.0,0,0,0.0,0.0,0,0,benign,benign,0
53,50627,1,1,55,110,55,55,55.0,0.0,110,110,110.0,0.0,3259.1305034863,39.5046121635,50627.0,0.0,50627,50627,0,0.0,0.0,0,0,0,0.0,0.0,0,0,0,0,0,0,20,20,19.7523060817,19.7523060817,55,110,73.3333333333,31.7542648054,1008.3333333333,0,0,0,0,0,0,0,0,1,110.0,55.0,110.0,20,0,0,0,0,0,0,1,55,1,110,-1,-1,0,20,0.0,0.0,0,0,0.0,0.0,0,0,benign,benign,0
443,10946625,7,8,590,4581,326,0,84.2857142857,138.0165621531,1460,2,572.625,735.9683489895,472.3830404348,1.3702853619,781901.785714286,2837573.37355408,10639937,2,10946625,1824437.5,4319006.65985501,10639937,281,178053,25436.1428571429,42790.2888649149,88458,2,0,0,0,0,152,164,0.6394665022,0.7308188597,0,1460,323.1875,571.988253813,327170.5625,0,0,0,1,0,0,0,0,1,344.7333333333,84.2857142857,572.625,152,0,0,0,0,0,0,7,590,8,4581,8192,34882,6,20,0.0,0.0,0,0,0.0,0.0,0,0,benign,benign,0
80,1087700,3,6,26,11607,20,0,8.666666667,10.26320288,5840,0,1934.5,2538.919278,10695.04459,8.274340351,135962.5,384086.5841,1086528,2,994,497.0,596.7981233,919,75,1087691,217538.2,485780.2727,1086528,2,0,0,0,0,72,132,2.75811345,5.516226901,0,5840,1163.3,2138.329153,4572451.567,0,0,0,1,0,0,0,0,2,1292.555556,8.666666667,1934.5,72,0,0,0,0,0,0,3,26,6,11607,8192,229,2,20,0.0,0.0,0,0,0.0,0.0,0,0,ddos,ddos,1
80,5208880,4,0,24,0,6,6,6.0,0.0,0,0,0.0,0.0,4.607516395,0.767919399,1736293.333,3004740.178,5205868,3,5208880,1736293.333,3004740.178,5205868,3,0,0.0,0.0,0,0,0,0,0,0,80,0,0.767919399,0.0,6,6,6.0,0.0,0.0,0,0,0,0,1,0,0,0,0,7.5,6.0,0.0,80,0,0,0,0,0,0,4,24,0,0,256,-1,3,20,3012.0,0.0,3012,3012,5205868.0,0.0,5205868,5205868,ddos,ddos,1
80,5212913,4,0,24,0,6,6,6.0,0.0,0,0,0.0,0.0,4.603951764,0.767325294,1737637.667,3007083.02,5209918,992,5212913,1737637.667,3007083.02,5209918,992,0,0.0,0.0,0,0,0,0,0,0,80,0,0.767325294,0.0,6,6,6.0,0.0,0.0,0,0,0,0,1,0,0,0,0,7.5,6.0,0.0,80,0,0,0,0,0,0,4,24,0,0,256,-1,3,20,2995.0,0.0,2995,2995,5209918.0,0.0,5209918,5209918,ddos,ddos,1
80,978849,2,6,20,11601,20,0,10.0,14.14213562,5840,0,1933.5,2189.772933,11872.10693,8.172864252,139835.5714,365709.1266,969150,47,9340,9340.0,0.0,9340,9340,978735,195747.0,432363.7708,969150,47,0,0,0,0,52,132,2.043216063,6.129648189,0,5840,1291.222222,1981.198108,3925145.944,0,0,0,1,0,0,0,0,3,1452.625,10.0,1933.5,52,0,0,0,0,0,0,2,20,6,11601,8192,229,1,20,0.0,0.0,0,0,0.0,0.0,0,0,ddos,ddos,1
3370,37,1,1,2,6,2,2,2.0,0.0,6,6,6.0,0.0,216216.2162,54054.05405,37.0,0.0,37,37,0,0.0,0.0,0,0,0,0.0,0.0,0,0,0,0,0,0,24,20,27027.02703,27027.02703,2,6,3.333333333,2.309401077,5.333333333,0,0,0,1,0,0,0,0,1,5.0,2.0,6.0,24,0,0,0,0,0,0,1,2,1,6,1024,0,0,24,0.0,0.0,0,0,0.0,0.0,0,0,portscan,portscan,1
53,27487653,2,2,96,240,49,47,48.0,1.4142135624,154,86,120.0,48.0832611207,12.2236700238,0.1455198812,9162551.0,15734795.1115378,27331420,24018,27463635,27463635.0,0.0,27463635,27463635,27355438,27355438.0,0.0,27355438,27355438,0,0,0,0,40,40,0.0727599406,0.0727599406,47,154,76.6,46.3497572809,2148.3,0,0,0,0,0,0,0,0,1,95.75,48.0,120.0,40,0,0,0,0,0,0,2,96,2,240,-1,-1,1,20,132215.0,0.0,132215,132215,27331420.0,0.0,27331420,27331420,benign,benign,0
443,6354966,11,12,755,5022,383,0,68.6363636364,123.5364502706,1432,0,418.5,562.1226815304,909.0528572458,3.6192168455,288862.090909091,1281698.37526946,6026265,3,6354966,635496.6,1901357.81296591,6046297,130,6209732,564521.090909091,1811677.87313388,6026268,3,0,0,0,0,232,252,1.7309297957,1.8882870498,0,1432,240.7083333333,436.9543284428,190929.085144928,0,0,0,1,0,0,0,0,1,251.1739130435,68.6363636364,418.5,232,0,0,0,0,0,0,11,755,12,5022,8192,66,10,20,234192.0,0.0,234192,234192,6026265.0,0.0,6026265,6026265,benign,benign,0
443,31999326,2,1,12,0,6,6,6.0,0.0,0,0,0.0,0.0,0.3750078986,0.0937519747,15999663.0,22594209.8493114,31976182,23144,31999326,31999326.0,0.0,31999326,31999326,0,0.0,0.0,0,0,0,0,0,0,40,32,0.0625013164,0.0312506582,0,6,4.5,3.0,9.0,0,0,0,0,1,0,0,0,0,6.0,6.0,0.0,40,0,0,0,0,0,0,2,12,1,0,256,1013,1,20,0.0,0.0,0,0,0.0,0.0,0,0,benign,benign,0
53,56696,1,1,55,83,55,55,55.0,0.0,83,83,83.0,0.0,2434.0341470298,35.2758572033,56696.0,0.0,56696,56696,0,0.0,0.0,0,0,0,0.0,0.0,0,0,0,0,0,0,20,20,17.6379286017,17.6379286017,55,83,64.3333333333,16.1658075373,261.3333333333,0,0,0,0,0,0,0,0,1,96.5,55.0,83.0,20,0,0,0,0,0,0,1,55,1,83,-1,-1,0,20,0.0,0.0,0,0,0.0,0.0,0,0,benign,benign,0
80,929791,3,5,26,11601,20,0,8.666666667,10.26320288,5840,0,2320.2,2436.833027,12504.96079,8.604084144,132827.2857,349060.6696,924413,3,4826,2413.0,3408.254685,4823,3,929681,232420.25,461333.7989,924413,192,0,0,0,0,72,112,3.226531554,5.37755259,0,5840,1291.888889,2110.95076,4456113.111,0,0,0,1,0,0,0,0,1,1453.375,8.666666667,2320.2,72,0,0,0,0,0,0,3,26,5,11601,8192,229,2,20,0.0,0.0,0,0,0.0,0.0,0,0,ddos,ddos,1
53,64338552,2,2,111,225,56,55,55.5,0.7071067812,116,109,112.5,4.9497474683,5.2223742928,0.0621711225,21446184.0,37081506.4154088,64264218,27611,64310941,64310941.0,0.0,64310941,64310941,64291829,64291829.0,0.0,64291829,64291829,0,0,0,0,52,40,0.0310855613,0.0310855613,55,116,78.2,31.4117812293,986.7,0,0,0,0,0,0,0,0,1,97.75,55.5,112.5,52,0,0,0,0,0,0,2,111,2,225,-1,-1,1,20,46723.0,0.0,46723,46723,64264218.0,0.0,64264218,64264218,benign,benign,0
80,566104,3,4,26,11607,20,0,8.666666667,10.26320288,11595,0,2901.75,5795.50069,20549.2277,12.36521911,94350.66667,230608.6066,565078,5,950,475.0,647.7098116,933,17,566056,188685.3333,325965.9705,565078,5,0,0,0,0,72,92,5.299379619,7.065839492,0,11595,1454.125,4097.537534,16800000.0,0,0,0,1,0,0,0,0,1,1661.857143,8.666666667,2901.75,72,0,0,0,0,0,0,3,26,4,11607,8192,229,2,20,0.0,0.0,0,0,0.0,0.0,0,0,ddos,ddos,1
